<gpx xmlns:ns3="http://www.garmin.com/xmlschemas/TrackPointExtension/v1" xmlns="http://www.topografix.com/GPX/1/1" xmlns:xsi="http://www.w3.org/2001/XMLSchema-instance" xmlns:ns2="http://www.garmin.com/xmlschemas/GpxExtensions/v3" creator="Garmin Connect" version="1.1" xsi:schemaLocation="http://www.topografix.com/GPX/1/1 http://www.topografix.com/GPX/11.xsd">
  <extensions>
<distance>3030.0</distance>
<average_hr>161.0</average_hr>
<average_speed>2.370261432795657</average_speed>
<start_time>2026-07-24T11:52:12+00:00</start_time>
<end_time>2026-07-24T12:13:30.340000+00:00</end_time>
<moving_time>1273.913</moving_time>
<elapsed_time>1339.917</elapsed_time>
</extensions>
<metadata>
    <link href="connect.garmin.com">
      <text>Garmin Connect</text>
    </link>
    <time>2026-07-24T11:52:12.000Z</time>
  </metadata>
  <trk>
    <name>杭州市 跑步</name>
    <type>running</type>
    <trkseg>
      <trkpt lat="29.99691543169319629669189453125" lon="120.2433013916015625">
        <ele>12.19999980926513671875</ele>
        <time>2026-07-24T11:52:12.000Z</time>
        <extensions>
          <ns3:TrackPointExtension>
            <ns3:hr>76</ns3:hr>
            <ns3:cad>0</ns3:cad>
          </ns3:TrackPointExtension>
        </extensions>
      </trkpt>
      <trkpt lat="29.9969165213406085968017578125" lon="120.24332745932042598724365234375">
        <ele>12.19999980926513671875</ele>
        <time>2026-07-24T11:52:13.000Z</time>
        <extensions>
          <ns3:TrackPointExtension>
            <ns3:hr>77</ns3:hr>
            <ns3:cad>0</ns3:cad>
          </ns3:TrackPointExtension>
        </extensions>
      </trkpt>
      <trkpt lat="29.99691392295062541961669921875" lon="120.24333936162292957305908203125">
        <ele>12.19999980926513671875</ele>
        <time>2026-07-24T11:52:14.000Z</time>
        <extensions>
          <ns3:TrackPointExtension>
            <ns3:hr>78</ns3:hr>
            <ns3:cad>0</ns3:cad>
          </ns3:TrackPointExtension>
        </extensions>
      </trkpt>
      <trkpt lat="29.9969131685793399810791015625" lon="120.2433595620095729827880859375">
        <ele>12.19999980926513671875</ele>
        <time>2026-07-24T11:52:15.000Z</time>
        <extensions>
          <ns3:TrackPointExtension>
            <ns3:hr>80</ns3:hr>
            <ns3:cad>0</ns3:cad>
          </ns3:TrackPointExtension>
        </extensions>
      </trkpt>
      <trkpt lat="29.9969136714935302734375" lon="120.24337942712008953094482421875">
        <ele>12.19999980926513671875</ele>
        <time>2026-07-24T11:52:16.000Z</time>
        <extensions>
          <ns3:TrackPointExtension>
            <ns3:hr>84</ns3:hr>
            <ns3:cad>0</ns3:cad>
          </ns3:TrackPointExtension>
        </extensions>
      </trkpt>
      <trkpt lat="29.996916353702545166015625" lon="120.24340675212442874908447265625">
        <ele>12.19999980926513671875</ele>
        <time>2026-07-24T11:52:17.000Z</time>
        <extensions>
          <ns3:TrackPointExtension>
            <ns3:hr>84</ns3:hr>
            <ns3:cad>0</ns3:cad>
          </ns3:TrackPointExtension>
        </extensions>
      </trkpt>
      <trkpt lat="29.99691593460738658905029296875" lon="120.24340406991541385650634765625">
        <ele>12.19999980926513671875</ele>
        <time>2026-07-24T11:52:18.000Z</time>
        <extensions>
          <ns3:TrackPointExtension>
            <ns3:hr>85</ns3:hr>
            <ns3:cad>55</ns3:cad>
          </ns3:TrackPointExtension>
        </extensions>
      </trkpt>
      <trkpt lat="29.99691911973059177398681640625" lon="120.24338227696716785430908203125">
        <ele>12</ele>
        <time>2026-07-24T11:52:19.000Z</time>
        <extensions>
          <ns3:TrackPointExtension>
            <ns3:hr>86</ns3:hr>
            <ns3:cad>55</ns3:cad>
          </ns3:TrackPointExtension>
        </extensions>
      </trkpt>
      <trkpt lat="29.99693471007049083709716796875" lon="120.24334288202226161956787109375">
        <ele>12.19999980926513671875</ele>
        <time>2026-07-24T11:53:17.000Z</time>
        <extensions>
          <ns3:TrackPointExtension>
            <ns3:hr>106</ns3:hr>
            <ns3:cad>0</ns3:cad>
          </ns3:TrackPointExtension>
        </extensions>
      </trkpt>
      <trkpt lat="29.99693253077566623687744140625" lon="120.24335394613444805145263671875">
        <ele>12.19999980926513671875</ele>
        <time>2026-07-24T11:53:18.000Z</time>
        <extensions>
          <ns3:TrackPointExtension>
            <ns3:hr>108</ns3:hr>
            <ns3:cad>0</ns3:cad>
          </ns3:TrackPointExtension>
        </extensions>
      </trkpt>
      <trkpt lat="29.99692833982408046722412109375" lon="120.24336316622793674468994140625">
        <ele>12.19999980926513671875</ele>
        <time>2026-07-24T11:53:19.000Z</time>
        <extensions>
          <ns3:TrackPointExtension>
            <ns3:hr>108</ns3:hr>
            <ns3:cad>0</ns3:cad>
          </ns3:TrackPointExtension>
        </extensions>
      </trkpt>
      <trkpt lat="29.99692649580538272857666015625" lon="120.24338110350072383880615234375">
        <ele>12.19999980926513671875</ele>
        <time>2026-07-24T11:53:20.000Z</time>
        <extensions>
          <ns3:TrackPointExtension>
            <ns3:hr>109</ns3:hr>
            <ns3:cad>0</ns3:cad>
          </ns3:TrackPointExtension>
        </extensions>
      </trkpt>
      <trkpt lat="29.99692146666347980499267578125" lon="120.24339862167835235595703125">
        <ele>12.19999980926513671875</ele>
        <time>2026-07-24T11:53:21.000Z</time>
        <extensions>
          <ns3:TrackPointExtension>
            <ns3:hr>109</ns3:hr>
            <ns3:cad>0</ns3:cad>
          </ns3:TrackPointExtension>
        </extensions>
      </trkpt>
      <trkpt lat="29.99691777862608432769775390625" lon="120.24341463111340999603271484375">
        <ele>12</ele>
        <time>2026-07-24T11:53:22.000Z</time>
        <extensions>
          <ns3:TrackPointExtension>
            <ns3:hr>110</ns3:hr>
            <ns3:cad>0</ns3:cad>
          </ns3:TrackPointExtension>
        </extensions>
      </trkpt>
      <trkpt lat="29.996916353702545166015625" lon="120.243440531194210052490234375">
        <ele>12</ele>
        <time>2026-07-24T11:53:23.000Z</time>
        <extensions>
          <ns3:TrackPointExtension>
            <ns3:hr>110</ns3:hr>
            <ns3:cad>0</ns3:cad>
          </ns3:TrackPointExtension>
        </extensions>
      </trkpt>
      <trkpt lat="29.99692431651055812835693359375" lon="120.24346743710339069366455078125">
        <ele>12</ele>
        <time>2026-07-24T11:53:24.000Z</time>
        <extensions>
          <ns3:TrackPointExtension>
            <ns3:hr>111</ns3:hr>
            <ns3:cad>0</ns3:cad>
          </ns3:TrackPointExtension>
        </extensions>
      </trkpt>
      <trkpt lat="29.9969339556992053985595703125" lon="120.243488140404224395751953125">
        <ele>12</ele>
        <time>2026-07-24T11:53:25.000Z</time>
        <extensions>
          <ns3:TrackPointExtension>
            <ns3:hr>111</ns3:hr>
            <ns3:cad>0</ns3:cad>
          </ns3:TrackPointExtension>
        </extensions>
      </trkpt>
      <trkpt lat="29.99695231206715106964111328125" lon="120.24351823143661022186279296875">
        <ele>12</ele>
        <time>2026-07-24T11:53:26.000Z</time>
        <extensions>
          <ns3:TrackPointExtension>
            <ns3:hr>112</ns3:hr>
            <ns3:cad>79</ns3:cad>
          </ns3:TrackPointExtension>
        </extensions>
      </trkpt>
      <trkpt lat="29.99697159044444561004638671875" lon="120.2435416169464588165283203125">
        <ele>11.80000019073486328125</ele>
        <time>2026-07-24T11:53:27.000Z</time>
        <extensions>
          <ns3:TrackPointExtension>
            <ns3:hr>114</ns3:hr>
            <ns3:cad>79</ns3:cad>
          </ns3:TrackPointExtension>
        </extensions>
      </trkpt>
      <trkpt lat="29.99698785133659839630126953125" lon="120.2435657568275928497314453125">
        <ele>11.80000019073486328125</ele>
        <time>2026-07-24T11:53:28.000Z</time>
        <extensions>
          <ns3:TrackPointExtension>
            <ns3:hr>117</ns3:hr>
            <ns3:cad>79</ns3:cad>
          </ns3:TrackPointExtension>
        </extensions>
      </trkpt>
      <trkpt lat="29.9970053695142269134521484375" lon="120.2435909025371074676513671875">
        <ele>11.80000019073486328125</ele>
        <time>2026-07-24T11:53:29.000Z</time>
        <extensions>
          <ns3:TrackPointExtension>
            <ns3:hr>121</ns3:hr>
            <ns3:cad>79</ns3:cad>
          </ns3:TrackPointExtension>
        </extensions>
      </trkpt>
      <trkpt lat="29.997020624577999114990234375" lon="120.24361093528568744659423828125">
        <ele>11.80000019073486328125</ele>
        <time>2026-07-24T11:53:30.000Z</time>
        <extensions>
          <ns3:TrackPointExtension>
            <ns3:hr>123</ns3:hr>
            <ns3:cad>80</ns3:cad>
          </ns3:TrackPointExtension>
        </extensions>
      </trkpt>
      <trkpt lat="29.9970456026494503021240234375" lon="120.2436194010078907012939453125">
        <ele>11.80000019073486328125</ele>
        <time>2026-07-24T11:53:31.000Z</time>
        <extensions>
          <ns3:TrackPointExtension>
            <ns3:hr>125</ns3:hr>
            <ns3:cad>80</ns3:cad>
          </ns3:TrackPointExtension>
        </extensions>
      </trkpt>
      <trkpt lat="29.9970794655382633209228515625" lon="120.243634320795536041259765625">
        <ele>11.80000019073486328125</ele>
        <time>2026-07-24T11:53:32.000Z</time>
        <extensions>
          <ns3:TrackPointExtension>
            <ns3:hr>124</ns3:hr>
            <ns3:cad>80</ns3:cad>
          </ns3:TrackPointExtension>
        </extensions>
      </trkpt>
      <trkpt lat="29.9970962293446063995361328125" lon="120.243644379079341888427734375">
        <ele>11.80000019073486328125</ele>
        <time>2026-07-24T11:53:33.000Z</time>
        <extensions>
          <ns3:TrackPointExtension>
            <ns3:hr>124</ns3:hr>
            <ns3:cad>81</ns3:cad>
          </ns3:TrackPointExtension>
        </extensions>
      </trkpt>
      <trkpt lat="29.997116513550281524658203125" lon="120.2436554431915283203125">
        <ele>12</ele>
        <time>2026-07-24T11:53:34.000Z</time>
        <extensions>
          <ns3:TrackPointExtension>
            <ns3:hr>125</ns3:hr>
            <ns3:cad>81</ns3:cad>
          </ns3:TrackPointExtension>
        </extensions>
      </trkpt>
      <trkpt lat="29.99713839031755924224853515625" lon="120.24367094971239566802978515625">
        <ele>12</ele>
        <time>2026-07-24T11:53:35.000Z</time>
        <extensions>
          <ns3:TrackPointExtension>
            <ns3:hr>125</ns3:hr>
            <ns3:cad>81</ns3:cad>
          </ns3:TrackPointExtension>
        </extensions>
      </trkpt>
      <trkpt lat="29.99715548940002918243408203125" lon="120.24368016980588436126708984375">
        <ele>12</ele>
        <time>2026-07-24T11:53:36.000Z</time>
        <extensions>
          <ns3:TrackPointExtension>
            <ns3:hr>126</ns3:hr>
            <ns3:cad>81</ns3:cad>
          </ns3:TrackPointExtension>
        </extensions>
      </trkpt>
      <trkpt lat="29.99717258848249912261962890625" lon="120.2436894737184047698974609375">
        <ele>12</ele>
        <time>2026-07-24T11:53:37.000Z</time>
        <extensions>
          <ns3:TrackPointExtension>
            <ns3:hr>126</ns3:hr>
            <ns3:cad>80</ns3:cad>
          </ns3:TrackPointExtension>
        </extensions>
      </trkpt>
      <trkpt lat="29.99719857238233089447021484375" lon="120.24369559250771999359130859375">
        <ele>12</ele>
        <time>2026-07-24T11:53:38.000Z</time>
        <extensions>
          <ns3:TrackPointExtension>
            <ns3:hr>127</ns3:hr>
            <ns3:cad>80</ns3:cad>
          </ns3:TrackPointExtension>
        </extensions>
      </trkpt>
      <trkpt lat="29.99721718020737171173095703125" lon="120.2436951734125614166259765625">
        <ele>12</ele>
        <time>2026-07-24T11:53:39.000Z</time>
        <extensions>
          <ns3:TrackPointExtension>
            <ns3:hr>129</ns3:hr>
            <ns3:cad>80</ns3:cad>
          </ns3:TrackPointExtension>
        </extensions>
      </trkpt>
      <trkpt lat="29.99724148772656917572021484375" lon="120.2436938323080539703369140625">
        <ele>12</ele>
        <time>2026-07-24T11:53:40.000Z</time>
        <extensions>
          <ns3:TrackPointExtension>
            <ns3:hr>130</ns3:hr>
            <ns3:cad>80</ns3:cad>
          </ns3:TrackPointExtension>
        </extensions>
      </trkpt>
      <trkpt lat="29.99727032147347927093505859375" lon="120.24369726888835430145263671875">
        <ele>12</ele>
        <time>2026-07-24T11:53:41.000Z</time>
        <extensions>
          <ns3:TrackPointExtension>
            <ns3:hr>131</ns3:hr>
            <ns3:cad>80</ns3:cad>
          </ns3:TrackPointExtension>
        </extensions>
      </trkpt>
      <trkpt lat="29.9972930364310741424560546875" lon="120.24369559250771999359130859375">
        <ele>12</ele>
        <time>2026-07-24T11:53:42.000Z</time>
        <extensions>
          <ns3:TrackPointExtension>
            <ns3:hr>132</ns3:hr>
            <ns3:cad>81</ns3:cad>
          </ns3:TrackPointExtension>
        </extensions>
      </trkpt>
      <trkpt lat="29.99732128344476222991943359375" lon="120.24369576014578342437744140625">
        <ele>12</ele>
        <time>2026-07-24T11:53:43.000Z</time>
        <extensions>
          <ns3:TrackPointExtension>
            <ns3:hr>134</ns3:hr>
            <ns3:cad>81</ns3:cad>
          </ns3:TrackPointExtension>
        </extensions>
      </trkpt>
      <trkpt lat="29.997347183525562286376953125" lon="120.24369559250771999359130859375">
        <ele>12</ele>
        <time>2026-07-24T11:53:44.000Z</time>
        <extensions>
          <ns3:TrackPointExtension>
            <ns3:hr>134</ns3:hr>
            <ns3:cad>81</ns3:cad>
          </ns3:TrackPointExtension>
        </extensions>
      </trkpt>
      <trkpt lat="29.99736973084509372711181640625" lon="120.2436938323080539703369140625">
        <ele>12</ele>
        <time>2026-07-24T11:53:45.000Z</time>
        <extensions>
          <ns3:TrackPointExtension>
            <ns3:hr>134</ns3:hr>
            <ns3:cad>80</ns3:cad>
          </ns3:TrackPointExtension>
        </extensions>
      </trkpt>
      <trkpt lat="29.99739856459200382232666015625" lon="120.2436931617558002471923828125">
        <ele>11.80000019073486328125</ele>
        <time>2026-07-24T11:53:46.000Z</time>
        <extensions>
          <ns3:TrackPointExtension>
            <ns3:hr>135</ns3:hr>
            <ns3:cad>80</ns3:cad>
          </ns3:TrackPointExtension>
        </extensions>
      </trkpt>
      <trkpt lat="29.99742253683507442474365234375" lon="120.24369341321289539337158203125">
        <ele>11.80000019073486328125</ele>
        <time>2026-07-24T11:53:47.000Z</time>
        <extensions>
          <ns3:TrackPointExtension>
            <ns3:hr>135</ns3:hr>
            <ns3:cad>80</ns3:cad>
          </ns3:TrackPointExtension>
        </extensions>
      </trkpt>
      <trkpt lat="29.997446425259113311767578125" lon="120.2436908148229122161865234375">
        <ele>11.80000019073486328125</ele>
        <time>2026-07-24T11:53:48.000Z</time>
        <extensions>
          <ns3:TrackPointExtension>
            <ns3:hr>136</ns3:hr>
            <ns3:cad>80</ns3:cad>
          </ns3:TrackPointExtension>
        </extensions>
      </trkpt>
      <trkpt lat="29.99747090041637420654296875" lon="120.243690311908721923828125">
        <ele>11.80000019073486328125</ele>
        <time>2026-07-24T11:53:49.000Z</time>
        <extensions>
          <ns3:TrackPointExtension>
            <ns3:hr>136</ns3:hr>
            <ns3:cad>81</ns3:cad>
          </ns3:TrackPointExtension>
        </extensions>
      </trkpt>
      <trkpt lat="29.99749260954558849334716796875" lon="120.2436861209571361541748046875">
        <ele>11.80000019073486328125</ele>
        <time>2026-07-24T11:53:50.000Z</time>
        <extensions>
          <ns3:TrackPointExtension>
            <ns3:hr>136</ns3:hr>
            <ns3:cad>82</ns3:cad>
          </ns3:TrackPointExtension>
        </extensions>
      </trkpt>
      <trkpt lat="29.997516162693500518798828125" lon="120.24368788115680217742919921875">
        <ele>11.80000019073486328125</ele>
        <time>2026-07-24T11:53:51.000Z</time>
        <extensions>
          <ns3:TrackPointExtension>
            <ns3:hr>136</ns3:hr>
            <ns3:cad>85</ns3:cad>
          </ns3:TrackPointExtension>
        </extensions>
      </trkpt>
      <trkpt lat="29.99753552488982677459716796875" lon="120.243687964975833892822265625">
        <ele>11.80000019073486328125</ele>
        <time>2026-07-24T11:53:52.000Z</time>
        <extensions>
          <ns3:TrackPointExtension>
            <ns3:hr>137</ns3:hr>
            <ns3:cad>87</ns3:cad>
          </ns3:TrackPointExtension>
        </extensions>
      </trkpt>
      <trkpt lat="29.997557066380977630615234375" lon="120.24368821643292903900146484375">
        <ele>11.80000019073486328125</ele>
        <time>2026-07-24T11:53:53.000Z</time>
        <extensions>
          <ns3:TrackPointExtension>
            <ns3:hr>137</ns3:hr>
            <ns3:cad>87</ns3:cad>
          </ns3:TrackPointExtension>
        </extensions>
      </trkpt>
      <trkpt lat="29.99757810495793819427490234375" lon="120.2436871267855167388916015625">
        <ele>11.80000019073486328125</ele>
        <time>2026-07-24T11:53:54.000Z</time>
        <extensions>
          <ns3:TrackPointExtension>
            <ns3:hr>137</ns3:hr>
            <ns3:cad>88</ns3:cad>
          </ns3:TrackPointExtension>
        </extensions>
      </trkpt>
      <trkpt lat="29.99760258011519908905029296875" lon="120.24368989281356334686279296875">
        <ele>11.80000019073486328125</ele>
        <time>2026-07-24T11:53:55.000Z</time>
        <extensions>
          <ns3:TrackPointExtension>
            <ns3:hr>138</ns3:hr>
            <ns3:cad>88</ns3:cad>
          </ns3:TrackPointExtension>
        </extensions>
      </trkpt>
      <trkpt lat="29.99762051738798618316650390625" lon="120.243689306080341339111328125">
        <ele>11.80000019073486328125</ele>
        <time>2026-07-24T11:53:56.000Z</time>
        <extensions>
          <ns3:TrackPointExtension>
            <ns3:hr>137</ns3:hr>
            <ns3:cad>88</ns3:cad>
          </ns3:TrackPointExtension>
        </extensions>
      </trkpt>
      <trkpt lat="29.99764448963105678558349609375" lon="120.24369576014578342437744140625">
        <ele>12</ele>
        <time>2026-07-24T11:53:57.000Z</time>
        <extensions>
          <ns3:TrackPointExtension>
            <ns3:hr>137</ns3:hr>
            <ns3:cad>88</ns3:cad>
          </ns3:TrackPointExtension>
        </extensions>
      </trkpt>
      <trkpt lat="29.99766494147479534149169921875" lon="120.243692658841609954833984375">
        <ele>12</ele>
        <time>2026-07-24T11:53:58.000Z</time>
        <extensions>
          <ns3:TrackPointExtension>
            <ns3:hr>137</ns3:hr>
            <ns3:cad>88</ns3:cad>
          </ns3:TrackPointExtension>
        </extensions>
      </trkpt>
      <trkpt lat="29.9976928532123565673828125" lon="120.24369944818317890167236328125">
        <ele>12</ele>
        <time>2026-07-24T11:53:59.000Z</time>
        <extensions>
          <ns3:TrackPointExtension>
            <ns3:hr>138</ns3:hr>
            <ns3:cad>89</ns3:cad>
          </ns3:TrackPointExtension>
        </extensions>
      </trkpt>
      <trkpt lat="29.99770802445709705352783203125" lon="120.24369911290705204010009765625">
        <ele>12</ele>
        <time>2026-07-24T11:54:00.000Z</time>
        <extensions>
          <ns3:TrackPointExtension>
            <ns3:hr>138</ns3:hr>
            <ns3:cad>89</ns3:cad>
          </ns3:TrackPointExtension>
        </extensions>
      </trkpt>
      <trkpt lat="29.9977290630340576171875" lon="120.24370179511606693267822265625">
        <ele>12</ele>
        <time>2026-07-24T11:54:01.000Z</time>
        <extensions>
          <ns3:TrackPointExtension>
            <ns3:hr>138</ns3:hr>
            <ns3:cad>89</ns3:cad>
          </ns3:TrackPointExtension>
        </extensions>
      </trkpt>
      <trkpt lat="29.997746832668781280517578125" lon="120.24370439350605010986328125">
        <ele>12</ele>
        <time>2026-07-24T11:54:02.000Z</time>
        <extensions>
          <ns3:TrackPointExtension>
            <ns3:hr>138</ns3:hr>
            <ns3:cad>89</ns3:cad>
          </ns3:TrackPointExtension>
        </extensions>
      </trkpt>
      <trkpt lat="29.99776854179799556732177734375" lon="120.24370481260120868682861328125">
        <ele>12</ele>
        <time>2026-07-24T11:54:03.000Z</time>
        <extensions>
          <ns3:TrackPointExtension>
            <ns3:hr>139</ns3:hr>
            <ns3:cad>89</ns3:cad>
          </ns3:TrackPointExtension>
        </extensions>
      </trkpt>
      <trkpt lat="29.99779251404106616973876953125" lon="120.24370766244828701019287109375">
        <ele>11.80000019073486328125</ele>
        <time>2026-07-24T11:54:04.000Z</time>
        <extensions>
          <ns3:TrackPointExtension>
            <ns3:hr>139</ns3:hr>
            <ns3:cad>89</ns3:cad>
          </ns3:TrackPointExtension>
        </extensions>
      </trkpt>
      <trkpt lat="29.99781279824674129486083984375" lon="120.243708752095699310302734375">
        <ele>11.80000019073486328125</ele>
        <time>2026-07-24T11:54:05.000Z</time>
        <extensions>
          <ns3:TrackPointExtension>
            <ns3:hr>139</ns3:hr>
            <ns3:cad>85</ns3:cad>
          </ns3:TrackPointExtension>
        </extensions>
      </trkpt>
      <trkpt lat="29.9978371895849704742431640625" lon="120.243716128170490264892578125">
        <ele>12</ele>
        <time>2026-07-24T11:54:06.000Z</time>
        <extensions>
          <ns3:TrackPointExtension>
            <ns3:hr>139</ns3:hr>
            <ns3:cad>85</ns3:cad>
          </ns3:TrackPointExtension>
        </extensions>
      </trkpt>
      <trkpt lat="29.99785437248647212982177734375" lon="120.24371939711272716522216796875">
        <ele>12</ele>
        <time>2026-07-24T11:54:07.000Z</time>
        <extensions>
          <ns3:TrackPointExtension>
            <ns3:hr>139</ns3:hr>
            <ns3:cad>85</ns3:cad>
          </ns3:TrackPointExtension>
        </extensions>
      </trkpt>
      <trkpt lat="29.9978754110634326934814453125" lon="120.24371788837015628814697265625">
        <ele>12</ele>
        <time>2026-07-24T11:54:08.000Z</time>
        <extensions>
          <ns3:TrackPointExtension>
            <ns3:hr>140</ns3:hr>
            <ns3:cad>85</ns3:cad>
          </ns3:TrackPointExtension>
        </extensions>
      </trkpt>
      <trkpt lat="29.997899718582630157470703125" lon="120.24371772073209285736083984375">
        <ele>12</ele>
        <time>2026-07-24T11:54:09.000Z</time>
        <extensions>
          <ns3:TrackPointExtension>
            <ns3:hr>140</ns3:hr>
            <ns3:cad>85</ns3:cad>
          </ns3:TrackPointExtension>
        </extensions>
      </trkpt>
      <trkpt lat="29.997921846807003021240234375" lon="120.24371285922825336456298828125">
        <ele>12</ele>
        <time>2026-07-24T11:54:10.000Z</time>
        <extensions>
          <ns3:TrackPointExtension>
            <ns3:hr>140</ns3:hr>
            <ns3:cad>85</ns3:cad>
          </ns3:TrackPointExtension>
        </extensions>
      </trkpt>
      <trkpt lat="29.99794489704072475433349609375" lon="120.2437105961143970489501953125">
        <ele>12</ele>
        <time>2026-07-24T11:54:11.000Z</time>
        <extensions>
          <ns3:TrackPointExtension>
            <ns3:hr>140</ns3:hr>
            <ns3:cad>85</ns3:cad>
          </ns3:TrackPointExtension>
        </extensions>
      </trkpt>
      <trkpt lat="29.99796333722770214080810546875" lon="120.2437085844576358795166015625">
        <ele>12</ele>
        <time>2026-07-24T11:54:12.000Z</time>
        <extensions>
          <ns3:TrackPointExtension>
            <ns3:hr>140</ns3:hr>
            <ns3:cad>85</ns3:cad>
          </ns3:TrackPointExtension>
        </extensions>
      </trkpt>
      <trkpt lat="29.99798680655658245086669921875" lon="120.24370573461055755615234375">
        <ele>12</ele>
        <time>2026-07-24T11:54:13.000Z</time>
        <extensions>
          <ns3:TrackPointExtension>
            <ns3:hr>140</ns3:hr>
            <ns3:cad>84</ns3:cad>
          </ns3:TrackPointExtension>
        </extensions>
      </trkpt>
      <trkpt lat="29.99800977297127246856689453125" lon="120.2437059022486209869384765625">
        <ele>11.80000019073486328125</ele>
        <time>2026-07-24T11:54:14.000Z</time>
        <extensions>
          <ns3:TrackPointExtension>
            <ns3:hr>140</ns3:hr>
            <ns3:cad>84</ns3:cad>
          </ns3:TrackPointExtension>
        </extensions>
      </trkpt>
      <trkpt lat="29.99803374521434307098388671875" lon="120.2437042258679866790771484375">
        <ele>11.80000019073486328125</ele>
        <time>2026-07-24T11:54:15.000Z</time>
        <extensions>
          <ns3:TrackPointExtension>
            <ns3:hr>139</ns3:hr>
            <ns3:cad>84</ns3:cad>
          </ns3:TrackPointExtension>
        </extensions>
      </trkpt>
      <trkpt lat="29.99806190840899944305419921875" lon="120.2437025494873523712158203125">
        <ele>11.80000019073486328125</ele>
        <time>2026-07-24T11:54:16.000Z</time>
        <extensions>
          <ns3:TrackPointExtension>
            <ns3:hr>140</ns3:hr>
            <ns3:cad>84</ns3:cad>
          </ns3:TrackPointExtension>
        </extensions>
      </trkpt>
      <trkpt lat="29.99808185733854770660400390625" lon="120.24370171129703521728515625">
        <ele>11.80000019073486328125</ele>
        <time>2026-07-24T11:54:17.000Z</time>
        <extensions>
          <ns3:TrackPointExtension>
            <ns3:hr>140</ns3:hr>
            <ns3:cad>84</ns3:cad>
          </ns3:TrackPointExtension>
        </extensions>
      </trkpt>
      <trkpt lat="29.99810331501066684722900390625" lon="120.24369643069803714752197265625">
        <ele>12</ele>
        <time>2026-07-24T11:54:18.000Z</time>
        <extensions>
          <ns3:TrackPointExtension>
            <ns3:hr>139</ns3:hr>
            <ns3:cad>84</ns3:cad>
          </ns3:TrackPointExtension>
        </extensions>
      </trkpt>
      <trkpt lat="29.9981218390166759490966796875" lon="120.243693329393863677978515625">
        <ele>12</ele>
        <time>2026-07-24T11:54:19.000Z</time>
        <extensions>
          <ns3:TrackPointExtension>
            <ns3:hr>140</ns3:hr>
            <ns3:cad>84</ns3:cad>
          </ns3:TrackPointExtension>
        </extensions>
      </trkpt>
      <trkpt lat="29.99813332222402095794677734375" lon="120.24369140155613422393798828125">
        <ele>12.19999980926513671875</ele>
        <time>2026-07-24T11:54:20.000Z</time>
        <extensions>
          <ns3:TrackPointExtension>
            <ns3:hr>140</ns3:hr>
            <ns3:cad>83</ns3:cad>
          </ns3:TrackPointExtension>
        </extensions>
      </trkpt>
      <trkpt lat="29.9981526844203472137451171875" lon="120.24368721060454845428466796875">
        <ele>12.19999980926513671875</ele>
        <time>2026-07-24T11:54:21.000Z</time>
        <extensions>
          <ns3:TrackPointExtension>
            <ns3:hr>139</ns3:hr>
            <ns3:cad>81</ns3:cad>
          </ns3:TrackPointExtension>
        </extensions>
      </trkpt>
      <trkpt lat="29.99817020259797573089599609375" lon="120.24369324557483196258544921875">
        <ele>12.19999980926513671875</ele>
        <time>2026-07-24T11:54:22.000Z</time>
        <extensions>
          <ns3:TrackPointExtension>
            <ns3:hr>139</ns3:hr>
            <ns3:cad>81</ns3:cad>
          </ns3:TrackPointExtension>
        </extensions>
      </trkpt>
      <trkpt lat="29.9981821887195110321044921875" lon="120.24369894526898860931396484375">
        <ele>12</ele>
        <time>2026-07-24T11:54:23.000Z</time>
        <extensions>
          <ns3:TrackPointExtension>
            <ns3:hr>139</ns3:hr>
            <ns3:cad>81</ns3:cad>
          </ns3:TrackPointExtension>
        </extensions>
      </trkpt>
      <trkpt lat="29.9982023052871227264404296875" lon="120.2437055669724941253662109375">
        <ele>12</ele>
        <time>2026-07-24T11:54:24.000Z</time>
        <extensions>
          <ns3:TrackPointExtension>
            <ns3:hr>139</ns3:hr>
            <ns3:cad>81</ns3:cad>
          </ns3:TrackPointExtension>
        </extensions>
      </trkpt>
      <trkpt lat="29.9982264451682567596435546875" lon="120.243715457618236541748046875">
        <ele>11.80000019073486328125</ele>
        <time>2026-07-24T11:54:25.000Z</time>
        <extensions>
          <ns3:TrackPointExtension>
            <ns3:hr>138</ns3:hr>
            <ns3:cad>81</ns3:cad>
          </ns3:TrackPointExtension>
        </extensions>
      </trkpt>
      <trkpt lat="29.99823709018528461456298828125" lon="120.24371503852307796478271484375">
        <ele>11.80000019073486328125</ele>
        <time>2026-07-24T11:54:26.000Z</time>
        <extensions>
          <ns3:TrackPointExtension>
            <ns3:hr>138</ns3:hr>
            <ns3:cad>80</ns3:cad>
          </ns3:TrackPointExtension>
        </extensions>
      </trkpt>
      <trkpt lat="29.998253770172595977783203125" lon="120.2437198162078857421875">
        <ele>12</ele>
        <time>2026-07-24T11:54:27.000Z</time>
        <extensions>
          <ns3:TrackPointExtension>
            <ns3:hr>139</ns3:hr>
            <ns3:cad>80</ns3:cad>
          </ns3:TrackPointExtension>
        </extensions>
      </trkpt>
      <trkpt lat="29.998268187046051025390625" lon="120.24372358806431293487548828125">
        <ele>12</ele>
        <time>2026-07-24T11:54:28.000Z</time>
        <extensions>
          <ns3:TrackPointExtension>
            <ns3:hr>139</ns3:hr>
            <ns3:cad>80</ns3:cad>
          </ns3:TrackPointExtension>
        </extensions>
      </trkpt>
      <trkpt lat="29.9982844479382038116455078125" lon="120.24372048676013946533203125">
        <ele>12</ele>
        <time>2026-07-24T11:54:29.000Z</time>
        <extensions>
          <ns3:TrackPointExtension>
            <ns3:hr>139</ns3:hr>
            <ns3:cad>80</ns3:cad>
          </ns3:TrackPointExtension>
        </extensions>
      </trkpt>
      <trkpt lat="29.99830230139195919036865234375" lon="120.24372325278818607330322265625">
        <ele>12</ele>
        <time>2026-07-24T11:54:30.000Z</time>
        <extensions>
          <ns3:TrackPointExtension>
            <ns3:hr>139</ns3:hr>
            <ns3:cad>81</ns3:cad>
          </ns3:TrackPointExtension>
        </extensions>
      </trkpt>
      <trkpt lat="29.9983156286180019378662109375" lon="120.24372610263526439666748046875">
        <ele>12</ele>
        <time>2026-07-24T11:54:31.000Z</time>
        <extensions>
          <ns3:TrackPointExtension>
            <ns3:hr>139</ns3:hr>
            <ns3:cad>81</ns3:cad>
          </ns3:TrackPointExtension>
        </extensions>
      </trkpt>
      <trkpt lat="29.99833398498594760894775390625" lon="120.2437280304729938507080078125">
        <ele>12</ele>
        <time>2026-07-24T11:54:32.000Z</time>
        <extensions>
          <ns3:TrackPointExtension>
            <ns3:hr>138</ns3:hr>
            <ns3:cad>82</ns3:cad>
          </ns3:TrackPointExtension>
        </extensions>
      </trkpt>
      <trkpt lat="29.9983553588390350341796875" lon="120.2437313832342624664306640625">
        <ele>12</ele>
        <time>2026-07-24T11:54:33.000Z</time>
        <extensions>
          <ns3:TrackPointExtension>
            <ns3:hr>139</ns3:hr>
            <ns3:cad>82</ns3:cad>
          </ns3:TrackPointExtension>
        </extensions>
      </trkpt>
      <trkpt lat="29.9983739666640758514404296875" lon="120.24372861720621585845947265625">
        <ele>12</ele>
        <time>2026-07-24T11:54:34.000Z</time>
        <extensions>
          <ns3:TrackPointExtension>
            <ns3:hr>139</ns3:hr>
            <ns3:cad>83</ns3:cad>
          </ns3:TrackPointExtension>
        </extensions>
      </trkpt>
      <trkpt lat="29.998402632772922515869140625" lon="120.243731550872325897216796875">
        <ele>12</ele>
        <time>2026-07-24T11:54:35.000Z</time>
        <extensions>
          <ns3:TrackPointExtension>
            <ns3:hr>139</ns3:hr>
            <ns3:cad>83</ns3:cad>
          </ns3:TrackPointExtension>
        </extensions>
      </trkpt>
      <trkpt lat="29.99842199496924877166748046875" lon="120.2437354065477848052978515625">
        <ele>12.19999980926513671875</ele>
        <time>2026-07-24T11:54:36.000Z</time>
        <extensions>
          <ns3:TrackPointExtension>
            <ns3:hr>139</ns3:hr>
            <ns3:cad>83</ns3:cad>
          </ns3:TrackPointExtension>
        </extensions>
      </trkpt>
      <trkpt lat="29.998440854251384735107421875" lon="120.24373331107199192047119140625">
        <ele>12.19999980926513671875</ele>
        <time>2026-07-24T11:54:37.000Z</time>
        <extensions>
          <ns3:TrackPointExtension>
            <ns3:hr>140</ns3:hr>
            <ns3:cad>83</ns3:cad>
          </ns3:TrackPointExtension>
        </extensions>
      </trkpt>
      <trkpt lat="29.99846390448510646820068359375" lon="120.243733562529087066650390625">
        <ele>12.19999980926513671875</ele>
        <time>2026-07-24T11:54:38.000Z</time>
        <extensions>
          <ns3:TrackPointExtension>
            <ns3:hr>140</ns3:hr>
            <ns3:cad>83</ns3:cad>
          </ns3:TrackPointExtension>
        </extensions>
      </trkpt>
      <trkpt lat="29.99848117120563983917236328125" lon="120.2437283657491207122802734375">
        <ele>12.19999980926513671875</ele>
        <time>2026-07-24T11:54:39.000Z</time>
        <extensions>
          <ns3:TrackPointExtension>
            <ns3:hr>140</ns3:hr>
            <ns3:cad>83</ns3:cad>
          </ns3:TrackPointExtension>
        </extensions>
      </trkpt>
      <trkpt lat="29.99850765801966190338134765625" lon="120.243729539215564727783203125">
        <ele>12.19999980926513671875</ele>
        <time>2026-07-24T11:54:40.000Z</time>
        <extensions>
          <ns3:TrackPointExtension>
            <ns3:hr>141</ns3:hr>
            <ns3:cad>84</ns3:cad>
          </ns3:TrackPointExtension>
        </extensions>
      </trkpt>
      <trkpt lat="29.99853045679628849029541015625" lon="120.24373012594878673553466796875">
        <ele>12.19999980926513671875</ele>
        <time>2026-07-24T11:54:41.000Z</time>
        <extensions>
          <ns3:TrackPointExtension>
            <ns3:hr>141</ns3:hr>
            <ns3:cad>84</ns3:cad>
          </ns3:TrackPointExtension>
        </extensions>
      </trkpt>
      <trkpt lat="29.99855107627809047698974609375" lon="120.2437300421297550201416015625">
        <ele>12.19999980926513671875</ele>
        <time>2026-07-24T11:54:42.000Z</time>
        <extensions>
          <ns3:TrackPointExtension>
            <ns3:hr>141</ns3:hr>
            <ns3:cad>84</ns3:cad>
          </ns3:TrackPointExtension>
        </extensions>
      </trkpt>
      <trkpt lat="29.99857328832149505615234375" lon="120.243732221424579620361328125">
        <ele>12.19999980926513671875</ele>
        <time>2026-07-24T11:54:43.000Z</time>
        <extensions>
          <ns3:TrackPointExtension>
            <ns3:hr>141</ns3:hr>
            <ns3:cad>84</ns3:cad>
          </ns3:TrackPointExtension>
        </extensions>
      </trkpt>
      <trkpt lat="29.9985868670046329498291015625" lon="120.2437340654432773590087890625">
        <ele>12.19999980926513671875</ele>
        <time>2026-07-24T11:54:44.000Z</time>
        <extensions>
          <ns3:TrackPointExtension>
            <ns3:hr>141</ns3:hr>
            <ns3:cad>84</ns3:cad>
          </ns3:TrackPointExtension>
        </extensions>
      </trkpt>
      <trkpt lat="29.99860891140997409820556640625" lon="120.243733562529087066650390625">
        <ele>12.19999980926513671875</ele>
        <time>2026-07-24T11:54:45.000Z</time>
        <extensions>
          <ns3:TrackPointExtension>
            <ns3:hr>141</ns3:hr>
            <ns3:cad>84</ns3:cad>
          </ns3:TrackPointExtension>
        </extensions>
      </trkpt>
      <trkpt lat="29.998619556427001953125" lon="120.2437293715775012969970703125">
        <ele>12.19999980926513671875</ele>
        <time>2026-07-24T11:54:46.000Z</time>
        <extensions>
          <ns3:TrackPointExtension>
            <ns3:hr>141</ns3:hr>
            <ns3:cad>84</ns3:cad>
          </ns3:TrackPointExtension>
        </extensions>
      </trkpt>
      <trkpt lat="29.9986364878714084625244140625" lon="120.24372375570237636566162109375">
        <ele>12.19999980926513671875</ele>
        <time>2026-07-24T11:54:47.000Z</time>
        <extensions>
          <ns3:TrackPointExtension>
            <ns3:hr>141</ns3:hr>
            <ns3:cad>84</ns3:cad>
          </ns3:TrackPointExtension>
        </extensions>
      </trkpt>
      <trkpt lat="29.99866037629544734954833984375" lon="120.2437142841517925262451171875">
        <ele>12.19999980926513671875</ele>
        <time>2026-07-24T11:54:48.000Z</time>
        <extensions>
          <ns3:TrackPointExtension>
            <ns3:hr>140</ns3:hr>
            <ns3:cad>83</ns3:cad>
          </ns3:TrackPointExtension>
        </extensions>
      </trkpt>
      <trkpt lat="29.99867898412048816680908203125" lon="120.243706740438938140869140625">
        <ele>12.19999980926513671875</ele>
        <time>2026-07-24T11:54:49.000Z</time>
        <extensions>
          <ns3:TrackPointExtension>
            <ns3:hr>140</ns3:hr>
            <ns3:cad>83</ns3:cad>
          </ns3:TrackPointExtension>
        </extensions>
      </trkpt>
      <trkpt lat="29.9987028725445270538330078125" lon="120.24369995109736919403076171875">
        <ele>12.19999980926513671875</ele>
        <time>2026-07-24T11:54:50.000Z</time>
        <extensions>
          <ns3:TrackPointExtension>
            <ns3:hr>140</ns3:hr>
            <ns3:cad>83</ns3:cad>
          </ns3:TrackPointExtension>
        </extensions>
      </trkpt>
      <trkpt lat="29.99871821142733097076416015625" lon="120.24370045401155948638916015625">
        <ele>12.19999980926513671875</ele>
        <time>2026-07-24T11:54:51.000Z</time>
        <extensions>
          <ns3:TrackPointExtension>
            <ns3:hr>140</ns3:hr>
            <ns3:cad>83</ns3:cad>
          </ns3:TrackPointExtension>
        </extensions>
      </trkpt>
      <trkpt lat="29.99873564578592777252197265625" lon="120.2436995320022106170654296875">
        <ele>12.19999980926513671875</ele>
        <time>2026-07-24T11:54:52.000Z</time>
        <extensions>
          <ns3:TrackPointExtension>
            <ns3:hr>140</ns3:hr>
            <ns3:cad>84</ns3:cad>
          </ns3:TrackPointExtension>
        </extensions>
      </trkpt>
      <trkpt lat="29.998751319944858551025390625" lon="120.24369156919419765472412109375">
        <ele>12.19999980926513671875</ele>
        <time>2026-07-24T11:54:53.000Z</time>
        <extensions>
          <ns3:TrackPointExtension>
            <ns3:hr>139</ns3:hr>
            <ns3:cad>84</ns3:cad>
          </ns3:TrackPointExtension>
        </extensions>
      </trkpt>
      <trkpt lat="29.998764060437679290771484375" lon="120.24369140155613422393798828125">
        <ele>12.3999996185302734375</ele>
        <time>2026-07-24T11:54:54.000Z</time>
        <extensions>
          <ns3:TrackPointExtension>
            <ns3:hr>139</ns3:hr>
            <ns3:cad>84</ns3:cad>
          </ns3:TrackPointExtension>
        </extensions>
      </trkpt>
      <trkpt lat="29.9987845122814178466796875" lon="120.24368938989937305450439453125">
        <ele>12.3999996185302734375</ele>
        <time>2026-07-24T11:54:55.000Z</time>
        <extensions>
          <ns3:TrackPointExtension>
            <ns3:hr>139</ns3:hr>
            <ns3:cad>84</ns3:cad>
          </ns3:TrackPointExtension>
        </extensions>
      </trkpt>
      <trkpt lat="29.99879934825003147125244140625" lon="120.2436914853751659393310546875">
        <ele>12.19999980926513671875</ele>
        <time>2026-07-24T11:54:56.000Z</time>
        <extensions>
          <ns3:TrackPointExtension>
            <ns3:hr>139</ns3:hr>
            <ns3:cad>83</ns3:cad>
          </ns3:TrackPointExtension>
        </extensions>
      </trkpt>
      <trkpt lat="29.99881661497056484222412109375" lon="120.24368788115680217742919921875">
        <ele>12.19999980926513671875</ele>
        <time>2026-07-24T11:54:57.000Z</time>
        <extensions>
          <ns3:TrackPointExtension>
            <ns3:hr>138</ns3:hr>
            <ns3:cad>83</ns3:cad>
          </ns3:TrackPointExtension>
        </extensions>
      </trkpt>
      <trkpt lat="29.99883840791881084442138671875" lon="120.24368519894778728485107421875">
        <ele>12.3999996185302734375</ele>
        <time>2026-07-24T11:54:58.000Z</time>
        <extensions>
          <ns3:TrackPointExtension>
            <ns3:hr>138</ns3:hr>
            <ns3:cad>83</ns3:cad>
          </ns3:TrackPointExtension>
        </extensions>
      </trkpt>
      <trkpt lat="29.99885701574385166168212890625" lon="120.243684947490692138671875">
        <ele>12.3999996185302734375</ele>
        <time>2026-07-24T11:54:59.000Z</time>
        <extensions>
          <ns3:TrackPointExtension>
            <ns3:hr>138</ns3:hr>
            <ns3:cad>83</ns3:cad>
          </ns3:TrackPointExtension>
        </extensions>
      </trkpt>
      <trkpt lat="29.9988762103021144866943359375" lon="120.2436861209571361541748046875">
        <ele>12.3999996185302734375</ele>
        <time>2026-07-24T11:55:00.000Z</time>
        <extensions>
          <ns3:TrackPointExtension>
            <ns3:hr>138</ns3:hr>
            <ns3:cad>83</ns3:cad>
          </ns3:TrackPointExtension>
        </extensions>
      </trkpt>
      <trkpt lat="29.998901523649692535400390625" lon="120.243690647184848785400390625">
        <ele>12.3999996185302734375</ele>
        <time>2026-07-24T11:55:01.000Z</time>
        <extensions>
          <ns3:TrackPointExtension>
            <ns3:hr>138</ns3:hr>
            <ns3:cad>83</ns3:cad>
          </ns3:TrackPointExtension>
        </extensions>
      </trkpt>
      <trkpt lat="29.9989167787134647369384765625" lon="120.24368855170905590057373046875">
        <ele>12.3999996185302734375</ele>
        <time>2026-07-24T11:55:02.000Z</time>
        <extensions>
          <ns3:TrackPointExtension>
            <ns3:hr>138</ns3:hr>
            <ns3:cad>83</ns3:cad>
          </ns3:TrackPointExtension>
        </extensions>
      </trkpt>
      <trkpt lat="29.99894016422331333160400390625" lon="120.2436888031661510467529296875">
        <ele>12.3999996185302734375</ele>
        <time>2026-07-24T11:55:03.000Z</time>
        <extensions>
          <ns3:TrackPointExtension>
            <ns3:hr>138</ns3:hr>
            <ns3:cad>83</ns3:cad>
          </ns3:TrackPointExtension>
        </extensions>
      </trkpt>
      <trkpt lat="29.99895893968641757965087890625" lon="120.24369391612708568572998046875">
        <ele>12.3999996185302734375</ele>
        <time>2026-07-24T11:55:04.000Z</time>
        <extensions>
          <ns3:TrackPointExtension>
            <ns3:hr>139</ns3:hr>
            <ns3:cad>83</ns3:cad>
          </ns3:TrackPointExtension>
        </extensions>
      </trkpt>
      <trkpt lat="29.9989798106253147125244140625" lon="120.24369693361222743988037109375">
        <ele>12.3999996185302734375</ele>
        <time>2026-07-24T11:55:05.000Z</time>
        <extensions>
          <ns3:TrackPointExtension>
            <ns3:hr>139</ns3:hr>
            <ns3:cad>82</ns3:cad>
          </ns3:TrackPointExtension>
        </extensions>
      </trkpt>
      <trkpt lat="29.99900646507740020751953125" lon="120.24370481260120868682861328125">
        <ele>12.3999996185302734375</ele>
        <time>2026-07-24T11:55:06.000Z</time>
        <extensions>
          <ns3:TrackPointExtension>
            <ns3:hr>139</ns3:hr>
            <ns3:cad>82</ns3:cad>
          </ns3:TrackPointExtension>
        </extensions>
      </trkpt>
      <trkpt lat="29.999028258025646209716796875" lon="120.2437038905918598175048828125">
        <ele>12.3999996185302734375</ele>
        <time>2026-07-24T11:55:07.000Z</time>
        <extensions>
          <ns3:TrackPointExtension>
            <ns3:hr>140</ns3:hr>
            <ns3:cad>82</ns3:cad>
          </ns3:TrackPointExtension>
        </extensions>
      </trkpt>
      <trkpt lat="29.9990522302687168121337890625" lon="120.24370062164962291717529296875">
        <ele>12.3999996185302734375</ele>
        <time>2026-07-24T11:55:08.000Z</time>
        <extensions>
          <ns3:TrackPointExtension>
            <ns3:hr>140</ns3:hr>
            <ns3:cad>82</ns3:cad>
          </ns3:TrackPointExtension>
        </extensions>
      </trkpt>
      <trkpt lat="29.99907460995018482208251953125" lon="120.24370229803025722503662109375">
        <ele>12.3999996185302734375</ele>
        <time>2026-07-24T11:55:09.000Z</time>
        <extensions>
          <ns3:TrackPointExtension>
            <ns3:hr>140</ns3:hr>
            <ns3:cad>83</ns3:cad>
          </ns3:TrackPointExtension>
        </extensions>
      </trkpt>
      <trkpt lat="29.99909556470811367034912109375" lon="120.243698693811893463134765625">
        <ele>12.3999996185302734375</ele>
        <time>2026-07-24T11:55:10.000Z</time>
        <extensions>
          <ns3:TrackPointExtension>
            <ns3:hr>140</ns3:hr>
            <ns3:cad>83</ns3:cad>
          </ns3:TrackPointExtension>
        </extensions>
      </trkpt>
      <trkpt lat="29.999122805893421173095703125" lon="120.24369894526898860931396484375">
        <ele>12.3999996185302734375</ele>
        <time>2026-07-24T11:55:11.000Z</time>
        <extensions>
          <ns3:TrackPointExtension>
            <ns3:hr>141</ns3:hr>
            <ns3:cad>83</ns3:cad>
          </ns3:TrackPointExtension>
        </extensions>
      </trkpt>
      <trkpt lat="29.99914233572781085968017578125" lon="120.24370045401155948638916015625">
        <ele>12.3999996185302734375</ele>
        <time>2026-07-24T11:55:12.000Z</time>
        <extensions>
          <ns3:TrackPointExtension>
            <ns3:hr>141</ns3:hr>
            <ns3:cad>83</ns3:cad>
          </ns3:TrackPointExtension>
        </extensions>
      </trkpt>
      <trkpt lat="29.99916496686637401580810546875" lon="120.2436978556215763092041015625">
        <ele>12.3999996185302734375</ele>
        <time>2026-07-24T11:55:13.000Z</time>
        <extensions>
          <ns3:TrackPointExtension>
            <ns3:hr>141</ns3:hr>
            <ns3:cad>83</ns3:cad>
          </ns3:TrackPointExtension>
        </extensions>
      </trkpt>
      <trkpt lat="29.9991846643388271331787109375" lon="120.24370213039219379425048828125">
        <ele>12.3999996185302734375</ele>
        <time>2026-07-24T11:55:14.000Z</time>
        <extensions>
          <ns3:TrackPointExtension>
            <ns3:hr>141</ns3:hr>
            <ns3:cad>83</ns3:cad>
          </ns3:TrackPointExtension>
        </extensions>
      </trkpt>
      <trkpt lat="29.99920067377388477325439453125" lon="120.24370162747800350189208984375">
        <ele>12.3999996185302734375</ele>
        <time>2026-07-24T11:55:15.000Z</time>
        <extensions>
          <ns3:TrackPointExtension>
            <ns3:hr>141</ns3:hr>
            <ns3:cad>83</ns3:cad>
          </ns3:TrackPointExtension>
        </extensions>
      </trkpt>
      <trkpt lat="29.99922431074082851409912109375" lon="120.24370363913476467132568359375">
        <ele>12.3999996185302734375</ele>
        <time>2026-07-24T11:55:16.000Z</time>
        <extensions>
          <ns3:TrackPointExtension>
            <ns3:hr>141</ns3:hr>
            <ns3:cad>83</ns3:cad>
          </ns3:TrackPointExtension>
        </extensions>
      </trkpt>
      <trkpt lat="29.99924476258456707000732421875" lon="120.24370363913476467132568359375">
        <ele>12.3999996185302734375</ele>
        <time>2026-07-24T11:55:17.000Z</time>
        <extensions>
          <ns3:TrackPointExtension>
            <ns3:hr>142</ns3:hr>
            <ns3:cad>83</ns3:cad>
          </ns3:TrackPointExtension>
        </extensions>
      </trkpt>
      <trkpt lat="29.99926169402897357940673828125" lon="120.24370900355279445648193359375">
        <ele>12.3999996185302734375</ele>
        <time>2026-07-24T11:55:18.000Z</time>
        <extensions>
          <ns3:TrackPointExtension>
            <ns3:hr>142</ns3:hr>
            <ns3:cad>84</ns3:cad>
          </ns3:TrackPointExtension>
        </extensions>
      </trkpt>
      <trkpt lat="29.9992847442626953125" lon="120.2437104284763336181640625">
        <ele>12.3999996185302734375</ele>
        <time>2026-07-24T11:55:19.000Z</time>
        <extensions>
          <ns3:TrackPointExtension>
            <ns3:hr>143</ns3:hr>
            <ns3:cad>84</ns3:cad>
          </ns3:TrackPointExtension>
        </extensions>
      </trkpt>
      <trkpt lat="29.99929991550743579864501953125" lon="120.24370715953409671783447265625">
        <ele>12.3999996185302734375</ele>
        <time>2026-07-24T11:55:20.000Z</time>
        <extensions>
          <ns3:TrackPointExtension>
            <ns3:hr>143</ns3:hr>
            <ns3:cad>84</ns3:cad>
          </ns3:TrackPointExtension>
        </extensions>
      </trkpt>
      <trkpt lat="29.99931986443698406219482421875" lon="120.24370481260120868682861328125">
        <ele>12.3999996185302734375</ele>
        <time>2026-07-24T11:55:21.000Z</time>
        <extensions>
          <ns3:TrackPointExtension>
            <ns3:hr>143</ns3:hr>
            <ns3:cad>84</ns3:cad>
          </ns3:TrackPointExtension>
        </extensions>
      </trkpt>
      <trkpt lat="29.99933503568172454833984375" lon="120.243704058229923248291015625">
        <ele>12.3999996185302734375</ele>
        <time>2026-07-24T11:55:22.000Z</time>
        <extensions>
          <ns3:TrackPointExtension>
            <ns3:hr>144</ns3:hr>
            <ns3:cad>83</ns3:cad>
          </ns3:TrackPointExtension>
        </extensions>
      </trkpt>
      <trkpt lat="29.99935925938189029693603515625" lon="120.2437028847634792327880859375">
        <ele>12.19999980926513671875</ele>
        <time>2026-07-24T11:55:23.000Z</time>
        <extensions>
          <ns3:TrackPointExtension>
            <ns3:hr>143</ns3:hr>
            <ns3:cad>83</ns3:cad>
          </ns3:TrackPointExtension>
        </extensions>
      </trkpt>
      <trkpt lat="29.9993772804737091064453125" lon="120.243706405162811279296875">
        <ele>12.19999980926513671875</ele>
        <time>2026-07-24T11:55:24.000Z</time>
        <extensions>
          <ns3:TrackPointExtension>
            <ns3:hr>144</ns3:hr>
            <ns3:cad>83</ns3:cad>
          </ns3:TrackPointExtension>
        </extensions>
      </trkpt>
      <trkpt lat="29.999398402869701385498046875" lon="120.24370246566832065582275390625">
        <ele>12.19999980926513671875</ele>
        <time>2026-07-24T11:55:25.000Z</time>
        <extensions>
          <ns3:TrackPointExtension>
            <ns3:hr>143</ns3:hr>
            <ns3:cad>84</ns3:cad>
          </ns3:TrackPointExtension>
        </extensions>
      </trkpt>
      <trkpt lat="29.99942530877888202667236328125" lon="120.243702717125415802001953125">
        <ele>12.19999980926513671875</ele>
        <time>2026-07-24T11:55:26.000Z</time>
        <extensions>
          <ns3:TrackPointExtension>
            <ns3:hr>144</ns3:hr>
            <ns3:cad>84</ns3:cad>
          </ns3:TrackPointExtension>
        </extensions>
      </trkpt>
      <trkpt lat="29.99944224022328853607177734375" lon="120.2437023818492889404296875">
        <ele>12.19999980926513671875</ele>
        <time>2026-07-24T11:55:27.000Z</time>
        <extensions>
          <ns3:TrackPointExtension>
            <ns3:hr>144</ns3:hr>
            <ns3:cad>84</ns3:cad>
          </ns3:TrackPointExtension>
        </extensions>
      </trkpt>
      <trkpt lat="29.99946436844766139984130859375" lon="120.24370246566832065582275390625">
        <ele>12.19999980926513671875</ele>
        <time>2026-07-24T11:55:28.000Z</time>
        <extensions>
          <ns3:TrackPointExtension>
            <ns3:hr>144</ns3:hr>
            <ns3:cad>84</ns3:cad>
          </ns3:TrackPointExtension>
        </extensions>
      </trkpt>
      <trkpt lat="29.999490939080715179443359375" lon="120.24370498023927211761474609375">
        <ele>12.19999980926513671875</ele>
        <time>2026-07-24T11:55:29.000Z</time>
        <extensions>
          <ns3:TrackPointExtension>
            <ns3:hr>144</ns3:hr>
            <ns3:cad>84</ns3:cad>
          </ns3:TrackPointExtension>
        </extensions>
      </trkpt>
      <trkpt lat="29.999510385096073150634765625" lon="120.2437032200396060943603515625">
        <ele>12.19999980926513671875</ele>
        <time>2026-07-24T11:55:30.000Z</time>
        <extensions>
          <ns3:TrackPointExtension>
            <ns3:hr>144</ns3:hr>
            <ns3:cad>83</ns3:cad>
          </ns3:TrackPointExtension>
        </extensions>
      </trkpt>
      <trkpt lat="29.99953511171042919158935546875" lon="120.24370313622057437896728515625">
        <ele>12.19999980926513671875</ele>
        <time>2026-07-24T11:55:31.000Z</time>
        <extensions>
          <ns3:TrackPointExtension>
            <ns3:hr>145</ns3:hr>
            <ns3:cad>83</ns3:cad>
          </ns3:TrackPointExtension>
        </extensions>
      </trkpt>
      <trkpt lat="29.9995541386306285858154296875" lon="120.2437032200396060943603515625">
        <ele>12.19999980926513671875</ele>
        <time>2026-07-24T11:55:32.000Z</time>
        <extensions>
          <ns3:TrackPointExtension>
            <ns3:hr>144</ns3:hr>
            <ns3:cad>83</ns3:cad>
          </ns3:TrackPointExtension>
        </extensions>
      </trkpt>
      <trkpt lat="29.99957551248371601104736328125" lon="120.2437035553157329559326171875">
        <ele>12.19999980926513671875</ele>
        <time>2026-07-24T11:55:33.000Z</time>
        <extensions>
          <ns3:TrackPointExtension>
            <ns3:hr>144</ns3:hr>
            <ns3:cad>83</ns3:cad>
          </ns3:TrackPointExtension>
        </extensions>
      </trkpt>
      <trkpt lat="29.99959948472678661346435546875" lon="120.24370330385863780975341796875">
        <ele>12</ele>
        <time>2026-07-24T11:55:34.000Z</time>
        <extensions>
          <ns3:TrackPointExtension>
            <ns3:hr>144</ns3:hr>
            <ns3:cad>83</ns3:cad>
          </ns3:TrackPointExtension>
        </extensions>
      </trkpt>
      <trkpt lat="29.99961934983730316162109375" lon="120.24369827471673488616943359375">
        <ele>12</ele>
        <time>2026-07-24T11:55:35.000Z</time>
        <extensions>
          <ns3:TrackPointExtension>
            <ns3:hr>144</ns3:hr>
            <ns3:cad>84</ns3:cad>
          </ns3:TrackPointExtension>
        </extensions>
      </trkpt>
      <trkpt lat="29.9996486864984035491943359375" lon="120.2436931617558002471923828125">
        <ele>12.19999980926513671875</ele>
        <time>2026-07-24T11:55:36.000Z</time>
        <extensions>
          <ns3:TrackPointExtension>
            <ns3:hr>144</ns3:hr>
            <ns3:cad>85</ns3:cad>
          </ns3:TrackPointExtension>
        </extensions>
      </trkpt>
      <trkpt lat="29.999673999845981597900390625" lon="120.2436874620616436004638671875">
        <ele>12.19999980926513671875</ele>
        <time>2026-07-24T11:55:37.000Z</time>
        <extensions>
          <ns3:TrackPointExtension>
            <ns3:hr>144</ns3:hr>
            <ns3:cad>85</ns3:cad>
          </ns3:TrackPointExtension>
        </extensions>
      </trkpt>
      <trkpt lat="29.999705851078033447265625" lon="120.2436797507107257843017578125">
        <ele>12.19999980926513671875</ele>
        <time>2026-07-24T11:55:38.000Z</time>
        <extensions>
          <ns3:TrackPointExtension>
            <ns3:hr>144</ns3:hr>
            <ns3:cad>84</ns3:cad>
          </ns3:TrackPointExtension>
        </extensions>
      </trkpt>
      <trkpt lat="29.9997398816049098968505859375" lon="120.24368025362491607666015625">
        <ele>12</ele>
        <time>2026-07-24T11:55:39.000Z</time>
        <extensions>
          <ns3:TrackPointExtension>
            <ns3:hr>144</ns3:hr>
            <ns3:cad>83</ns3:cad>
          </ns3:TrackPointExtension>
        </extensions>
      </trkpt>
      <trkpt lat="29.9997630156576633453369140625" lon="120.2436760626733303070068359375">
        <ele>12</ele>
        <time>2026-07-24T11:55:40.000Z</time>
        <extensions>
          <ns3:TrackPointExtension>
            <ns3:hr>144</ns3:hr>
            <ns3:cad>83</ns3:cad>
          </ns3:TrackPointExtension>
        </extensions>
      </trkpt>
      <trkpt lat="29.9997935257852077484130859375" lon="120.24367488920688629150390625">
        <ele>12</ele>
        <time>2026-07-24T11:55:41.000Z</time>
        <extensions>
          <ns3:TrackPointExtension>
            <ns3:hr>145</ns3:hr>
            <ns3:cad>83</ns3:cad>
          </ns3:TrackPointExtension>
        </extensions>
      </trkpt>
      <trkpt lat="29.99981976114213466644287109375" lon="120.2436780743300914764404296875">
        <ele>11.80000019073486328125</ele>
        <time>2026-07-24T11:55:42.000Z</time>
        <extensions>
          <ns3:TrackPointExtension>
            <ns3:hr>145</ns3:hr>
            <ns3:cad>83</ns3:cad>
          </ns3:TrackPointExtension>
        </extensions>
      </trkpt>
      <trkpt lat="29.99983686022460460662841796875" lon="120.2436755597591400146484375">
        <ele>12</ele>
        <time>2026-07-24T11:55:43.000Z</time>
        <extensions>
          <ns3:TrackPointExtension>
            <ns3:hr>145</ns3:hr>
            <ns3:cad>83</ns3:cad>
          </ns3:TrackPointExtension>
        </extensions>
      </trkpt>
      <trkpt lat="29.99986485578119754791259765625" lon="120.24367530830204486846923828125">
        <ele>12</ele>
        <time>2026-07-24T11:55:44.000Z</time>
        <extensions>
          <ns3:TrackPointExtension>
            <ns3:hr>145</ns3:hr>
            <ns3:cad>83</ns3:cad>
          </ns3:TrackPointExtension>
        </extensions>
      </trkpt>
      <trkpt lat="29.999884553253650665283203125" lon="120.24367799051105976104736328125">
        <ele>12</ele>
        <time>2026-07-24T11:55:45.000Z</time>
        <extensions>
          <ns3:TrackPointExtension>
            <ns3:hr>145</ns3:hr>
            <ns3:cad>83</ns3:cad>
          </ns3:TrackPointExtension>
        </extensions>
      </trkpt>
      <trkpt lat="29.9999078549444675445556640625" lon="120.24367891252040863037109375">
        <ele>12</ele>
        <time>2026-07-24T11:55:46.000Z</time>
        <extensions>
          <ns3:TrackPointExtension>
            <ns3:hr>145</ns3:hr>
            <ns3:cad>83</ns3:cad>
          </ns3:TrackPointExtension>
        </extensions>
      </trkpt>
      <trkpt lat="29.99992973171174526214599609375" lon="120.24368134327232837677001953125">
        <ele>12</ele>
        <time>2026-07-24T11:55:47.000Z</time>
        <extensions>
          <ns3:TrackPointExtension>
            <ns3:hr>146</ns3:hr>
            <ns3:cad>83</ns3:cad>
          </ns3:TrackPointExtension>
        </extensions>
      </trkpt>
      <trkpt lat="29.99994901008903980255126953125" lon="120.24367949925363063812255859375">
        <ele>11.80000019073486328125</ele>
        <time>2026-07-24T11:55:48.000Z</time>
        <extensions>
          <ns3:TrackPointExtension>
            <ns3:hr>146</ns3:hr>
            <ns3:cad>83</ns3:cad>
          </ns3:TrackPointExtension>
        </extensions>
      </trkpt>
      <trkpt lat="29.999977089464664459228515625" lon="120.2436804212629795074462890625">
        <ele>11.80000019073486328125</ele>
        <time>2026-07-24T11:55:49.000Z</time>
        <extensions>
          <ns3:TrackPointExtension>
            <ns3:hr>147</ns3:hr>
            <ns3:cad>83</ns3:cad>
          </ns3:TrackPointExtension>
        </extensions>
      </trkpt>
      <trkpt lat="29.9999977089464664459228515625" lon="120.24367799051105976104736328125">
        <ele>12</ele>
        <time>2026-07-24T11:55:50.000Z</time>
        <extensions>
          <ns3:TrackPointExtension>
            <ns3:hr>147</ns3:hr>
            <ns3:cad>83</ns3:cad>
          </ns3:TrackPointExtension>
        </extensions>
      </trkpt>
      <trkpt lat="30.00002042390406131744384765625" lon="120.24367866106331348419189453125">
        <ele>12</ele>
        <time>2026-07-24T11:55:51.000Z</time>
        <extensions>
          <ns3:TrackPointExtension>
            <ns3:hr>147</ns3:hr>
            <ns3:cad>83</ns3:cad>
          </ns3:TrackPointExtension>
        </extensions>
      </trkpt>
      <trkpt lat="30.00004422850906848907470703125" lon="120.2436834387481212615966796875">
        <ele>12</ele>
        <time>2026-07-24T11:55:52.000Z</time>
        <extensions>
          <ns3:TrackPointExtension>
            <ns3:hr>147</ns3:hr>
            <ns3:cad>83</ns3:cad>
          </ns3:TrackPointExtension>
        </extensions>
      </trkpt>
      <trkpt lat="30.000066272914409637451171875" lon="120.2436809241771697998046875">
        <ele>12</ele>
        <time>2026-07-24T11:55:53.000Z</time>
        <extensions>
          <ns3:TrackPointExtension>
            <ns3:hr>147</ns3:hr>
            <ns3:cad>83</ns3:cad>
          </ns3:TrackPointExtension>
        </extensions>
      </trkpt>
      <trkpt lat="30.0000909157097339630126953125" lon="120.24367648176848888397216796875">
        <ele>12</ele>
        <time>2026-07-24T11:55:54.000Z</time>
        <extensions>
          <ns3:TrackPointExtension>
            <ns3:hr>147</ns3:hr>
            <ns3:cad>84</ns3:cad>
          </ns3:TrackPointExtension>
        </extensions>
      </trkpt>
      <trkpt lat="30.0001093558967113494873046875" lon="120.24367731995880603790283203125">
        <ele>12</ele>
        <time>2026-07-24T11:55:55.000Z</time>
        <extensions>
          <ns3:TrackPointExtension>
            <ns3:hr>147</ns3:hr>
            <ns3:cad>84</ns3:cad>
          </ns3:TrackPointExtension>
        </extensions>
      </trkpt>
      <trkpt lat="30.000126622617244720458984375" lon="120.24367698468267917633056640625">
        <ele>12</ele>
        <time>2026-07-24T11:55:56.000Z</time>
        <extensions>
          <ns3:TrackPointExtension>
            <ns3:hr>147</ns3:hr>
            <ns3:cad>84</ns3:cad>
          </ns3:TrackPointExtension>
        </extensions>
      </trkpt>
      <trkpt lat="30.00014883466064929962158203125" lon="120.2436790801584720611572265625">
        <ele>12</ele>
        <time>2026-07-24T11:55:57.000Z</time>
        <extensions>
          <ns3:TrackPointExtension>
            <ns3:hr>148</ns3:hr>
            <ns3:cad>84</ns3:cad>
          </ns3:TrackPointExtension>
        </extensions>
      </trkpt>
      <trkpt lat="30.00016761012375354766845703125" lon="120.24368100799620151519775390625">
        <ele>12</ele>
        <time>2026-07-24T11:55:58.000Z</time>
        <extensions>
          <ns3:TrackPointExtension>
            <ns3:hr>148</ns3:hr>
            <ns3:cad>83</ns3:cad>
          </ns3:TrackPointExtension>
        </extensions>
      </trkpt>
      <trkpt lat="30.0001978687942028045654296875" lon="120.24368184618651866912841796875">
        <ele>12</ele>
        <time>2026-07-24T11:55:59.000Z</time>
        <extensions>
          <ns3:TrackPointExtension>
            <ns3:hr>148</ns3:hr>
            <ns3:cad>83</ns3:cad>
          </ns3:TrackPointExtension>
        </extensions>
      </trkpt>
      <trkpt lat="30.000221170485019683837890625" lon="120.2436867915093898773193359375">
        <ele>12</ele>
        <time>2026-07-24T11:56:00.000Z</time>
        <extensions>
          <ns3:TrackPointExtension>
            <ns3:hr>148</ns3:hr>
            <ns3:cad>83</ns3:cad>
          </ns3:TrackPointExtension>
        </extensions>
      </trkpt>
      <trkpt lat="30.00024572946131229400634765625" lon="120.24368335492908954620361328125">
        <ele>12</ele>
        <time>2026-07-24T11:56:01.000Z</time>
        <extensions>
          <ns3:TrackPointExtension>
            <ns3:hr>148</ns3:hr>
            <ns3:cad>83</ns3:cad>
          </ns3:TrackPointExtension>
        </extensions>
      </trkpt>
      <trkpt lat="30.000277496874332427978515625" lon="120.243685282766819000244140625">
        <ele>12</ele>
        <time>2026-07-24T11:56:02.000Z</time>
        <extensions>
          <ns3:TrackPointExtension>
            <ns3:hr>148</ns3:hr>
            <ns3:cad>83</ns3:cad>
          </ns3:TrackPointExtension>
        </extensions>
      </trkpt>
      <trkpt lat="30.0003054924309253692626953125" lon="120.2436857856810092926025390625">
        <ele>12</ele>
        <time>2026-07-24T11:56:03.000Z</time>
        <extensions>
          <ns3:TrackPointExtension>
            <ns3:hr>148</ns3:hr>
            <ns3:cad>83</ns3:cad>
          </ns3:TrackPointExtension>
        </extensions>
      </trkpt>
      <trkpt lat="30.0003346614539623260498046875" lon="120.24368721060454845428466796875">
        <ele>12</ele>
        <time>2026-07-24T11:56:04.000Z</time>
        <extensions>
          <ns3:TrackPointExtension>
            <ns3:hr>149</ns3:hr>
            <ns3:cad>83</ns3:cad>
          </ns3:TrackPointExtension>
        </extensions>
      </trkpt>
      <trkpt lat="30.00036123208701610565185546875" lon="120.243687964975833892822265625">
        <ele>12</ele>
        <time>2026-07-24T11:56:05.000Z</time>
        <extensions>
          <ns3:TrackPointExtension>
            <ns3:hr>149</ns3:hr>
            <ns3:cad>84</ns3:cad>
          </ns3:TrackPointExtension>
        </extensions>
      </trkpt>
      <trkpt lat="30.00038646161556243896484375" lon="120.24368452839553356170654296875">
        <ele>12</ele>
        <time>2026-07-24T11:56:06.000Z</time>
        <extensions>
          <ns3:TrackPointExtension>
            <ns3:hr>149</ns3:hr>
            <ns3:cad>83</ns3:cad>
          </ns3:TrackPointExtension>
        </extensions>
      </trkpt>
      <trkpt lat="30.0004188157618045806884765625" lon="120.24369006045162677764892578125">
        <ele>12.19999980926513671875</ele>
        <time>2026-07-24T11:56:07.000Z</time>
        <extensions>
          <ns3:TrackPointExtension>
            <ns3:hr>149</ns3:hr>
            <ns3:cad>83</ns3:cad>
          </ns3:TrackPointExtension>
        </extensions>
      </trkpt>
      <trkpt lat="30.0004409439861774444580078125" lon="120.24369441904127597808837890625">
        <ele>12.19999980926513671875</ele>
        <time>2026-07-24T11:56:08.000Z</time>
        <extensions>
          <ns3:TrackPointExtension>
            <ns3:hr>149</ns3:hr>
            <ns3:cad>82</ns3:cad>
          </ns3:TrackPointExtension>
        </extensions>
      </trkpt>
      <trkpt lat="30.0004634074866771697998046875" lon="120.24369232356548309326171875">
        <ele>12.19999980926513671875</ele>
        <time>2026-07-24T11:56:09.000Z</time>
        <extensions>
          <ns3:TrackPointExtension>
            <ns3:hr>150</ns3:hr>
            <ns3:cad>82</ns3:cad>
          </ns3:TrackPointExtension>
        </extensions>
      </trkpt>
      <trkpt lat="30.0004868768155574798583984375" lon="120.2436914853751659393310546875">
        <ele>12.19999980926513671875</ele>
        <time>2026-07-24T11:56:10.000Z</time>
        <extensions>
          <ns3:TrackPointExtension>
            <ns3:hr>150</ns3:hr>
            <ns3:cad>82</ns3:cad>
          </ns3:TrackPointExtension>
        </extensions>
      </trkpt>
      <trkpt lat="30.00050188042223453521728515625" lon="120.2436928264796733856201171875">
        <ele>12.19999980926513671875</ele>
        <time>2026-07-24T11:56:11.000Z</time>
        <extensions>
          <ns3:TrackPointExtension>
            <ns3:hr>151</ns3:hr>
            <ns3:cad>82</ns3:cad>
          </ns3:TrackPointExtension>
        </extensions>
      </trkpt>
      <trkpt lat="30.00052602030336856842041015625" lon="120.2436985261738300323486328125">
        <ele>12.19999980926513671875</ele>
        <time>2026-07-24T11:56:12.000Z</time>
        <extensions>
          <ns3:TrackPointExtension>
            <ns3:hr>151</ns3:hr>
            <ns3:cad>82</ns3:cad>
          </ns3:TrackPointExtension>
        </extensions>
      </trkpt>
      <trkpt lat="30.00054714269936084747314453125" lon="120.2437104284763336181640625">
        <ele>12</ele>
        <time>2026-07-24T11:56:13.000Z</time>
        <extensions>
          <ns3:TrackPointExtension>
            <ns3:hr>152</ns3:hr>
            <ns3:cad>82</ns3:cad>
          </ns3:TrackPointExtension>
        </extensions>
      </trkpt>
      <trkpt lat="30.000565163791179656982421875" lon="120.24371914565563201904296875">
        <ele>12</ele>
        <time>2026-07-24T11:56:14.000Z</time>
        <extensions>
          <ns3:TrackPointExtension>
            <ns3:hr>152</ns3:hr>
            <ns3:cad>81</ns3:cad>
          </ns3:TrackPointExtension>
        </extensions>
      </trkpt>
      <trkpt lat="30.0005867891013622283935546875" lon="120.243736244738101959228515625">
        <ele>12</ele>
        <time>2026-07-24T11:56:15.000Z</time>
        <extensions>
          <ns3:TrackPointExtension>
            <ns3:hr>152</ns3:hr>
            <ns3:cad>81</ns3:cad>
          </ns3:TrackPointExtension>
        </extensions>
      </trkpt>
      <trkpt lat="30.0006045587360858917236328125" lon="120.2437598817050457000732421875">
        <ele>12</ele>
        <time>2026-07-24T11:56:16.000Z</time>
        <extensions>
          <ns3:TrackPointExtension>
            <ns3:hr>151</ns3:hr>
            <ns3:cad>81</ns3:cad>
          </ns3:TrackPointExtension>
        </extensions>
      </trkpt>
      <trkpt lat="30.00062107108533382415771484375" lon="120.2437759749591350555419921875">
        <ele>12</ele>
        <time>2026-07-24T11:56:17.000Z</time>
        <extensions>
          <ns3:TrackPointExtension>
            <ns3:hr>152</ns3:hr>
            <ns3:cad>81</ns3:cad>
          </ns3:TrackPointExtension>
        </extensions>
      </trkpt>
      <trkpt lat="30.00063917599618434906005859375" lon="120.24380221031606197357177734375">
        <ele>11.80000019073486328125</ele>
        <time>2026-07-24T11:56:18.000Z</time>
        <extensions>
          <ns3:TrackPointExtension>
            <ns3:hr>152</ns3:hr>
            <ns3:cad>81</ns3:cad>
          </ns3:TrackPointExtension>
        </extensions>
      </trkpt>
      <trkpt lat="30.000649653375148773193359375" lon="120.2438249252736568450927734375">
        <ele>11.80000019073486328125</ele>
        <time>2026-07-24T11:56:19.000Z</time>
        <extensions>
          <ns3:TrackPointExtension>
            <ns3:hr>152</ns3:hr>
            <ns3:cad>81</ns3:cad>
          </ns3:TrackPointExtension>
        </extensions>
      </trkpt>
      <trkpt lat="30.000663064420223236083984375" lon="120.2438396774232387542724609375">
        <ele>11.80000019073486328125</ele>
        <time>2026-07-24T11:56:20.000Z</time>
        <extensions>
          <ns3:TrackPointExtension>
            <ns3:hr>152</ns3:hr>
            <ns3:cad>81</ns3:cad>
          </ns3:TrackPointExtension>
        </extensions>
      </trkpt>
      <trkpt lat="30.00067882239818572998046875" lon="120.24385736323893070220947265625">
        <ele>11.80000019073486328125</ele>
        <time>2026-07-24T11:56:21.000Z</time>
        <extensions>
          <ns3:TrackPointExtension>
            <ns3:hr>152</ns3:hr>
            <ns3:cad>81</ns3:cad>
          </ns3:TrackPointExtension>
        </extensions>
      </trkpt>
      <trkpt lat="30.00068661756813526153564453125" lon="120.24386876262724399566650390625">
        <ele>11.80000019073486328125</ele>
        <time>2026-07-24T11:56:22.000Z</time>
        <extensions>
          <ns3:TrackPointExtension>
            <ns3:hr>153</ns3:hr>
            <ns3:cad>81</ns3:cad>
          </ns3:TrackPointExtension>
        </extensions>
      </trkpt>
      <trkpt lat="30.00069768168032169342041015625" lon="120.2438939921557903289794921875">
        <ele>11.80000019073486328125</ele>
        <time>2026-07-24T11:56:23.000Z</time>
        <extensions>
          <ns3:TrackPointExtension>
            <ns3:hr>153</ns3:hr>
            <ns3:cad>81</ns3:cad>
          </ns3:TrackPointExtension>
        </extensions>
      </trkpt>
      <trkpt lat="30.00070757232606410980224609375" lon="120.2439151145517826080322265625">
        <ele>11.80000019073486328125</ele>
        <time>2026-07-24T11:56:24.000Z</time>
        <extensions>
          <ns3:TrackPointExtension>
            <ns3:hr>153</ns3:hr>
            <ns3:cad>81</ns3:cad>
          </ns3:TrackPointExtension>
        </extensions>
      </trkpt>
      <trkpt lat="30.000718049705028533935546875" lon="120.243929363787174224853515625">
        <ele>11.80000019073486328125</ele>
        <time>2026-07-24T11:56:25.000Z</time>
        <extensions>
          <ns3:TrackPointExtension>
            <ns3:hr>152</ns3:hr>
            <ns3:cad>81</ns3:cad>
          </ns3:TrackPointExtension>
        </extensions>
      </trkpt>
      <trkpt lat="30.000728107988834381103515625" lon="120.24395794607698917388916015625">
        <ele>11.6000003814697265625</ele>
        <time>2026-07-24T11:56:26.000Z</time>
        <extensions>
          <ns3:TrackPointExtension>
            <ns3:hr>153</ns3:hr>
            <ns3:cad>81</ns3:cad>
          </ns3:TrackPointExtension>
        </extensions>
      </trkpt>
      <trkpt lat="30.0007326342165470123291015625" lon="120.24398225359618663787841796875">
        <ele>11.6000003814697265625</ele>
        <time>2026-07-24T11:56:27.000Z</time>
        <extensions>
          <ns3:TrackPointExtension>
            <ns3:hr>152</ns3:hr>
            <ns3:cad>82</ns3:cad>
          </ns3:TrackPointExtension>
        </extensions>
      </trkpt>
      <trkpt lat="30.00074453651905059814453125" lon="120.24400723166763782501220703125">
        <ele>11.6000003814697265625</ele>
        <time>2026-07-24T11:56:28.000Z</time>
        <extensions>
          <ns3:TrackPointExtension>
            <ns3:hr>152</ns3:hr>
            <ns3:cad>82</ns3:cad>
          </ns3:TrackPointExtension>
        </extensions>
      </trkpt>
      <trkpt lat="30.000756271183490753173828125" lon="120.2440371550619602203369140625">
        <ele>11.6000003814697265625</ele>
        <time>2026-07-24T11:56:29.000Z</time>
        <extensions>
          <ns3:TrackPointExtension>
            <ns3:hr>153</ns3:hr>
            <ns3:cad>82</ns3:cad>
          </ns3:TrackPointExtension>
        </extensions>
      </trkpt>
      <trkpt lat="30.0007644854485988616943359375" lon="120.24405366741120815277099609375">
        <ele>11.3999996185302734375</ele>
        <time>2026-07-24T11:56:30.000Z</time>
        <extensions>
          <ns3:TrackPointExtension>
            <ns3:hr>152</ns3:hr>
            <ns3:cad>82</ns3:cad>
          </ns3:TrackPointExtension>
        </extensions>
      </trkpt>
      <trkpt lat="30.000775046646595001220703125" lon="120.244076214730739593505859375">
        <ele>11.3999996185302734375</ele>
        <time>2026-07-24T11:56:31.000Z</time>
        <extensions>
          <ns3:TrackPointExtension>
            <ns3:hr>152</ns3:hr>
            <ns3:cad>82</ns3:cad>
          </ns3:TrackPointExtension>
        </extensions>
      </trkpt>
      <trkpt lat="30.000785775482654571533203125" lon="120.24409733712673187255859375">
        <ele>11.3999996185302734375</ele>
        <time>2026-07-24T11:56:32.000Z</time>
        <extensions>
          <ns3:TrackPointExtension>
            <ns3:hr>152</ns3:hr>
            <ns3:cad>82</ns3:cad>
          </ns3:TrackPointExtension>
        </extensions>
      </trkpt>
      <trkpt lat="30.00079373829066753387451171875" lon="120.24410747922956943511962890625">
        <ele>11.3999996185302734375</ele>
        <time>2026-07-24T11:56:33.000Z</time>
        <extensions>
          <ns3:TrackPointExtension>
            <ns3:hr>153</ns3:hr>
            <ns3:cad>81</ns3:cad>
          </ns3:TrackPointExtension>
        </extensions>
      </trkpt>
      <trkpt lat="30.0008047185838222503662109375" lon="120.24412306956946849822998046875">
        <ele>11.19999980926513671875</ele>
        <time>2026-07-24T11:56:34.000Z</time>
        <extensions>
          <ns3:TrackPointExtension>
            <ns3:hr>152</ns3:hr>
            <ns3:cad>81</ns3:cad>
          </ns3:TrackPointExtension>
        </extensions>
      </trkpt>
      <trkpt lat="30.0008198060095310211181640625" lon="120.24413178674876689910888671875">
        <ele>11.19999980926513671875</ele>
        <time>2026-07-24T11:56:35.000Z</time>
        <extensions>
          <ns3:TrackPointExtension>
            <ns3:hr>152</ns3:hr>
            <ns3:cad>81</ns3:cad>
          </ns3:TrackPointExtension>
        </extensions>
      </trkpt>
      <trkpt lat="30.00083229504525661468505859375" lon="120.244133882224559783935546875">
        <ele>11.19999980926513671875</ele>
        <time>2026-07-24T11:56:36.000Z</time>
        <extensions>
          <ns3:TrackPointExtension>
            <ns3:hr>152</ns3:hr>
            <ns3:cad>80</ns3:cad>
          </ns3:TrackPointExtension>
        </extensions>
      </trkpt>
      <trkpt lat="30.00083849765360355377197265625" lon="120.2441176213324069976806640625">
        <ele>11.19999980926513671875</ele>
        <time>2026-07-24T11:56:37.000Z</time>
        <extensions>
          <ns3:TrackPointExtension>
            <ns3:hr>151</ns3:hr>
            <ns3:cad>80</ns3:cad>
          </ns3:TrackPointExtension>
        </extensions>
      </trkpt>
      <trkpt lat="30.00084721483290195465087890625" lon="120.24409322999417781829833984375">
        <ele>11.19999980926513671875</ele>
        <time>2026-07-24T11:56:38.000Z</time>
        <extensions>
          <ns3:TrackPointExtension>
            <ns3:hr>151</ns3:hr>
            <ns3:cad>79</ns3:cad>
          </ns3:TrackPointExtension>
        </extensions>
      </trkpt>
      <trkpt lat="30.0008509866893291473388671875" lon="120.2440740354359149932861328125">
        <ele>11</ele>
        <time>2026-07-24T11:56:39.000Z</time>
        <extensions>
          <ns3:TrackPointExtension>
            <ns3:hr>150</ns3:hr>
            <ns3:cad>79</ns3:cad>
          </ns3:TrackPointExtension>
        </extensions>
      </trkpt>
      <trkpt lat="30.00084578990936279296875" lon="120.24405785836279392242431640625">
        <ele>11</ele>
        <time>2026-07-24T11:56:40.000Z</time>
        <extensions>
          <ns3:TrackPointExtension>
            <ns3:hr>150</ns3:hr>
            <ns3:cad>78</ns3:cad>
          </ns3:TrackPointExtension>
        </extensions>
      </trkpt>
      <trkpt lat="30.0008362345397472381591796875" lon="120.2440457046031951904296875">
        <ele>11</ele>
        <time>2026-07-24T11:56:41.000Z</time>
        <extensions>
          <ns3:TrackPointExtension>
            <ns3:hr>149</ns3:hr>
            <ns3:cad>78</ns3:cad>
          </ns3:TrackPointExtension>
        </extensions>
      </trkpt>
      <trkpt lat="30.00083548016846179962158203125" lon="120.24405039846897125244140625">
        <ele>11</ele>
        <time>2026-07-24T11:56:42.000Z</time>
        <extensions>
          <ns3:TrackPointExtension>
            <ns3:hr>149</ns3:hr>
            <ns3:cad>79</ns3:cad>
          </ns3:TrackPointExtension>
        </extensions>
      </trkpt>
      <trkpt lat="30.0008404254913330078125" lon="120.2440673299133777618408203125">
        <ele>11.19999980926513671875</ele>
        <time>2026-07-24T11:56:43.000Z</time>
        <extensions>
          <ns3:TrackPointExtension>
            <ns3:hr>149</ns3:hr>
            <ns3:cad>79</ns3:cad>
          </ns3:TrackPointExtension>
        </extensions>
      </trkpt>
      <trkpt lat="30.00084822066128253936767578125" lon="120.2440921403467655181884765625">
        <ele>11.19999980926513671875</ele>
        <time>2026-07-24T11:56:44.000Z</time>
        <extensions>
          <ns3:TrackPointExtension>
            <ns3:hr>148</ns3:hr>
            <ns3:cad>79</ns3:cad>
          </ns3:TrackPointExtension>
        </extensions>
      </trkpt>
      <trkpt lat="30.00085048377513885498046875" lon="120.24411217309534549713134765625">
        <ele>11.19999980926513671875</ele>
        <time>2026-07-24T11:56:45.000Z</time>
        <extensions>
          <ns3:TrackPointExtension>
            <ns3:hr>148</ns3:hr>
            <ns3:cad>79</ns3:cad>
          </ns3:TrackPointExtension>
        </extensions>
      </trkpt>
      <trkpt lat="30.000852160155773162841796875" lon="120.24413329549133777618408203125">
        <ele>11.19999980926513671875</ele>
        <time>2026-07-24T11:56:46.000Z</time>
        <extensions>
          <ns3:TrackPointExtension>
            <ns3:hr>147</ns3:hr>
            <ns3:cad>78</ns3:cad>
          </ns3:TrackPointExtension>
        </extensions>
      </trkpt>
      <trkpt lat="30.00083682127296924591064453125" lon="120.24415927939116954803466796875">
        <ele>11</ele>
        <time>2026-07-24T11:56:47.000Z</time>
        <extensions>
          <ns3:TrackPointExtension>
            <ns3:hr>147</ns3:hr>
            <ns3:cad>78</ns3:cad>
          </ns3:TrackPointExtension>
        </extensions>
      </trkpt>
      <trkpt lat="30.0008238293230533599853515625" lon="120.24418073706328868865966796875">
        <ele>11</ele>
        <time>2026-07-24T11:56:48.000Z</time>
        <extensions>
          <ns3:TrackPointExtension>
            <ns3:hr>147</ns3:hr>
            <ns3:cad>78</ns3:cad>
          </ns3:TrackPointExtension>
        </extensions>
      </trkpt>
      <trkpt lat="30.00082341022789478302001953125" lon="120.24420060217380523681640625">
        <ele>11</ele>
        <time>2026-07-24T11:56:49.000Z</time>
        <extensions>
          <ns3:TrackPointExtension>
            <ns3:hr>147</ns3:hr>
            <ns3:cad>79</ns3:cad>
          </ns3:TrackPointExtension>
        </extensions>
      </trkpt>
      <trkpt lat="30.0008188001811504364013671875" lon="120.24422801099717617034912109375">
        <ele>10.80000019073486328125</ele>
        <time>2026-07-24T11:56:50.000Z</time>
        <extensions>
          <ns3:TrackPointExtension>
            <ns3:hr>147</ns3:hr>
            <ns3:cad>79</ns3:cad>
          </ns3:TrackPointExtension>
        </extensions>
      </trkpt>
      <trkpt lat="30.00081159174442291259765625" lon="120.24424980394542217254638671875">
        <ele>10.80000019073486328125</ele>
        <time>2026-07-24T11:56:51.000Z</time>
        <extensions>
          <ns3:TrackPointExtension>
            <ns3:hr>147</ns3:hr>
            <ns3:cad>80</ns3:cad>
          </ns3:TrackPointExtension>
        </extensions>
      </trkpt>
      <trkpt lat="30.0008050538599491119384765625" lon="120.24427042342722415924072265625">
        <ele>10.80000019073486328125</ele>
        <time>2026-07-24T11:56:52.000Z</time>
        <extensions>
          <ns3:TrackPointExtension>
            <ns3:hr>147</ns3:hr>
            <ns3:cad>80</ns3:cad>
          </ns3:TrackPointExtension>
        </extensions>
      </trkpt>
      <trkpt lat="30.00078904442489147186279296875" lon="120.24429439567029476165771484375">
        <ele>10.6000003814697265625</ele>
        <time>2026-07-24T11:56:53.000Z</time>
        <extensions>
          <ns3:TrackPointExtension>
            <ns3:hr>147</ns3:hr>
            <ns3:cad>80</ns3:cad>
          </ns3:TrackPointExtension>
        </extensions>
      </trkpt>
      <trkpt lat="30.00077948905527591705322265625" lon="120.2443127520382404327392578125">
        <ele>10.6000003814697265625</ele>
        <time>2026-07-24T11:56:54.000Z</time>
        <extensions>
          <ns3:TrackPointExtension>
            <ns3:hr>146</ns3:hr>
            <ns3:cad>80</ns3:cad>
          </ns3:TrackPointExtension>
        </extensions>
      </trkpt>
      <trkpt lat="30.0007639825344085693359375" lon="120.2443352155387401580810546875">
        <ele>10.6000003814697265625</ele>
        <time>2026-07-24T11:56:55.000Z</time>
        <extensions>
          <ns3:TrackPointExtension>
            <ns3:hr>147</ns3:hr>
            <ns3:cad>81</ns3:cad>
          </ns3:TrackPointExtension>
        </extensions>
      </trkpt>
      <trkpt lat="30.0007420219480991363525390625" lon="120.24434887804090976715087890625">
        <ele>10.6000003814697265625</ele>
        <time>2026-07-24T11:56:56.000Z</time>
        <extensions>
          <ns3:TrackPointExtension>
            <ns3:hr>147</ns3:hr>
            <ns3:cad>81</ns3:cad>
          </ns3:TrackPointExtension>
        </extensions>
      </trkpt>
      <trkpt lat="30.00072768889367580413818359375" lon="120.244360528886318206787109375">
        <ele>10.6000003814697265625</ele>
        <time>2026-07-24T11:56:57.000Z</time>
        <extensions>
          <ns3:TrackPointExtension>
            <ns3:hr>147</ns3:hr>
            <ns3:cad>82</ns3:cad>
          </ns3:TrackPointExtension>
        </extensions>
      </trkpt>
      <trkpt lat="30.000705309212207794189453125" lon="120.24437301792204380035400390625">
        <ele>10.80000019073486328125</ele>
        <time>2026-07-24T11:56:58.000Z</time>
        <extensions>
          <ns3:TrackPointExtension>
            <ns3:hr>147</ns3:hr>
            <ns3:cad>82</ns3:cad>
          </ns3:TrackPointExtension>
        </extensions>
      </trkpt>
      <trkpt lat="30.00068896450102329254150390625" lon="120.24438609369099140167236328125">
        <ele>10.6000003814697265625</ele>
        <time>2026-07-24T11:56:59.000Z</time>
        <extensions>
          <ns3:TrackPointExtension>
            <ns3:hr>147</ns3:hr>
            <ns3:cad>82</ns3:cad>
          </ns3:TrackPointExtension>
        </extensions>
      </trkpt>
      <trkpt lat="30.000674463808536529541015625" lon="120.244402773678302764892578125">
        <ele>10.6000003814697265625</ele>
        <time>2026-07-24T11:57:00.000Z</time>
        <extensions>
          <ns3:TrackPointExtension>
            <ns3:hr>146</ns3:hr>
            <ns3:cad>82</ns3:cad>
          </ns3:TrackPointExtension>
        </extensions>
      </trkpt>
      <trkpt lat="30.0006498210132122039794921875" lon="120.244419537484645843505859375">
        <ele>10.6000003814697265625</ele>
        <time>2026-07-24T11:57:01.000Z</time>
        <extensions>
          <ns3:TrackPointExtension>
            <ns3:hr>147</ns3:hr>
            <ns3:cad>82</ns3:cad>
          </ns3:TrackPointExtension>
        </extensions>
      </trkpt>
      <trkpt lat="30.00063297338783740997314453125" lon="120.24443085305392742156982421875">
        <ele>10.6000003814697265625</ele>
        <time>2026-07-24T11:57:02.000Z</time>
        <extensions>
          <ns3:TrackPointExtension>
            <ns3:hr>147</ns3:hr>
            <ns3:cad>82</ns3:cad>
          </ns3:TrackPointExtension>
        </extensions>
      </trkpt>
      <trkpt lat="30.0006142817437648773193359375" lon="120.2444480359554290771484375">
        <ele>10.6000003814697265625</ele>
        <time>2026-07-24T11:57:03.000Z</time>
        <extensions>
          <ns3:TrackPointExtension>
            <ns3:hr>147</ns3:hr>
            <ns3:cad>82</ns3:cad>
          </ns3:TrackPointExtension>
        </extensions>
      </trkpt>
      <trkpt lat="30.000590644776821136474609375" lon="120.24446287192404270172119140625">
        <ele>10.6000003814697265625</ele>
        <time>2026-07-24T11:57:04.000Z</time>
        <extensions>
          <ns3:TrackPointExtension>
            <ns3:hr>147</ns3:hr>
            <ns3:cad>82</ns3:cad>
          </ns3:TrackPointExtension>
        </extensions>
      </trkpt>
      <trkpt lat="30.00057731755077838897705078125" lon="120.244474522769451141357421875">
        <ele>10.6000003814697265625</ele>
        <time>2026-07-24T11:57:05.000Z</time>
        <extensions>
          <ns3:TrackPointExtension>
            <ns3:hr>147</ns3:hr>
            <ns3:cad>82</ns3:cad>
          </ns3:TrackPointExtension>
        </extensions>
      </trkpt>
      <trkpt lat="30.00055535696446895599365234375" lon="120.2444914542138576507568359375">
        <ele>10.6000003814697265625</ele>
        <time>2026-07-24T11:57:06.000Z</time>
        <extensions>
          <ns3:TrackPointExtension>
            <ns3:hr>147</ns3:hr>
            <ns3:cad>82</ns3:cad>
          </ns3:TrackPointExtension>
        </extensions>
      </trkpt>
      <trkpt lat="30.0005388446152210235595703125" lon="120.24450444616377353668212890625">
        <ele>10.6000003814697265625</ele>
        <time>2026-07-24T11:57:07.000Z</time>
        <extensions>
          <ns3:TrackPointExtension>
            <ns3:hr>147</ns3:hr>
            <ns3:cad>82</ns3:cad>
          </ns3:TrackPointExtension>
        </extensions>
      </trkpt>
      <trkpt lat="30.0005240924656391143798828125" lon="120.24451852776110172271728515625">
        <ele>10.6000003814697265625</ele>
        <time>2026-07-24T11:57:08.000Z</time>
        <extensions>
          <ns3:TrackPointExtension>
            <ns3:hr>148</ns3:hr>
            <ns3:cad>82</ns3:cad>
          </ns3:TrackPointExtension>
        </extensions>
      </trkpt>
      <trkpt lat="30.00049886293709278106689453125" lon="120.244533531367778778076171875">
        <ele>10.6000003814697265625</ele>
        <time>2026-07-24T11:57:09.000Z</time>
        <extensions>
          <ns3:TrackPointExtension>
            <ns3:hr>148</ns3:hr>
            <ns3:cad>82</ns3:cad>
          </ns3:TrackPointExtension>
        </extensions>
      </trkpt>
      <trkpt lat="30.00048176385462284088134765625" lon="120.24454384110867977142333984375">
        <ele>10.6000003814697265625</ele>
        <time>2026-07-24T11:57:10.000Z</time>
        <extensions>
          <ns3:TrackPointExtension>
            <ns3:hr>148</ns3:hr>
            <ns3:cad>82</ns3:cad>
          </ns3:TrackPointExtension>
        </extensions>
      </trkpt>
      <trkpt lat="30.00046198256313800811767578125" lon="120.24455792270600795745849609375">
        <ele>10.6000003814697265625</ele>
        <time>2026-07-24T11:57:11.000Z</time>
        <extensions>
          <ns3:TrackPointExtension>
            <ns3:hr>148</ns3:hr>
            <ns3:cad>82</ns3:cad>
          </ns3:TrackPointExtension>
        </extensions>
      </trkpt>
      <trkpt lat="30.00043817795813083648681640625" lon="120.2445712499320507049560546875">
        <ele>10.3999996185302734375</ele>
        <time>2026-07-24T11:57:12.000Z</time>
        <extensions>
          <ns3:TrackPointExtension>
            <ns3:hr>149</ns3:hr>
            <ns3:cad>82</ns3:cad>
          </ns3:TrackPointExtension>
        </extensions>
      </trkpt>
      <trkpt lat="30.000426359474658966064453125" lon="120.2445843257009983062744140625">
        <ele>10.3999996185302734375</ele>
        <time>2026-07-24T11:57:13.000Z</time>
        <extensions>
          <ns3:TrackPointExtension>
            <ns3:hr>149</ns3:hr>
            <ns3:cad>82</ns3:cad>
          </ns3:TrackPointExtension>
        </extensions>
      </trkpt>
      <trkpt lat="30.00040297396481037139892578125" lon="120.244600586593151092529296875">
        <ele>10.3999996185302734375</ele>
        <time>2026-07-24T11:57:14.000Z</time>
        <extensions>
          <ns3:TrackPointExtension>
            <ns3:hr>149</ns3:hr>
            <ns3:cad>82</ns3:cad>
          </ns3:TrackPointExtension>
        </extensions>
      </trkpt>
      <trkpt lat="30.0003862939774990081787109375" lon="120.2446131594479084014892578125">
        <ele>10.3999996185302734375</ele>
        <time>2026-07-24T11:57:15.000Z</time>
        <extensions>
          <ns3:TrackPointExtension>
            <ns3:hr>149</ns3:hr>
            <ns3:cad>82</ns3:cad>
          </ns3:TrackPointExtension>
        </extensions>
      </trkpt>
      <trkpt lat="30.0003685243427753448486328125" lon="120.24462841451168060302734375">
        <ele>10.3999996185302734375</ele>
        <time>2026-07-24T11:57:16.000Z</time>
        <extensions>
          <ns3:TrackPointExtension>
            <ns3:hr>150</ns3:hr>
            <ns3:cad>82</ns3:cad>
          </ns3:TrackPointExtension>
        </extensions>
      </trkpt>
      <trkpt lat="30.00034354627132415771484375" lon="120.2446433342993259429931640625">
        <ele>10.3999996185302734375</ele>
        <time>2026-07-24T11:57:17.000Z</time>
        <extensions>
          <ns3:TrackPointExtension>
            <ns3:hr>150</ns3:hr>
            <ns3:cad>82</ns3:cad>
          </ns3:TrackPointExtension>
        </extensions>
      </trkpt>
      <trkpt lat="30.0003272853791713714599609375" lon="120.24465766735374927520751953125">
        <ele>10.3999996185302734375</ele>
        <time>2026-07-24T11:57:18.000Z</time>
        <extensions>
          <ns3:TrackPointExtension>
            <ns3:hr>150</ns3:hr>
            <ns3:cad>83</ns3:cad>
          </ns3:TrackPointExtension>
        </extensions>
      </trkpt>
      <trkpt lat="30.0003108568489551544189453125" lon="120.24467409588396549224853515625">
        <ele>10.3999996185302734375</ele>
        <time>2026-07-24T11:57:19.000Z</time>
        <extensions>
          <ns3:TrackPointExtension>
            <ns3:hr>150</ns3:hr>
            <ns3:cad>83</ns3:cad>
          </ns3:TrackPointExtension>
        </extensions>
      </trkpt>
      <trkpt lat="30.00029048882424831390380859375" lon="120.24468700401484966278076171875">
        <ele>10.3999996185302734375</ele>
        <time>2026-07-24T11:57:20.000Z</time>
        <extensions>
          <ns3:TrackPointExtension>
            <ns3:hr>150</ns3:hr>
            <ns3:cad>82</ns3:cad>
          </ns3:TrackPointExtension>
        </extensions>
      </trkpt>
      <trkpt lat="30.000275485217571258544921875" lon="120.24469857104122638702392578125">
        <ele>10.3999996185302734375</ele>
        <time>2026-07-24T11:57:21.000Z</time>
        <extensions>
          <ns3:TrackPointExtension>
            <ns3:hr>150</ns3:hr>
            <ns3:cad>82</ns3:cad>
          </ns3:TrackPointExtension>
        </extensions>
      </trkpt>
      <trkpt lat="30.00025310553610324859619140625" lon="120.2447134070098400115966796875">
        <ele>10.3999996185302734375</ele>
        <time>2026-07-24T11:57:22.000Z</time>
        <extensions>
          <ns3:TrackPointExtension>
            <ns3:hr>150</ns3:hr>
            <ns3:cad>82</ns3:cad>
          </ns3:TrackPointExtension>
        </extensions>
      </trkpt>
      <trkpt lat="30.000233910977840423583984375" lon="120.24472765624523162841796875">
        <ele>10.3999996185302734375</ele>
        <time>2026-07-24T11:57:23.000Z</time>
        <extensions>
          <ns3:TrackPointExtension>
            <ns3:hr>150</ns3:hr>
            <ns3:cad>82</ns3:cad>
          </ns3:TrackPointExtension>
        </extensions>
      </trkpt>
      <trkpt lat="30.0002179853618144989013671875" lon="120.2447432465851306915283203125">
        <ele>10.3999996185302734375</ele>
        <time>2026-07-24T11:57:24.000Z</time>
        <extensions>
          <ns3:TrackPointExtension>
            <ns3:hr>150</ns3:hr>
            <ns3:cad>82</ns3:cad>
          </ns3:TrackPointExtension>
        </extensions>
      </trkpt>
      <trkpt lat="30.0001904927194118499755859375" lon="120.2447569929063320159912109375">
        <ele>10.3999996185302734375</ele>
        <time>2026-07-24T11:57:25.000Z</time>
        <extensions>
          <ns3:TrackPointExtension>
            <ns3:hr>150</ns3:hr>
            <ns3:cad>82</ns3:cad>
          </ns3:TrackPointExtension>
        </extensions>
      </trkpt>
      <trkpt lat="30.00017322599887847900390625" lon="120.24476931430399417877197265625">
        <ele>10.3999996185302734375</ele>
        <time>2026-07-24T11:57:26.000Z</time>
        <extensions>
          <ns3:TrackPointExtension>
            <ns3:hr>150</ns3:hr>
            <ns3:cad>82</ns3:cad>
          </ns3:TrackPointExtension>
        </extensions>
      </trkpt>
      <trkpt lat="30.0001559592783451080322265625" lon="120.24478264153003692626953125">
        <ele>10.19999980926513671875</ele>
        <time>2026-07-24T11:57:27.000Z</time>
        <extensions>
          <ns3:TrackPointExtension>
            <ns3:hr>150</ns3:hr>
            <ns3:cad>82</ns3:cad>
          </ns3:TrackPointExtension>
        </extensions>
      </trkpt>
      <trkpt lat="30.00013156794011592864990234375" lon="120.244795717298984527587890625">
        <ele>10.19999980926513671875</ele>
        <time>2026-07-24T11:57:28.000Z</time>
        <extensions>
          <ns3:TrackPointExtension>
            <ns3:hr>151</ns3:hr>
            <ns3:cad>82</ns3:cad>
          </ns3:TrackPointExtension>
        </extensions>
      </trkpt>
      <trkpt lat="30.00011689960956573486328125" lon="120.244805105030536651611328125">
        <ele>10.19999980926513671875</ele>
        <time>2026-07-24T11:57:29.000Z</time>
        <extensions>
          <ns3:TrackPointExtension>
            <ns3:hr>151</ns3:hr>
            <ns3:cad>81</ns3:cad>
          </ns3:TrackPointExtension>
        </extensions>
      </trkpt>
      <trkpt lat="30.00009753741323947906494140625" lon="120.24481859989464282989501953125">
        <ele>10.19999980926513671875</ele>
        <time>2026-07-24T11:57:30.000Z</time>
        <extensions>
          <ns3:TrackPointExtension>
            <ns3:hr>151</ns3:hr>
            <ns3:cad>81</ns3:cad>
          </ns3:TrackPointExtension>
        </extensions>
      </trkpt>
      <trkpt lat="30.0000751577317714691162109375" lon="120.24482815526425838470458984375">
        <ele>10.19999980926513671875</ele>
        <time>2026-07-24T11:57:31.000Z</time>
        <extensions>
          <ns3:TrackPointExtension>
            <ns3:hr>151</ns3:hr>
            <ns3:cad>81</ns3:cad>
          </ns3:TrackPointExtension>
        </extensions>
      </trkpt>
      <trkpt lat="30.0000612437725067138671875" lon="120.24483921937644481658935546875">
        <ele>10.19999980926513671875</ele>
        <time>2026-07-24T11:57:32.000Z</time>
        <extensions>
          <ns3:TrackPointExtension>
            <ns3:hr>152</ns3:hr>
            <ns3:cad>82</ns3:cad>
          </ns3:TrackPointExtension>
        </extensions>
      </trkpt>
      <trkpt lat="30.000036098062992095947265625" lon="120.24485061876475811004638671875">
        <ele>10.19999980926513671875</ele>
        <time>2026-07-24T11:57:33.000Z</time>
        <extensions>
          <ns3:TrackPointExtension>
            <ns3:hr>152</ns3:hr>
            <ns3:cad>82</ns3:cad>
          </ns3:TrackPointExtension>
        </extensions>
      </trkpt>
      <trkpt lat="30.00001430511474609375" lon="120.24485765956342220306396484375">
        <ele>10</ele>
        <time>2026-07-24T11:57:34.000Z</time>
        <extensions>
          <ns3:TrackPointExtension>
            <ns3:hr>152</ns3:hr>
            <ns3:cad>82</ns3:cad>
          </ns3:TrackPointExtension>
        </extensions>
      </trkpt>
      <trkpt lat="29.99999779276549816131591796875" lon="120.244870148599147796630859375">
        <ele>10</ele>
        <time>2026-07-24T11:57:35.000Z</time>
        <extensions>
          <ns3:TrackPointExtension>
            <ns3:hr>152</ns3:hr>
            <ns3:cad>82</ns3:cad>
          </ns3:TrackPointExtension>
        </extensions>
      </trkpt>
      <trkpt lat="29.99997206032276153564453125" lon="120.24488029070198535919189453125">
        <ele>10</ele>
        <time>2026-07-24T11:57:36.000Z</time>
        <extensions>
          <ns3:TrackPointExtension>
            <ns3:hr>152</ns3:hr>
            <ns3:cad>82</ns3:cad>
          </ns3:TrackPointExtension>
        </extensions>
      </trkpt>
      <trkpt lat="29.99995454214513301849365234375" lon="120.24488951079547405242919921875">
        <ele>10</ele>
        <time>2026-07-24T11:57:37.000Z</time>
        <extensions>
          <ns3:TrackPointExtension>
            <ns3:hr>153</ns3:hr>
            <ns3:cad>82</ns3:cad>
          </ns3:TrackPointExtension>
        </extensions>
      </trkpt>
      <trkpt lat="29.99993543140590190887451171875" lon="120.24490275420248508453369140625">
        <ele>10</ele>
        <time>2026-07-24T11:57:38.000Z</time>
        <extensions>
          <ns3:TrackPointExtension>
            <ns3:hr>153</ns3:hr>
            <ns3:cad>82</ns3:cad>
          </ns3:TrackPointExtension>
        </extensions>
      </trkpt>
      <trkpt lat="29.99990927986800670623779296875" lon="120.2449118904769420623779296875">
        <ele>10</ele>
        <time>2026-07-24T11:57:39.000Z</time>
        <extensions>
          <ns3:TrackPointExtension>
            <ns3:hr>153</ns3:hr>
            <ns3:cad>82</ns3:cad>
          </ns3:TrackPointExtension>
        </extensions>
      </trkpt>
      <trkpt lat="29.99989201314747333526611328125" lon="120.2449219487607479095458984375">
        <ele>10</ele>
        <time>2026-07-24T11:57:40.000Z</time>
        <extensions>
          <ns3:TrackPointExtension>
            <ns3:hr>152</ns3:hr>
            <ns3:cad>82</ns3:cad>
          </ns3:TrackPointExtension>
        </extensions>
      </trkpt>
      <trkpt lat="29.9998635984957218170166015625" lon="120.244935862720012664794921875">
        <ele>10</ele>
        <time>2026-07-24T11:57:41.000Z</time>
        <extensions>
          <ns3:TrackPointExtension>
            <ns3:hr>153</ns3:hr>
            <ns3:cad>82</ns3:cad>
          </ns3:TrackPointExtension>
        </extensions>
      </trkpt>
      <trkpt lat="29.99984373338520526885986328125" lon="120.24494768120348453521728515625">
        <ele>10</ele>
        <time>2026-07-24T11:57:42.000Z</time>
        <extensions>
          <ns3:TrackPointExtension>
            <ns3:hr>153</ns3:hr>
            <ns3:cad>81</ns3:cad>
          </ns3:TrackPointExtension>
        </extensions>
      </trkpt>
      <trkpt lat="29.9998253770172595977783203125" lon="120.2449638582766056060791015625">
        <ele>10</ele>
        <time>2026-07-24T11:57:43.000Z</time>
        <extensions>
          <ns3:TrackPointExtension>
            <ns3:hr>153</ns3:hr>
            <ns3:cad>81</ns3:cad>
          </ns3:TrackPointExtension>
        </extensions>
      </trkpt>
      <trkpt lat="29.9998009018599987030029296875" lon="120.244976095855236053466796875">
        <ele>10</ele>
        <time>2026-07-24T11:57:44.000Z</time>
        <extensions>
          <ns3:TrackPointExtension>
            <ns3:hr>153</ns3:hr>
            <ns3:cad>82</ns3:cad>
          </ns3:TrackPointExtension>
        </extensions>
      </trkpt>
      <trkpt lat="29.99978430569171905517578125" lon="120.2449836395680904388427734375">
        <ele>10</ele>
        <time>2026-07-24T11:57:45.000Z</time>
        <extensions>
          <ns3:TrackPointExtension>
            <ns3:hr>153</ns3:hr>
            <ns3:cad>82</ns3:cad>
          </ns3:TrackPointExtension>
        </extensions>
      </trkpt>
      <trkpt lat="29.99975991435348987579345703125" lon="120.24499713443219661712646484375">
        <ele>10</ele>
        <time>2026-07-24T11:57:46.000Z</time>
        <extensions>
          <ns3:TrackPointExtension>
            <ns3:hr>153</ns3:hr>
            <ns3:cad>83</ns3:cad>
          </ns3:TrackPointExtension>
        </extensions>
      </trkpt>
      <trkpt lat="29.99973745085299015045166015625" lon="120.2450064383447170257568359375">
        <ele>10</ele>
        <time>2026-07-24T11:57:47.000Z</time>
        <extensions>
          <ns3:TrackPointExtension>
            <ns3:hr>153</ns3:hr>
            <ns3:cad>83</ns3:cad>
          </ns3:TrackPointExtension>
        </extensions>
      </trkpt>
      <trkpt lat="29.99972261488437652587890625" lon="120.245021022856235504150390625">
        <ele>10</ele>
        <time>2026-07-24T11:57:48.000Z</time>
        <extensions>
          <ns3:TrackPointExtension>
            <ns3:hr>153</ns3:hr>
            <ns3:cad>83</ns3:cad>
          </ns3:TrackPointExtension>
        </extensions>
      </trkpt>
      <trkpt lat="29.999700486660003662109375" lon="120.24503418244421482086181640625">
        <ele>10</ele>
        <time>2026-07-24T11:57:49.000Z</time>
        <extensions>
          <ns3:TrackPointExtension>
            <ns3:hr>153</ns3:hr>
            <ns3:cad>83</ns3:cad>
          </ns3:TrackPointExtension>
        </extensions>
      </trkpt>
      <trkpt lat="29.99968296848237514495849609375" lon="120.24504206143319606781005859375">
        <ele>10</ele>
        <time>2026-07-24T11:57:50.000Z</time>
        <extensions>
          <ns3:TrackPointExtension>
            <ns3:hr>154</ns3:hr>
            <ns3:cad>83</ns3:cad>
          </ns3:TrackPointExtension>
        </extensions>
      </trkpt>
      <trkpt lat="29.99966385774314403533935546875" lon="120.2450568974018096923828125">
        <ele>10</ele>
        <time>2026-07-24T11:57:51.000Z</time>
        <extensions>
          <ns3:TrackPointExtension>
            <ns3:hr>154</ns3:hr>
            <ns3:cad>83</ns3:cad>
          </ns3:TrackPointExtension>
        </extensions>
      </trkpt>
      <trkpt lat="29.99964256770908832550048828125" lon="120.24506821297109127044677734375">
        <ele>10</ele>
        <time>2026-07-24T11:57:52.000Z</time>
        <extensions>
          <ns3:TrackPointExtension>
            <ns3:hr>154</ns3:hr>
            <ns3:cad>83</ns3:cad>
          </ns3:TrackPointExtension>
        </extensions>
      </trkpt>
      <trkpt lat="29.99962831847369670867919921875" lon="120.24507902562618255615234375">
        <ele>10</ele>
        <time>2026-07-24T11:57:53.000Z</time>
        <extensions>
          <ns3:TrackPointExtension>
            <ns3:hr>155</ns3:hr>
            <ns3:cad>83</ns3:cad>
          </ns3:TrackPointExtension>
        </extensions>
      </trkpt>
      <trkpt lat="29.99960300512611865997314453125" lon="120.24509201757609844207763671875">
        <ele>10</ele>
        <time>2026-07-24T11:57:54.000Z</time>
        <extensions>
          <ns3:TrackPointExtension>
            <ns3:hr>155</ns3:hr>
            <ns3:cad>83</ns3:cad>
          </ns3:TrackPointExtension>
        </extensions>
      </trkpt>
      <trkpt lat="29.9995811283588409423828125" lon="120.245102830231189727783203125">
        <ele>10</ele>
        <time>2026-07-24T11:57:55.000Z</time>
        <extensions>
          <ns3:TrackPointExtension>
            <ns3:hr>155</ns3:hr>
            <ns3:cad>83</ns3:cad>
          </ns3:TrackPointExtension>
        </extensions>
      </trkpt>
      <trkpt lat="29.99956092797219753265380859375" lon="120.24511615745723247528076171875">
        <ele>10</ele>
        <time>2026-07-24T11:57:56.000Z</time>
        <extensions>
          <ns3:TrackPointExtension>
            <ns3:hr>155</ns3:hr>
            <ns3:cad>83</ns3:cad>
          </ns3:TrackPointExtension>
        </extensions>
      </trkpt>
      <trkpt lat="29.99953360296785831451416015625" lon="120.24512906558811664581298828125">
        <ele>10</ele>
        <time>2026-07-24T11:57:57.000Z</time>
        <extensions>
          <ns3:TrackPointExtension>
            <ns3:hr>155</ns3:hr>
            <ns3:cad>83</ns3:cad>
          </ns3:TrackPointExtension>
        </extensions>
      </trkpt>
      <trkpt lat="29.9995155818760395050048828125" lon="120.2451368607580661773681640625">
        <ele>10</ele>
        <time>2026-07-24T11:57:58.000Z</time>
        <extensions>
          <ns3:TrackPointExtension>
            <ns3:hr>155</ns3:hr>
            <ns3:cad>83</ns3:cad>
          </ns3:TrackPointExtension>
        </extensions>
      </trkpt>
      <trkpt lat="29.999490268528461456298828125" lon="120.24514465592801570892333984375">
        <ele>10</ele>
        <time>2026-07-24T11:57:59.000Z</time>
        <extensions>
          <ns3:TrackPointExtension>
            <ns3:hr>155</ns3:hr>
            <ns3:cad>83</ns3:cad>
          </ns3:TrackPointExtension>
        </extensions>
      </trkpt>
      <trkpt lat="29.9994676373898983001708984375" lon="120.2451536245644092559814453125">
        <ele>10</ele>
        <time>2026-07-24T11:58:00.000Z</time>
        <extensions>
          <ns3:TrackPointExtension>
            <ns3:hr>155</ns3:hr>
            <ns3:cad>83</ns3:cad>
          </ns3:TrackPointExtension>
        </extensions>
      </trkpt>
      <trkpt lat="29.99944911338388919830322265625" lon="120.2451660297811031341552734375">
        <ele>9.80000019073486328125</ele>
        <time>2026-07-24T11:58:01.000Z</time>
        <extensions>
          <ns3:TrackPointExtension>
            <ns3:hr>156</ns3:hr>
            <ns3:cad>83</ns3:cad>
          </ns3:TrackPointExtension>
        </extensions>
      </trkpt>
      <trkpt lat="29.9994228780269622802734375" lon="120.24517751298844814300537109375">
        <ele>9.80000019073486328125</ele>
        <time>2026-07-24T11:58:02.000Z</time>
        <extensions>
          <ns3:TrackPointExtension>
            <ns3:hr>156</ns3:hr>
            <ns3:cad>83</ns3:cad>
          </ns3:TrackPointExtension>
        </extensions>
      </trkpt>
      <trkpt lat="29.99940753914415836334228515625" lon="120.24518941529095172882080078125">
        <ele>9.80000019073486328125</ele>
        <time>2026-07-24T11:58:03.000Z</time>
        <extensions>
          <ns3:TrackPointExtension>
            <ns3:hr>156</ns3:hr>
            <ns3:cad>83</ns3:cad>
          </ns3:TrackPointExtension>
        </extensions>
      </trkpt>
      <trkpt lat="29.9993844889104366302490234375" lon="120.24520265869796276092529296875">
        <ele>10</ele>
        <time>2026-07-24T11:58:04.000Z</time>
        <extensions>
          <ns3:TrackPointExtension>
            <ns3:hr>156</ns3:hr>
            <ns3:cad>83</ns3:cad>
          </ns3:TrackPointExtension>
        </extensions>
      </trkpt>
      <trkpt lat="29.9993630312383174896240234375" lon="120.245213471353054046630859375">
        <ele>10</ele>
        <time>2026-07-24T11:58:05.000Z</time>
        <extensions>
          <ns3:TrackPointExtension>
            <ns3:hr>156</ns3:hr>
            <ns3:cad>84</ns3:cad>
          </ns3:TrackPointExtension>
        </extensions>
      </trkpt>
      <trkpt lat="29.99934350140392780303955078125" lon="120.24522520601749420166015625">
        <ele>10</ele>
        <time>2026-07-24T11:58:06.000Z</time>
        <extensions>
          <ns3:TrackPointExtension>
            <ns3:hr>156</ns3:hr>
            <ns3:cad>84</ns3:cad>
          </ns3:TrackPointExtension>
        </extensions>
      </trkpt>
      <trkpt lat="29.9993177689611911773681640625" lon="120.245236940681934356689453125">
        <ele>10</ele>
        <time>2026-07-24T11:58:07.000Z</time>
        <extensions>
          <ns3:TrackPointExtension>
            <ns3:hr>157</ns3:hr>
            <ns3:cad>84</ns3:cad>
          </ns3:TrackPointExtension>
        </extensions>
      </trkpt>
      <trkpt lat="29.99930125661194324493408203125" lon="120.24524590931832790374755859375">
        <ele>10</ele>
        <time>2026-07-24T11:58:08.000Z</time>
        <extensions>
          <ns3:TrackPointExtension>
            <ns3:hr>157</ns3:hr>
            <ns3:cad>83</ns3:cad>
          </ns3:TrackPointExtension>
        </extensions>
      </trkpt>
      <trkpt lat="29.9992818944156169891357421875" lon="120.24526250548660755157470703125">
        <ele>9.80000019073486328125</ele>
        <time>2026-07-24T11:58:09.000Z</time>
        <extensions>
          <ns3:TrackPointExtension>
            <ns3:hr>157</ns3:hr>
            <ns3:cad>83</ns3:cad>
          </ns3:TrackPointExtension>
        </extensions>
      </trkpt>
      <trkpt lat="29.99926035292446613311767578125" lon="120.24527574889361858367919921875">
        <ele>9.80000019073486328125</ele>
        <time>2026-07-24T11:58:10.000Z</time>
        <extensions>
          <ns3:TrackPointExtension>
            <ns3:hr>157</ns3:hr>
            <ns3:cad>83</ns3:cad>
          </ns3:TrackPointExtension>
        </extensions>
      </trkpt>
      <trkpt lat="29.999244511127471923828125" lon="120.245289243757724761962890625">
        <ele>9.80000019073486328125</ele>
        <time>2026-07-24T11:58:11.000Z</time>
        <extensions>
          <ns3:TrackPointExtension>
            <ns3:hr>158</ns3:hr>
            <ns3:cad>83</ns3:cad>
          </ns3:TrackPointExtension>
        </extensions>
      </trkpt>
      <trkpt lat="29.999218694865703582763671875" lon="120.24530156515538692474365234375">
        <ele>9.80000019073486328125</ele>
        <time>2026-07-24T11:58:12.000Z</time>
        <extensions>
          <ns3:TrackPointExtension>
            <ns3:hr>158</ns3:hr>
            <ns3:cad>83</ns3:cad>
          </ns3:TrackPointExtension>
        </extensions>
      </trkpt>
      <trkpt lat="29.9992014281451702117919921875" lon="120.2453132160007953643798828125">
        <ele>9.80000019073486328125</ele>
        <time>2026-07-24T11:58:13.000Z</time>
        <extensions>
          <ns3:TrackPointExtension>
            <ns3:hr>159</ns3:hr>
            <ns3:cad>83</ns3:cad>
          </ns3:TrackPointExtension>
        </extensions>
      </trkpt>
      <trkpt lat="29.99918374232947826385498046875" lon="120.2453266270458698272705078125">
        <ele>9.80000019073486328125</ele>
        <time>2026-07-24T11:58:14.000Z</time>
        <extensions>
          <ns3:TrackPointExtension>
            <ns3:hr>159</ns3:hr>
            <ns3:cad>84</ns3:cad>
          </ns3:TrackPointExtension>
        </extensions>
      </trkpt>
      <trkpt lat="29.9991578422486782073974609375" lon="120.24533408693969249725341796875">
        <ele>9.80000019073486328125</ele>
        <time>2026-07-24T11:58:15.000Z</time>
        <extensions>
          <ns3:TrackPointExtension>
            <ns3:hr>160</ns3:hr>
            <ns3:cad>84</ns3:cad>
          </ns3:TrackPointExtension>
        </extensions>
      </trkpt>
      <trkpt lat="29.99913923442363739013671875" lon="120.24534129537642002105712890625">
        <ele>10</ele>
        <time>2026-07-24T11:58:16.000Z</time>
        <extensions>
          <ns3:TrackPointExtension>
            <ns3:hr>160</ns3:hr>
            <ns3:cad>84</ns3:cad>
          </ns3:TrackPointExtension>
        </extensions>
      </trkpt>
      <trkpt lat="29.999117441475391387939453125" lon="120.2453511022031307220458984375">
        <ele>10</ele>
        <time>2026-07-24T11:58:17.000Z</time>
        <extensions>
          <ns3:TrackPointExtension>
            <ns3:hr>160</ns3:hr>
            <ns3:cad>84</ns3:cad>
          </ns3:TrackPointExtension>
        </extensions>
      </trkpt>
      <trkpt lat="29.99909824691712856292724609375" lon="120.24536141194403171539306640625">
        <ele>10</ele>
        <time>2026-07-24T11:58:18.000Z</time>
        <extensions>
          <ns3:TrackPointExtension>
            <ns3:hr>160</ns3:hr>
            <ns3:cad>83</ns3:cad>
          </ns3:TrackPointExtension>
        </extensions>
      </trkpt>
      <trkpt lat="29.99908064492046833038330078125" lon="120.24537163786590099334716796875">
        <ele>10</ele>
        <time>2026-07-24T11:58:19.000Z</time>
        <extensions>
          <ns3:TrackPointExtension>
            <ns3:hr>160</ns3:hr>
            <ns3:cad>83</ns3:cad>
          </ns3:TrackPointExtension>
        </extensions>
      </trkpt>
      <trkpt lat="29.999056756496429443359375" lon="120.24538186378777027130126953125">
        <ele>10</ele>
        <time>2026-07-24T11:58:20.000Z</time>
        <extensions>
          <ns3:TrackPointExtension>
            <ns3:hr>160</ns3:hr>
            <ns3:cad>83</ns3:cad>
          </ns3:TrackPointExtension>
        </extensions>
      </trkpt>
      <trkpt lat="29.9990438483655452728271484375" lon="120.24538974277675151824951171875">
        <ele>9.80000019073486328125</ele>
        <time>2026-07-24T11:58:21.000Z</time>
        <extensions>
          <ns3:TrackPointExtension>
            <ns3:hr>160</ns3:hr>
            <ns3:cad>83</ns3:cad>
          </ns3:TrackPointExtension>
        </extensions>
      </trkpt>
      <trkpt lat="29.99902524054050445556640625" lon="120.2453993819653987884521484375">
        <ele>9.80000019073486328125</ele>
        <time>2026-07-24T11:58:22.000Z</time>
        <extensions>
          <ns3:TrackPointExtension>
            <ns3:hr>160</ns3:hr>
            <ns3:cad>82</ns3:cad>
          </ns3:TrackPointExtension>
        </extensions>
      </trkpt>
      <trkpt lat="29.99899975955486297607421875" lon="120.24540633894503116607666015625">
        <ele>9.80000019073486328125</ele>
        <time>2026-07-24T11:58:23.000Z</time>
        <extensions>
          <ns3:TrackPointExtension>
            <ns3:hr>160</ns3:hr>
            <ns3:cad>82</ns3:cad>
          </ns3:TrackPointExtension>
        </extensions>
      </trkpt>
      <trkpt lat="29.99898123554885387420654296875" lon="120.2454136312007904052734375">
        <ele>9.80000019073486328125</ele>
        <time>2026-07-24T11:58:24.000Z</time>
        <extensions>
          <ns3:TrackPointExtension>
            <ns3:hr>160</ns3:hr>
            <ns3:cad>83</ns3:cad>
          </ns3:TrackPointExtension>
        </extensions>
      </trkpt>
      <trkpt lat="29.99895743094384670257568359375" lon="120.24542092345654964447021484375">
        <ele>9.80000019073486328125</ele>
        <time>2026-07-24T11:58:25.000Z</time>
        <extensions>
          <ns3:TrackPointExtension>
            <ns3:hr>160</ns3:hr>
            <ns3:cad>83</ns3:cad>
          </ns3:TrackPointExtension>
        </extensions>
      </trkpt>
      <trkpt lat="29.998938404023647308349609375" lon="120.24542503058910369873046875">
        <ele>9.80000019073486328125</ele>
        <time>2026-07-24T11:58:26.000Z</time>
        <extensions>
          <ns3:TrackPointExtension>
            <ns3:hr>160</ns3:hr>
            <ns3:cad>82</ns3:cad>
          </ns3:TrackPointExtension>
        </extensions>
      </trkpt>
      <trkpt lat="29.998919963836669921875" lon="120.2454369328916072845458984375">
        <ele>9.80000019073486328125</ele>
        <time>2026-07-24T11:58:27.000Z</time>
        <extensions>
          <ns3:TrackPointExtension>
            <ns3:hr>160</ns3:hr>
            <ns3:cad>82</ns3:cad>
          </ns3:TrackPointExtension>
        </extensions>
      </trkpt>
      <trkpt lat="29.99889473430812358856201171875" lon="120.24544388987123966217041015625">
        <ele>9.80000019073486328125</ele>
        <time>2026-07-24T11:58:28.000Z</time>
        <extensions>
          <ns3:TrackPointExtension>
            <ns3:hr>160</ns3:hr>
            <ns3:cad>82</ns3:cad>
          </ns3:TrackPointExtension>
        </extensions>
      </trkpt>
      <trkpt lat="29.99887562356889247894287109375" lon="120.245449841022491455078125">
        <ele>9.80000019073486328125</ele>
        <time>2026-07-24T11:58:29.000Z</time>
        <extensions>
          <ns3:TrackPointExtension>
            <ns3:hr>160</ns3:hr>
            <ns3:cad>82</ns3:cad>
          </ns3:TrackPointExtension>
        </extensions>
      </trkpt>
      <trkpt lat="29.99885492026805877685546875" lon="120.24545998312532901763916015625">
        <ele>9.80000019073486328125</ele>
        <time>2026-07-24T11:58:30.000Z</time>
        <extensions>
          <ns3:TrackPointExtension>
            <ns3:hr>160</ns3:hr>
            <ns3:cad>82</ns3:cad>
          </ns3:TrackPointExtension>
        </extensions>
      </trkpt>
      <trkpt lat="29.9988354742527008056640625" lon="120.24546601809561252593994140625">
        <ele>9.80000019073486328125</ele>
        <time>2026-07-24T11:58:31.000Z</time>
        <extensions>
          <ns3:TrackPointExtension>
            <ns3:hr>160</ns3:hr>
            <ns3:cad>82</ns3:cad>
          </ns3:TrackPointExtension>
        </extensions>
      </trkpt>
      <trkpt lat="29.99881443567574024200439453125" lon="120.24547674693167209625244140625">
        <ele>9.80000019073486328125</ele>
        <time>2026-07-24T11:58:32.000Z</time>
        <extensions>
          <ns3:TrackPointExtension>
            <ns3:hr>159</ns3:hr>
            <ns3:cad>82</ns3:cad>
          </ns3:TrackPointExtension>
        </extensions>
      </trkpt>
      <trkpt lat="29.9987925589084625244140625" lon="120.24548462592065334320068359375">
        <ele>9.80000019073486328125</ele>
        <time>2026-07-24T11:58:33.000Z</time>
        <extensions>
          <ns3:TrackPointExtension>
            <ns3:hr>159</ns3:hr>
            <ns3:cad>82</ns3:cad>
          </ns3:TrackPointExtension>
        </extensions>
      </trkpt>
      <trkpt lat="29.998772442340850830078125" lon="120.24548881687223911285400390625">
        <ele>9.80000019073486328125</ele>
        <time>2026-07-24T11:58:34.000Z</time>
        <extensions>
          <ns3:TrackPointExtension>
            <ns3:hr>159</ns3:hr>
            <ns3:cad>82</ns3:cad>
          </ns3:TrackPointExtension>
        </extensions>
      </trkpt>
      <trkpt lat="29.998756013810634613037109375" lon="120.2454986236989498138427734375">
        <ele>9.80000019073486328125</ele>
        <time>2026-07-24T11:58:35.000Z</time>
        <extensions>
          <ns3:TrackPointExtension>
            <ns3:hr>159</ns3:hr>
            <ns3:cad>82</ns3:cad>
          </ns3:TrackPointExtension>
        </extensions>
      </trkpt>
      <trkpt lat="29.9987343885004520416259765625" lon="120.24550541304051876068115234375">
        <ele>9.80000019073486328125</ele>
        <time>2026-07-24T11:58:36.000Z</time>
        <extensions>
          <ns3:TrackPointExtension>
            <ns3:hr>158</ns3:hr>
            <ns3:cad>82</ns3:cad>
          </ns3:TrackPointExtension>
        </extensions>
      </trkpt>
      <trkpt lat="29.99871804378926753997802734375" lon="120.2455110289156436920166015625">
        <ele>9.80000019073486328125</ele>
        <time>2026-07-24T11:58:37.000Z</time>
        <extensions>
          <ns3:TrackPointExtension>
            <ns3:hr>158</ns3:hr>
            <ns3:cad>82</ns3:cad>
          </ns3:TrackPointExtension>
        </extensions>
      </trkpt>
      <trkpt lat="29.9986968375742435455322265625" lon="120.24552083574235439300537109375">
        <ele>9.80000019073486328125</ele>
        <time>2026-07-24T11:58:38.000Z</time>
        <extensions>
          <ns3:TrackPointExtension>
            <ns3:hr>157</ns3:hr>
            <ns3:cad>83</ns3:cad>
          </ns3:TrackPointExtension>
        </extensions>
      </trkpt>
      <trkpt lat="29.99867462553083896636962890625" lon="120.2455284632742404937744140625">
        <ele>9.80000019073486328125</ele>
        <time>2026-07-24T11:58:39.000Z</time>
        <extensions>
          <ns3:TrackPointExtension>
            <ns3:hr>156</ns3:hr>
            <ns3:cad>83</ns3:cad>
          </ns3:TrackPointExtension>
        </extensions>
      </trkpt>
      <trkpt lat="29.99865400604903697967529296875" lon="120.24553877301514148712158203125">
        <ele>9.80000019073486328125</ele>
        <time>2026-07-24T11:58:40.000Z</time>
        <extensions>
          <ns3:TrackPointExtension>
            <ns3:hr>156</ns3:hr>
            <ns3:cad>83</ns3:cad>
          </ns3:TrackPointExtension>
        </extensions>
      </trkpt>
      <trkpt lat="29.99862751923501491546630859375" lon="120.245546735823154449462890625">
        <ele>9.80000019073486328125</ele>
        <time>2026-07-24T11:58:41.000Z</time>
        <extensions>
          <ns3:TrackPointExtension>
            <ns3:hr>156</ns3:hr>
            <ns3:cad>82</ns3:cad>
          </ns3:TrackPointExtension>
        </extensions>
      </trkpt>
      <trkpt lat="29.99860706739127635955810546875" lon="120.24555402807891368865966796875">
        <ele>9.80000019073486328125</ele>
        <time>2026-07-24T11:58:42.000Z</time>
        <extensions>
          <ns3:TrackPointExtension>
            <ns3:hr>156</ns3:hr>
            <ns3:cad>82</ns3:cad>
          </ns3:TrackPointExtension>
        </extensions>
      </trkpt>
      <trkpt lat="29.998583681881427764892578125" lon="120.245565511286258697509765625">
        <ele>9.80000019073486328125</ele>
        <time>2026-07-24T11:58:43.000Z</time>
        <extensions>
          <ns3:TrackPointExtension>
            <ns3:hr>156</ns3:hr>
            <ns3:cad>82</ns3:cad>
          </ns3:TrackPointExtension>
        </extensions>
      </trkpt>
      <trkpt lat="29.998556189239025115966796875" lon="120.24557054042816162109375">
        <ele>9.80000019073486328125</ele>
        <time>2026-07-24T11:58:44.000Z</time>
        <extensions>
          <ns3:TrackPointExtension>
            <ns3:hr>157</ns3:hr>
            <ns3:cad>83</ns3:cad>
          </ns3:TrackPointExtension>
        </extensions>
      </trkpt>
      <trkpt lat="29.99853732995688915252685546875" lon="120.24557783268392086029052734375">
        <ele>9.80000019073486328125</ele>
        <time>2026-07-24T11:58:45.000Z</time>
        <extensions>
          <ns3:TrackPointExtension>
            <ns3:hr>157</ns3:hr>
            <ns3:cad>83</ns3:cad>
          </ns3:TrackPointExtension>
        </extensions>
      </trkpt>
      <trkpt lat="29.99851235188543796539306640625" lon="120.24558705277740955352783203125">
        <ele>9.80000019073486328125</ele>
        <time>2026-07-24T11:58:46.000Z</time>
        <extensions>
          <ns3:TrackPointExtension>
            <ns3:hr>157</ns3:hr>
            <ns3:cad>83</ns3:cad>
          </ns3:TrackPointExtension>
        </extensions>
      </trkpt>
      <trkpt lat="29.998491145670413970947265625" lon="120.24559426121413707733154296875">
        <ele>9.80000019073486328125</ele>
        <time>2026-07-24T11:58:47.000Z</time>
        <extensions>
          <ns3:TrackPointExtension>
            <ns3:hr>157</ns3:hr>
            <ns3:cad>83</ns3:cad>
          </ns3:TrackPointExtension>
        </extensions>
      </trkpt>
      <trkpt lat="29.99847211875021457672119140625" lon="120.24560549296438694000244140625">
        <ele>9.80000019073486328125</ele>
        <time>2026-07-24T11:58:48.000Z</time>
        <extensions>
          <ns3:TrackPointExtension>
            <ns3:hr>157</ns3:hr>
            <ns3:cad>83</ns3:cad>
          </ns3:TrackPointExtension>
        </extensions>
      </trkpt>
      <trkpt lat="29.998448230326175689697265625" lon="120.24561052210628986358642578125">
        <ele>9.80000019073486328125</ele>
        <time>2026-07-24T11:58:49.000Z</time>
        <extensions>
          <ns3:TrackPointExtension>
            <ns3:hr>157</ns3:hr>
            <ns3:cad>83</ns3:cad>
          </ns3:TrackPointExtension>
        </extensions>
      </trkpt>
      <trkpt lat="29.99843037687242031097412109375" lon="120.2456173114478588104248046875">
        <ele>9.80000019073486328125</ele>
        <time>2026-07-24T11:58:50.000Z</time>
        <extensions>
          <ns3:TrackPointExtension>
            <ns3:hr>158</ns3:hr>
            <ns3:cad>83</ns3:cad>
          </ns3:TrackPointExtension>
        </extensions>
      </trkpt>
      <trkpt lat="29.99840858392417430877685546875" lon="120.245626866817474365234375">
        <ele>9.80000019073486328125</ele>
        <time>2026-07-24T11:58:51.000Z</time>
        <extensions>
          <ns3:TrackPointExtension>
            <ns3:hr>157</ns3:hr>
            <ns3:cad>83</ns3:cad>
          </ns3:TrackPointExtension>
        </extensions>
      </trkpt>
      <trkpt lat="29.9983914010226726531982421875" lon="120.2456303872168064117431640625">
        <ele>9.80000019073486328125</ele>
        <time>2026-07-24T11:58:52.000Z</time>
        <extensions>
          <ns3:TrackPointExtension>
            <ns3:hr>157</ns3:hr>
            <ns3:cad>83</ns3:cad>
          </ns3:TrackPointExtension>
        </extensions>
      </trkpt>
      <trkpt lat="29.998373799026012420654296875" lon="120.24563902057707309722900390625">
        <ele>9.80000019073486328125</ele>
        <time>2026-07-24T11:58:53.000Z</time>
        <extensions>
          <ns3:TrackPointExtension>
            <ns3:hr>158</ns3:hr>
            <ns3:cad>82</ns3:cad>
          </ns3:TrackPointExtension>
        </extensions>
      </trkpt>
      <trkpt lat="29.998348988592624664306640625" lon="120.24564363062381744384765625">
        <ele>9.80000019073486328125</ele>
        <time>2026-07-24T11:58:54.000Z</time>
        <extensions>
          <ns3:TrackPointExtension>
            <ns3:hr>157</ns3:hr>
            <ns3:cad>82</ns3:cad>
          </ns3:TrackPointExtension>
        </extensions>
      </trkpt>
      <trkpt lat="29.9983350746333599090576171875" lon="120.2456518448889255523681640625">
        <ele>9.80000019073486328125</ele>
        <time>2026-07-24T11:58:55.000Z</time>
        <extensions>
          <ns3:TrackPointExtension>
            <ns3:hr>158</ns3:hr>
            <ns3:cad>82</ns3:cad>
          </ns3:TrackPointExtension>
        </extensions>
      </trkpt>
      <trkpt lat="29.99831705354154109954833984375" lon="120.24565964005887508392333984375">
        <ele>9.80000019073486328125</ele>
        <time>2026-07-24T11:58:56.000Z</time>
        <extensions>
          <ns3:TrackPointExtension>
            <ns3:hr>158</ns3:hr>
            <ns3:cad>82</ns3:cad>
          </ns3:TrackPointExtension>
        </extensions>
      </trkpt>
      <trkpt lat="29.998295009136199951171875" lon="120.24565997533500194549560546875">
        <ele>9.80000019073486328125</ele>
        <time>2026-07-24T11:58:57.000Z</time>
        <extensions>
          <ns3:TrackPointExtension>
            <ns3:hr>158</ns3:hr>
            <ns3:cad>82</ns3:cad>
          </ns3:TrackPointExtension>
        </extensions>
      </trkpt>
      <trkpt lat="29.9982774071395397186279296875" lon="120.24566483683884143829345703125">
        <ele>9.80000019073486328125</ele>
        <time>2026-07-24T11:58:58.000Z</time>
        <extensions>
          <ns3:TrackPointExtension>
            <ns3:hr>158</ns3:hr>
            <ns3:cad>82</ns3:cad>
          </ns3:TrackPointExtension>
        </extensions>
      </trkpt>
      <trkpt lat="29.9982522614300251007080078125" lon="120.2456689439713954925537109375">
        <ele>9.80000019073486328125</ele>
        <time>2026-07-24T11:58:59.000Z</time>
        <extensions>
          <ns3:TrackPointExtension>
            <ns3:hr>158</ns3:hr>
            <ns3:cad>82</ns3:cad>
          </ns3:TrackPointExtension>
        </extensions>
      </trkpt>
      <trkpt lat="29.99823742546141147613525390625" lon="120.24567455984652042388916015625">
        <ele>9.6000003814697265625</ele>
        <time>2026-07-24T11:59:00.000Z</time>
        <extensions>
          <ns3:TrackPointExtension>
            <ns3:hr>158</ns3:hr>
            <ns3:cad>82</ns3:cad>
          </ns3:TrackPointExtension>
        </extensions>
      </trkpt>
      <trkpt lat="29.99821848236024379730224609375" lon="120.2456857077777385711669921875">
        <ele>9.6000003814697265625</ele>
        <time>2026-07-24T11:59:01.000Z</time>
        <extensions>
          <ns3:TrackPointExtension>
            <ns3:hr>158</ns3:hr>
            <ns3:cad>82</ns3:cad>
          </ns3:TrackPointExtension>
        </extensions>
      </trkpt>
      <trkpt lat="29.99819585122168064117431640625" lon="120.2456904016435146331787109375">
        <ele>9.6000003814697265625</ele>
        <time>2026-07-24T11:59:02.000Z</time>
        <extensions>
          <ns3:TrackPointExtension>
            <ns3:hr>158</ns3:hr>
            <ns3:cad>82</ns3:cad>
          </ns3:TrackPointExtension>
        </extensions>
      </trkpt>
      <trkpt lat="29.9981756508350372314453125" lon="120.24569459259510040283203125">
        <ele>9.6000003814697265625</ele>
        <time>2026-07-24T11:59:03.000Z</time>
        <extensions>
          <ns3:TrackPointExtension>
            <ns3:hr>158</ns3:hr>
            <ns3:cad>82</ns3:cad>
          </ns3:TrackPointExtension>
        </extensions>
      </trkpt>
      <trkpt lat="29.99815511517226696014404296875" lon="120.24569802917540073394775390625">
        <ele>9.6000003814697265625</ele>
        <time>2026-07-24T11:59:04.000Z</time>
        <extensions>
          <ns3:TrackPointExtension>
            <ns3:hr>158</ns3:hr>
            <ns3:cad>82</ns3:cad>
          </ns3:TrackPointExtension>
        </extensions>
      </trkpt>
      <trkpt lat="29.998134076595306396484375" lon="120.2457006275653839111328125">
        <ele>9.6000003814697265625</ele>
        <time>2026-07-24T11:59:05.000Z</time>
        <extensions>
          <ns3:TrackPointExtension>
            <ns3:hr>158</ns3:hr>
            <ns3:cad>82</ns3:cad>
          </ns3:TrackPointExtension>
        </extensions>
      </trkpt>
      <trkpt lat="29.99811454676091670989990234375" lon="120.24570800364017486572265625">
        <ele>9.6000003814697265625</ele>
        <time>2026-07-24T11:59:06.000Z</time>
        <extensions>
          <ns3:TrackPointExtension>
            <ns3:hr>158</ns3:hr>
            <ns3:cad>82</ns3:cad>
          </ns3:TrackPointExtension>
        </extensions>
      </trkpt>
      <trkpt lat="29.99808671884238719940185546875" lon="120.24571278132498264312744140625">
        <ele>9.6000003814697265625</ele>
        <time>2026-07-24T11:59:07.000Z</time>
        <extensions>
          <ns3:TrackPointExtension>
            <ns3:hr>157</ns3:hr>
            <ns3:cad>83</ns3:cad>
          </ns3:TrackPointExtension>
        </extensions>
      </trkpt>
      <trkpt lat="29.9980705417692661285400390625" lon="120.24571739137172698974609375">
        <ele>9.6000003814697265625</ele>
        <time>2026-07-24T11:59:08.000Z</time>
        <extensions>
          <ns3:TrackPointExtension>
            <ns3:hr>157</ns3:hr>
            <ns3:cad>83</ns3:cad>
          </ns3:TrackPointExtension>
        </extensions>
      </trkpt>
      <trkpt lat="29.99804967083036899566650390625" lon="120.245726108551025390625">
        <ele>9.6000003814697265625</ele>
        <time>2026-07-24T11:59:09.000Z</time>
        <extensions>
          <ns3:TrackPointExtension>
            <ns3:hr>157</ns3:hr>
            <ns3:cad>83</ns3:cad>
          </ns3:TrackPointExtension>
        </extensions>
      </trkpt>
      <trkpt lat="29.99802838079631328582763671875" lon="120.24572971276938915252685546875">
        <ele>9.6000003814697265625</ele>
        <time>2026-07-24T11:59:10.000Z</time>
        <extensions>
          <ns3:TrackPointExtension>
            <ns3:hr>157</ns3:hr>
            <ns3:cad>83</ns3:cad>
          </ns3:TrackPointExtension>
        </extensions>
      </trkpt>
      <trkpt lat="29.99801245518028736114501953125" lon="120.24573616683483123779296875">
        <ele>9.6000003814697265625</ele>
        <time>2026-07-24T11:59:11.000Z</time>
        <extensions>
          <ns3:TrackPointExtension>
            <ns3:hr>157</ns3:hr>
            <ns3:cad>83</ns3:cad>
          </ns3:TrackPointExtension>
        </extensions>
      </trkpt>
      <trkpt lat="29.9979873932898044586181640625" lon="120.2457376755774021148681640625">
        <ele>9.6000003814697265625</ele>
        <time>2026-07-24T11:59:12.000Z</time>
        <extensions>
          <ns3:TrackPointExtension>
            <ns3:hr>157</ns3:hr>
            <ns3:cad>83</ns3:cad>
          </ns3:TrackPointExtension>
        </extensions>
      </trkpt>
      <trkpt lat="29.99797104857861995697021484375" lon="120.245743207633495330810546875">
        <ele>9.6000003814697265625</ele>
        <time>2026-07-24T11:59:13.000Z</time>
        <extensions>
          <ns3:TrackPointExtension>
            <ns3:hr>157</ns3:hr>
            <ns3:cad>83</ns3:cad>
          </ns3:TrackPointExtension>
        </extensions>
      </trkpt>
      <trkpt lat="29.997950010001659393310546875" lon="120.2457497455179691314697265625">
        <ele>9.3999996185302734375</ele>
        <time>2026-07-24T11:59:14.000Z</time>
        <extensions>
          <ns3:TrackPointExtension>
            <ns3:hr>157</ns3:hr>
            <ns3:cad>83</ns3:cad>
          </ns3:TrackPointExtension>
        </extensions>
      </trkpt>
      <trkpt lat="29.99792612157762050628662109375" lon="120.24575234390795230865478515625">
        <ele>9.3999996185302734375</ele>
        <time>2026-07-24T11:59:15.000Z</time>
        <extensions>
          <ns3:TrackPointExtension>
            <ns3:hr>157</ns3:hr>
            <ns3:cad>83</ns3:cad>
          </ns3:TrackPointExtension>
        </extensions>
      </trkpt>
      <trkpt lat="29.9979101121425628662109375" lon="120.2457571215927600860595703125">
        <ele>9.3999996185302734375</ele>
        <time>2026-07-24T11:59:16.000Z</time>
        <extensions>
          <ns3:TrackPointExtension>
            <ns3:hr>157</ns3:hr>
            <ns3:cad>83</ns3:cad>
          </ns3:TrackPointExtension>
        </extensions>
      </trkpt>
      <trkpt lat="29.997884966433048248291015625" lon="120.2457618154585361480712890625">
        <ele>9.3999996185302734375</ele>
        <time>2026-07-24T11:59:17.000Z</time>
        <extensions>
          <ns3:TrackPointExtension>
            <ns3:hr>157</ns3:hr>
            <ns3:cad>83</ns3:cad>
          </ns3:TrackPointExtension>
        </extensions>
      </trkpt>
      <trkpt lat="29.99786443077027797698974609375" lon="120.24576474912464618682861328125">
        <ele>9.6000003814697265625</ele>
        <time>2026-07-24T11:59:18.000Z</time>
        <extensions>
          <ns3:TrackPointExtension>
            <ns3:hr>157</ns3:hr>
            <ns3:cad>83</ns3:cad>
          </ns3:TrackPointExtension>
        </extensions>
      </trkpt>
      <trkpt lat="29.99784397892653942108154296875" lon="120.2457718737423419952392578125">
        <ele>9.6000003814697265625</ele>
        <time>2026-07-24T11:59:19.000Z</time>
        <extensions>
          <ns3:TrackPointExtension>
            <ns3:hr>157</ns3:hr>
            <ns3:cad>83</ns3:cad>
          </ns3:TrackPointExtension>
        </extensions>
      </trkpt>
      <trkpt lat="29.997820593416690826416015625" lon="120.24577614851295948028564453125">
        <ele>9.6000003814697265625</ele>
        <time>2026-07-24T11:59:20.000Z</time>
        <extensions>
          <ns3:TrackPointExtension>
            <ns3:hr>157</ns3:hr>
            <ns3:cad>83</ns3:cad>
          </ns3:TrackPointExtension>
        </extensions>
      </trkpt>
      <trkpt lat="29.99780575744807720184326171875" lon="120.24578000418841838836669921875">
        <ele>9.6000003814697265625</ele>
        <time>2026-07-24T11:59:21.000Z</time>
        <extensions>
          <ns3:TrackPointExtension>
            <ns3:hr>157</ns3:hr>
            <ns3:cad>82</ns3:cad>
          </ns3:TrackPointExtension>
        </extensions>
      </trkpt>
      <trkpt lat="29.99778429977595806121826171875" lon="120.245784111320972442626953125">
        <ele>9.6000003814697265625</ele>
        <time>2026-07-24T11:59:22.000Z</time>
        <extensions>
          <ns3:TrackPointExtension>
            <ns3:hr>157</ns3:hr>
            <ns3:cad>82</ns3:cad>
          </ns3:TrackPointExtension>
        </extensions>
      </trkpt>
      <trkpt lat="29.9977604113519191741943359375" lon="120.2457859553396701812744140625">
        <ele>9.6000003814697265625</ele>
        <time>2026-07-24T11:59:23.000Z</time>
        <extensions>
          <ns3:TrackPointExtension>
            <ns3:hr>157</ns3:hr>
            <ns3:cad>82</ns3:cad>
          </ns3:TrackPointExtension>
        </extensions>
      </trkpt>
      <trkpt lat="29.997742809355258941650390625" lon="120.245793499052524566650390625">
        <ele>9.6000003814697265625</ele>
        <time>2026-07-24T11:59:24.000Z</time>
        <extensions>
          <ns3:TrackPointExtension>
            <ns3:hr>157</ns3:hr>
            <ns3:cad>82</ns3:cad>
          </ns3:TrackPointExtension>
        </extensions>
      </trkpt>
      <trkpt lat="29.99771674163639545440673828125" lon="120.2457980252802371978759765625">
        <ele>9.80000019073486328125</ele>
        <time>2026-07-24T11:59:25.000Z</time>
        <extensions>
          <ns3:TrackPointExtension>
            <ns3:hr>157</ns3:hr>
            <ns3:cad>81</ns3:cad>
          </ns3:TrackPointExtension>
        </extensions>
      </trkpt>
      <trkpt lat="29.997698552906513214111328125" lon="120.24580012075603008270263671875">
        <ele>9.80000019073486328125</ele>
        <time>2026-07-24T11:59:26.000Z</time>
        <extensions>
          <ns3:TrackPointExtension>
            <ns3:hr>157</ns3:hr>
            <ns3:cad>81</ns3:cad>
          </ns3:TrackPointExtension>
        </extensions>
      </trkpt>
      <trkpt lat="29.99768069945275783538818359375" lon="120.2458067424595355987548828125">
        <ele>9.80000019073486328125</ele>
        <time>2026-07-24T11:59:27.000Z</time>
        <extensions>
          <ns3:TrackPointExtension>
            <ns3:hr>156</ns3:hr>
            <ns3:cad>83</ns3:cad>
          </ns3:TrackPointExtension>
        </extensions>
      </trkpt>
      <trkpt lat="29.997656978666782379150390625" lon="120.24580934084951877593994140625">
        <ele>9.80000019073486328125</ele>
        <time>2026-07-24T11:59:28.000Z</time>
        <extensions>
          <ns3:TrackPointExtension>
            <ns3:hr>157</ns3:hr>
            <ns3:cad>83</ns3:cad>
          </ns3:TrackPointExtension>
        </extensions>
      </trkpt>
      <trkpt lat="29.99763987958431243896484375" lon="120.2458104304969310760498046875">
        <ele>9.80000019073486328125</ele>
        <time>2026-07-24T11:59:29.000Z</time>
        <extensions>
          <ns3:TrackPointExtension>
            <ns3:hr>157</ns3:hr>
            <ns3:cad>83</ns3:cad>
          </ns3:TrackPointExtension>
        </extensions>
      </trkpt>
      <trkpt lat="29.99761733226478099822998046875" lon="120.24581369943916797637939453125">
        <ele>9.80000019073486328125</ele>
        <time>2026-07-24T11:59:30.000Z</time>
        <extensions>
          <ns3:TrackPointExtension>
            <ns3:hr>157</ns3:hr>
            <ns3:cad>83</ns3:cad>
          </ns3:TrackPointExtension>
        </extensions>
      </trkpt>
      <trkpt lat="29.99759696424007415771484375" lon="120.2458131127059459686279296875">
        <ele>9.80000019073486328125</ele>
        <time>2026-07-24T11:59:31.000Z</time>
        <extensions>
          <ns3:TrackPointExtension>
            <ns3:hr>157</ns3:hr>
            <ns3:cad>83</ns3:cad>
          </ns3:TrackPointExtension>
        </extensions>
      </trkpt>
      <trkpt lat="29.997577853500843048095703125" lon="120.24581973440945148468017578125">
        <ele>10</ele>
        <time>2026-07-24T11:59:32.000Z</time>
        <extensions>
          <ns3:TrackPointExtension>
            <ns3:hr>157</ns3:hr>
            <ns3:cad>82</ns3:cad>
          </ns3:TrackPointExtension>
        </extensions>
      </trkpt>
      <trkpt lat="29.997554384171962738037109375" lon="120.2458154596388339996337890625">
        <ele>10</ele>
        <time>2026-07-24T11:59:33.000Z</time>
        <extensions>
          <ns3:TrackPointExtension>
            <ns3:hr>157</ns3:hr>
            <ns3:cad>82</ns3:cad>
          </ns3:TrackPointExtension>
        </extensions>
      </trkpt>
      <trkpt lat="29.997538626194000244140625" lon="120.24581923149526119232177734375">
        <ele>10</ele>
        <time>2026-07-24T11:59:34.000Z</time>
        <extensions>
          <ns3:TrackPointExtension>
            <ns3:hr>157</ns3:hr>
            <ns3:cad>82</ns3:cad>
          </ns3:TrackPointExtension>
        </extensions>
      </trkpt>
      <trkpt lat="29.9975190125405788421630859375" lon="120.24582744576036930084228515625">
        <ele>9.80000019073486328125</ele>
        <time>2026-07-24T11:59:35.000Z</time>
        <extensions>
          <ns3:TrackPointExtension>
            <ns3:hr>157</ns3:hr>
            <ns3:cad>81</ns3:cad>
          </ns3:TrackPointExtension>
        </extensions>
      </trkpt>
      <trkpt lat="29.997494705021381378173828125" lon="120.24583138525485992431640625">
        <ele>9.80000019073486328125</ele>
        <time>2026-07-24T11:59:36.000Z</time>
        <extensions>
          <ns3:TrackPointExtension>
            <ns3:hr>157</ns3:hr>
            <ns3:cad>81</ns3:cad>
          </ns3:TrackPointExtension>
        </extensions>
      </trkpt>
      <trkpt lat="29.9974781088531017303466796875" lon="120.24583515711128711700439453125">
        <ele>9.80000019073486328125</ele>
        <time>2026-07-24T11:59:37.000Z</time>
        <extensions>
          <ns3:TrackPointExtension>
            <ns3:hr>157</ns3:hr>
            <ns3:cad>81</ns3:cad>
          </ns3:TrackPointExtension>
        </extensions>
      </trkpt>
      <trkpt lat="29.99745220877230167388916015625" lon="120.24583809077739715576171875">
        <ele>9.80000019073486328125</ele>
        <time>2026-07-24T11:59:38.000Z</time>
        <extensions>
          <ns3:TrackPointExtension>
            <ns3:hr>157</ns3:hr>
            <ns3:cad>83</ns3:cad>
          </ns3:TrackPointExtension>
        </extensions>
      </trkpt>
      <trkpt lat="29.9974294938147068023681640625" lon="120.2458362467586994171142578125">
        <ele>9.80000019073486328125</ele>
        <time>2026-07-24T11:59:39.000Z</time>
        <extensions>
          <ns3:TrackPointExtension>
            <ns3:hr>157</ns3:hr>
            <ns3:cad>83</ns3:cad>
          </ns3:TrackPointExtension>
        </extensions>
      </trkpt>
      <trkpt lat="29.99741013161838054656982421875" lon="120.24584286846220493316650390625">
        <ele>9.80000019073486328125</ele>
        <time>2026-07-24T11:59:40.000Z</time>
        <extensions>
          <ns3:TrackPointExtension>
            <ns3:hr>157</ns3:hr>
            <ns3:cad>82</ns3:cad>
          </ns3:TrackPointExtension>
        </extensions>
      </trkpt>
      <trkpt lat="29.99738297425210475921630859375" lon="120.24584345519542694091796875">
        <ele>9.80000019073486328125</ele>
        <time>2026-07-24T11:59:41.000Z</time>
        <extensions>
          <ns3:TrackPointExtension>
            <ns3:hr>157</ns3:hr>
            <ns3:cad>82</ns3:cad>
          </ns3:TrackPointExtension>
        </extensions>
      </trkpt>
      <trkpt lat="29.99736704863607883453369140625" lon="120.2458489872515201568603515625">
        <ele>9.80000019073486328125</ele>
        <time>2026-07-24T11:59:42.000Z</time>
        <extensions>
          <ns3:TrackPointExtension>
            <ns3:hr>157</ns3:hr>
            <ns3:cad>82</ns3:cad>
          </ns3:TrackPointExtension>
        </extensions>
      </trkpt>
      <trkpt lat="29.99734290875494480133056640625" lon="120.24585527367889881134033203125">
        <ele>9.80000019073486328125</ele>
        <time>2026-07-24T11:59:43.000Z</time>
        <extensions>
          <ns3:TrackPointExtension>
            <ns3:hr>157</ns3:hr>
            <ns3:cad>82</ns3:cad>
          </ns3:TrackPointExtension>
        </extensions>
      </trkpt>
      <trkpt lat="29.99732161872088909149169921875" lon="120.24585762061178684234619140625">
        <ele>9.80000019073486328125</ele>
        <time>2026-07-24T11:59:44.000Z</time>
        <extensions>
          <ns3:TrackPointExtension>
            <ns3:hr>157</ns3:hr>
            <ns3:cad>82</ns3:cad>
          </ns3:TrackPointExtension>
        </extensions>
      </trkpt>
      <trkpt lat="29.99730485491454601287841796875" lon="120.24586197920143604278564453125">
        <ele>10</ele>
        <time>2026-07-24T11:59:45.000Z</time>
        <extensions>
          <ns3:TrackPointExtension>
            <ns3:hr>157</ns3:hr>
            <ns3:cad>83</ns3:cad>
          </ns3:TrackPointExtension>
        </extensions>
      </trkpt>
      <trkpt lat="29.99728105030953884124755859375" lon="120.2458644099533557891845703125">
        <ele>10</ele>
        <time>2026-07-24T11:59:46.000Z</time>
        <extensions>
          <ns3:TrackPointExtension>
            <ns3:hr>158</ns3:hr>
            <ns3:cad>83</ns3:cad>
          </ns3:TrackPointExtension>
        </extensions>
      </trkpt>
      <trkpt lat="29.997264705598354339599609375" lon="120.24587094783782958984375">
        <ele>10</ele>
        <time>2026-07-24T11:59:47.000Z</time>
        <extensions>
          <ns3:TrackPointExtension>
            <ns3:hr>158</ns3:hr>
            <ns3:cad>83</ns3:cad>
          </ns3:TrackPointExtension>
        </extensions>
      </trkpt>
      <trkpt lat="29.9972457624971866607666015625" lon="120.245876647531986236572265625">
        <ele>10</ele>
        <time>2026-07-24T11:59:48.000Z</time>
        <extensions>
          <ns3:TrackPointExtension>
            <ns3:hr>158</ns3:hr>
            <ns3:cad>84</ns3:cad>
          </ns3:TrackPointExtension>
        </extensions>
      </trkpt>
      <trkpt lat="29.99722304753959178924560546875" lon="120.2458791621029376983642578125">
        <ele>10</ele>
        <time>2026-07-24T11:59:49.000Z</time>
        <extensions>
          <ns3:TrackPointExtension>
            <ns3:hr>158</ns3:hr>
            <ns3:cad>84</ns3:cad>
          </ns3:TrackPointExtension>
        </extensions>
      </trkpt>
      <trkpt lat="29.9972075410187244415283203125" lon="120.24588368833065032958984375">
        <ele>10</ele>
        <time>2026-07-24T11:59:50.000Z</time>
        <extensions>
          <ns3:TrackPointExtension>
            <ns3:hr>158</ns3:hr>
            <ns3:cad>84</ns3:cad>
          </ns3:TrackPointExtension>
        </extensions>
      </trkpt>
      <trkpt lat="29.99718122184276580810546875" lon="120.24588293395936489105224609375">
        <ele>10</ele>
        <time>2026-07-24T11:59:51.000Z</time>
        <extensions>
          <ns3:TrackPointExtension>
            <ns3:hr>159</ns3:hr>
            <ns3:cad>83</ns3:cad>
          </ns3:TrackPointExtension>
        </extensions>
      </trkpt>
      <trkpt lat="29.99716202728450298309326171875" lon="120.2458788268268108367919921875">
        <ele>10</ele>
        <time>2026-07-24T11:59:52.000Z</time>
        <extensions>
          <ns3:TrackPointExtension>
            <ns3:hr>158</ns3:hr>
            <ns3:cad>82</ns3:cad>
          </ns3:TrackPointExtension>
        </extensions>
      </trkpt>
      <trkpt lat="29.99714492820203304290771484375" lon="120.24588502943515777587890625">
        <ele>10</ele>
        <time>2026-07-24T11:59:53.000Z</time>
        <extensions>
          <ns3:TrackPointExtension>
            <ns3:hr>159</ns3:hr>
            <ns3:cad>82</ns3:cad>
          </ns3:TrackPointExtension>
        </extensions>
      </trkpt>
      <trkpt lat="29.99712330289185047149658203125" lon="120.2458885498344898223876953125">
        <ele>10</ele>
        <time>2026-07-24T11:59:54.000Z</time>
        <extensions>
          <ns3:TrackPointExtension>
            <ns3:hr>159</ns3:hr>
            <ns3:cad>82</ns3:cad>
          </ns3:TrackPointExtension>
        </extensions>
      </trkpt>
      <trkpt lat="29.99710855074226856231689453125" lon="120.24589031003415584564208984375">
        <ele>10</ele>
        <time>2026-07-24T11:59:55.000Z</time>
        <extensions>
          <ns3:TrackPointExtension>
            <ns3:hr>159</ns3:hr>
            <ns3:cad>82</ns3:cad>
          </ns3:TrackPointExtension>
        </extensions>
      </trkpt>
      <trkpt lat="29.99708927236497402191162109375" lon="120.24589165113866329193115234375">
        <ele>10</ele>
        <time>2026-07-24T11:59:56.000Z</time>
        <extensions>
          <ns3:TrackPointExtension>
            <ns3:hr>158</ns3:hr>
            <ns3:cad>83</ns3:cad>
          </ns3:TrackPointExtension>
        </extensions>
      </trkpt>
      <trkpt lat="29.997067563235759735107421875" lon="120.24588746018707752227783203125">
        <ele>10</ele>
        <time>2026-07-24T11:59:57.000Z</time>
        <extensions>
          <ns3:TrackPointExtension>
            <ns3:hr>159</ns3:hr>
            <ns3:cad>83</ns3:cad>
          </ns3:TrackPointExtension>
        </extensions>
      </trkpt>
      <trkpt lat="29.99705423600971698760986328125" lon="120.2458878792822360992431640625">
        <ele>10.19999980926513671875</ele>
        <time>2026-07-24T11:59:58.000Z</time>
        <extensions>
          <ns3:TrackPointExtension>
            <ns3:hr>159</ns3:hr>
            <ns3:cad>82</ns3:cad>
          </ns3:TrackPointExtension>
        </extensions>
      </trkpt>
      <trkpt lat="29.9970303475856781005859375" lon="120.245886035263538360595703125">
        <ele>10.19999980926513671875</ele>
        <time>2026-07-24T11:59:59.000Z</time>
        <extensions>
          <ns3:TrackPointExtension>
            <ns3:hr>159</ns3:hr>
            <ns3:cad>82</ns3:cad>
          </ns3:TrackPointExtension>
        </extensions>
      </trkpt>
      <trkpt lat="29.9970110692083835601806640625" lon="120.24588637053966522216796875">
        <ele>10.19999980926513671875</ele>
        <time>2026-07-24T12:00:00.000Z</time>
        <extensions>
          <ns3:TrackPointExtension>
            <ns3:hr>159</ns3:hr>
            <ns3:cad>82</ns3:cad>
          </ns3:TrackPointExtension>
        </extensions>
      </trkpt>
      <trkpt lat="29.99699254520237445831298828125" lon="120.24588980711996555328369140625">
        <ele>10.19999980926513671875</ele>
        <time>2026-07-24T12:00:01.000Z</time>
        <extensions>
          <ns3:TrackPointExtension>
            <ns3:hr>159</ns3:hr>
            <ns3:cad>83</ns3:cad>
          </ns3:TrackPointExtension>
        </extensions>
      </trkpt>
      <trkpt lat="29.9969694949686527252197265625" lon="120.2458915673196315765380859375">
        <ele>10.19999980926513671875</ele>
        <time>2026-07-24T12:00:02.000Z</time>
        <extensions>
          <ns3:TrackPointExtension>
            <ns3:hr>158</ns3:hr>
            <ns3:cad>83</ns3:cad>
          </ns3:TrackPointExtension>
        </extensions>
      </trkpt>
      <trkpt lat="29.99695457518100738525390625" lon="120.24589240550994873046875">
        <ele>10.19999980926513671875</ele>
        <time>2026-07-24T12:00:03.000Z</time>
        <extensions>
          <ns3:TrackPointExtension>
            <ns3:hr>159</ns3:hr>
            <ns3:cad>83</ns3:cad>
          </ns3:TrackPointExtension>
        </extensions>
      </trkpt>
      <trkpt lat="29.99693311750888824462890625" lon="120.2458962611854076385498046875">
        <ele>10.19999980926513671875</ele>
        <time>2026-07-24T12:00:04.000Z</time>
        <extensions>
          <ns3:TrackPointExtension>
            <ns3:hr>159</ns3:hr>
            <ns3:cad>82</ns3:cad>
          </ns3:TrackPointExtension>
        </extensions>
      </trkpt>
      <trkpt lat="29.99691165983676910400390625" lon="120.2458976022899150848388671875">
        <ele>10.19999980926513671875</ele>
        <time>2026-07-24T12:00:05.000Z</time>
        <extensions>
          <ns3:TrackPointExtension>
            <ns3:hr>159</ns3:hr>
            <ns3:cad>82</ns3:cad>
          </ns3:TrackPointExtension>
        </extensions>
      </trkpt>
      <trkpt lat="29.99689464457333087921142578125" lon="120.24590338580310344696044921875">
        <ele>10.19999980926513671875</ele>
        <time>2026-07-24T12:00:06.000Z</time>
        <extensions>
          <ns3:TrackPointExtension>
            <ns3:hr>158</ns3:hr>
            <ns3:cad>82</ns3:cad>
          </ns3:TrackPointExtension>
        </extensions>
      </trkpt>
      <trkpt lat="29.996872432529926300048828125" lon="120.24590237997472286224365234375">
        <ele>10.19999980926513671875</ele>
        <time>2026-07-24T12:00:07.000Z</time>
        <extensions>
          <ns3:TrackPointExtension>
            <ns3:hr>159</ns3:hr>
            <ns3:cad>82</ns3:cad>
          </ns3:TrackPointExtension>
        </extensions>
      </trkpt>
      <trkpt lat="29.99685508199036121368408203125" lon="120.2459036372601985931396484375">
        <ele>10.19999980926513671875</ele>
        <time>2026-07-24T12:00:08.000Z</time>
        <extensions>
          <ns3:TrackPointExtension>
            <ns3:hr>159</ns3:hr>
            <ns3:cad>82</ns3:cad>
          </ns3:TrackPointExtension>
        </extensions>
      </trkpt>
      <trkpt lat="29.9968372285366058349609375" lon="120.24590824730694293975830078125">
        <ele>10.19999980926513671875</ele>
        <time>2026-07-24T12:00:09.000Z</time>
        <extensions>
          <ns3:TrackPointExtension>
            <ns3:hr>159</ns3:hr>
            <ns3:cad>83</ns3:cad>
          </ns3:TrackPointExtension>
        </extensions>
      </trkpt>
      <trkpt lat="29.99681417830288410186767578125" lon="120.24590807966887950897216796875">
        <ele>10.19999980926513671875</ele>
        <time>2026-07-24T12:00:10.000Z</time>
        <extensions>
          <ns3:TrackPointExtension>
            <ns3:hr>159</ns3:hr>
            <ns3:cad>83</ns3:cad>
          </ns3:TrackPointExtension>
        </extensions>
      </trkpt>
      <trkpt lat="29.99679741449654102325439453125" lon="120.24590782821178436279296875">
        <ele>10.19999980926513671875</ele>
        <time>2026-07-24T12:00:11.000Z</time>
        <extensions>
          <ns3:TrackPointExtension>
            <ns3:hr>158</ns3:hr>
            <ns3:cad>83</ns3:cad>
          </ns3:TrackPointExtension>
        </extensions>
      </trkpt>
      <trkpt lat="29.99677193351089954376220703125" lon="120.2459066547453403472900390625">
        <ele>10.19999980926513671875</ele>
        <time>2026-07-24T12:00:12.000Z</time>
        <extensions>
          <ns3:TrackPointExtension>
            <ns3:hr>159</ns3:hr>
            <ns3:cad>83</ns3:cad>
          </ns3:TrackPointExtension>
        </extensions>
      </trkpt>
      <trkpt lat="29.99675231985747814178466796875" lon="120.24590942077338695526123046875">
        <ele>10.19999980926513671875</ele>
        <time>2026-07-24T12:00:13.000Z</time>
        <extensions>
          <ns3:TrackPointExtension>
            <ns3:hr>159</ns3:hr>
            <ns3:cad>83</ns3:cad>
          </ns3:TrackPointExtension>
        </extensions>
      </trkpt>
      <trkpt lat="29.9967304430902004241943359375" lon="120.2459103427827358245849609375">
        <ele>10.3999996185302734375</ele>
        <time>2026-07-24T12:00:14.000Z</time>
        <extensions>
          <ns3:TrackPointExtension>
            <ns3:hr>158</ns3:hr>
            <ns3:cad>83</ns3:cad>
          </ns3:TrackPointExtension>
        </extensions>
      </trkpt>
      <trkpt lat="29.9967076443135738372802734375" lon="120.2459071576595306396484375">
        <ele>10.3999996185302734375</ele>
        <time>2026-07-24T12:00:15.000Z</time>
        <extensions>
          <ns3:TrackPointExtension>
            <ns3:hr>158</ns3:hr>
            <ns3:cad>83</ns3:cad>
          </ns3:TrackPointExtension>
        </extensions>
      </trkpt>
      <trkpt lat="29.99669582583010196685791015625" lon="120.24591319262981414794921875">
        <ele>10.3999996185302734375</ele>
        <time>2026-07-24T12:00:16.000Z</time>
        <extensions>
          <ns3:TrackPointExtension>
            <ns3:hr>158</ns3:hr>
            <ns3:cad>83</ns3:cad>
          </ns3:TrackPointExtension>
        </extensions>
      </trkpt>
      <trkpt lat="29.99667403288185596466064453125" lon="120.24591227062046527862548828125">
        <ele>10.3999996185302734375</ele>
        <time>2026-07-24T12:00:17.000Z</time>
        <extensions>
          <ns3:TrackPointExtension>
            <ns3:hr>158</ns3:hr>
            <ns3:cad>83</ns3:cad>
          </ns3:TrackPointExtension>
        </extensions>
      </trkpt>
      <trkpt lat="29.99665291048586368560791015625" lon="120.24590992368757724761962890625">
        <ele>10.3999996185302734375</ele>
        <time>2026-07-24T12:00:18.000Z</time>
        <extensions>
          <ns3:TrackPointExtension>
            <ns3:hr>159</ns3:hr>
            <ns3:cad>83</ns3:cad>
          </ns3:TrackPointExtension>
        </extensions>
      </trkpt>
      <trkpt lat="29.9966342188417911529541015625" lon="120.24591587483882904052734375">
        <ele>10.3999996185302734375</ele>
        <time>2026-07-24T12:00:19.000Z</time>
        <extensions>
          <ns3:TrackPointExtension>
            <ns3:hr>158</ns3:hr>
            <ns3:cad>83</ns3:cad>
          </ns3:TrackPointExtension>
        </extensions>
      </trkpt>
      <trkpt lat="29.996610917150974273681640625" lon="120.24591512046754360198974609375">
        <ele>10.3999996185302734375</ele>
        <time>2026-07-24T12:00:20.000Z</time>
        <extensions>
          <ns3:TrackPointExtension>
            <ns3:hr>158</ns3:hr>
            <ns3:cad>83</ns3:cad>
          </ns3:TrackPointExtension>
        </extensions>
      </trkpt>
      <trkpt lat="29.9965956620872020721435546875" lon="120.24591294117271900177001953125">
        <ele>10.19999980926513671875</ele>
        <time>2026-07-24T12:00:21.000Z</time>
        <extensions>
          <ns3:TrackPointExtension>
            <ns3:hr>158</ns3:hr>
            <ns3:cad>83</ns3:cad>
          </ns3:TrackPointExtension>
        </extensions>
      </trkpt>
      <trkpt lat="29.99656909145414829254150390625" lon="120.24591495282948017120361328125">
        <ele>10.3999996185302734375</ele>
        <time>2026-07-24T12:00:22.000Z</time>
        <extensions>
          <ns3:TrackPointExtension>
            <ns3:hr>159</ns3:hr>
            <ns3:cad>83</ns3:cad>
          </ns3:TrackPointExtension>
        </extensions>
      </trkpt>
      <trkpt lat="29.99654394574463367462158203125" lon="120.245912186801433563232421875">
        <ele>10.3999996185302734375</ele>
        <time>2026-07-24T12:00:23.000Z</time>
        <extensions>
          <ns3:TrackPointExtension>
            <ns3:hr>158</ns3:hr>
            <ns3:cad>83</ns3:cad>
          </ns3:TrackPointExtension>
        </extensions>
      </trkpt>
      <trkpt lat="29.996525757014751434326171875" lon="120.24591579101979732513427734375">
        <ele>10.3999996185302734375</ele>
        <time>2026-07-24T12:00:24.000Z</time>
        <extensions>
          <ns3:TrackPointExtension>
            <ns3:hr>158</ns3:hr>
            <ns3:cad>83</ns3:cad>
          </ns3:TrackPointExtension>
        </extensions>
      </trkpt>
      <trkpt lat="29.99650153331458568572998046875" lon="120.24591495282948017120361328125">
        <ele>10.3999996185302734375</ele>
        <time>2026-07-24T12:00:25.000Z</time>
        <extensions>
          <ns3:TrackPointExtension>
            <ns3:hr>159</ns3:hr>
            <ns3:cad>83</ns3:cad>
          </ns3:TrackPointExtension>
        </extensions>
      </trkpt>
      <trkpt lat="29.9964850209653377532958984375" lon="120.24591595865786075592041015625">
        <ele>10.3999996185302734375</ele>
        <time>2026-07-24T12:00:26.000Z</time>
        <extensions>
          <ns3:TrackPointExtension>
            <ns3:hr>158</ns3:hr>
            <ns3:cad>83</ns3:cad>
          </ns3:TrackPointExtension>
        </extensions>
      </trkpt>
      <trkpt lat="29.99646507203578948974609375" lon="120.2459178864955902099609375">
        <ele>10.3999996185302734375</ele>
        <time>2026-07-24T12:00:27.000Z</time>
        <extensions>
          <ns3:TrackPointExtension>
            <ns3:hr>158</ns3:hr>
            <ns3:cad>83</ns3:cad>
          </ns3:TrackPointExtension>
        </extensions>
      </trkpt>
      <trkpt lat="29.99644353054463863372802734375" lon="120.2459140308201313018798828125">
        <ele>10.3999996185302734375</ele>
        <time>2026-07-24T12:00:28.000Z</time>
        <extensions>
          <ns3:TrackPointExtension>
            <ns3:hr>158</ns3:hr>
            <ns3:cad>83</ns3:cad>
          </ns3:TrackPointExtension>
        </extensions>
      </trkpt>
      <trkpt lat="29.99642743729054927825927734375" lon="120.24591528810560703277587890625">
        <ele>10.3999996185302734375</ele>
        <time>2026-07-24T12:00:29.000Z</time>
        <extensions>
          <ns3:TrackPointExtension>
            <ns3:hr>159</ns3:hr>
            <ns3:cad>83</ns3:cad>
          </ns3:TrackPointExtension>
        </extensions>
      </trkpt>
      <trkpt lat="29.9964027106761932373046875" lon="120.24590975604951381683349609375">
        <ele>10.3999996185302734375</ele>
        <time>2026-07-24T12:00:30.000Z</time>
        <extensions>
          <ns3:TrackPointExtension>
            <ns3:hr>158</ns3:hr>
            <ns3:cad>83</ns3:cad>
          </ns3:TrackPointExtension>
        </extensions>
      </trkpt>
      <trkpt lat="29.99638586305081844329833984375" lon="120.24590740911662578582763671875">
        <ele>10.6000003814697265625</ele>
        <time>2026-07-24T12:00:31.000Z</time>
        <extensions>
          <ns3:TrackPointExtension>
            <ns3:hr>158</ns3:hr>
            <ns3:cad>83</ns3:cad>
          </ns3:TrackPointExtension>
        </extensions>
      </trkpt>
      <trkpt lat="29.996366165578365325927734375" lon="120.24591025896370410919189453125">
        <ele>10.6000003814697265625</ele>
        <time>2026-07-24T12:00:32.000Z</time>
        <extensions>
          <ns3:TrackPointExtension>
            <ns3:hr>158</ns3:hr>
            <ns3:cad>83</ns3:cad>
          </ns3:TrackPointExtension>
        </extensions>
      </trkpt>
      <trkpt lat="29.99634294770658016204833984375" lon="120.2459086664021015167236328125">
        <ele>10.6000003814697265625</ele>
        <time>2026-07-24T12:00:33.000Z</time>
        <extensions>
          <ns3:TrackPointExtension>
            <ns3:hr>158</ns3:hr>
            <ns3:cad>83</ns3:cad>
          </ns3:TrackPointExtension>
        </extensions>
      </trkpt>
      <trkpt lat="29.99632718972861766815185546875" lon="120.24591051042079925537109375">
        <ele>10.6000003814697265625</ele>
        <time>2026-07-24T12:00:34.000Z</time>
        <extensions>
          <ns3:TrackPointExtension>
            <ns3:hr>159</ns3:hr>
            <ns3:cad>84</ns3:cad>
          </ns3:TrackPointExtension>
        </extensions>
      </trkpt>
      <trkpt lat="29.99630154110491275787353515625" lon="120.24590690620243549346923828125">
        <ele>10.6000003814697265625</ele>
        <time>2026-07-24T12:00:35.000Z</time>
        <extensions>
          <ns3:TrackPointExtension>
            <ns3:hr>158</ns3:hr>
            <ns3:cad>84</ns3:cad>
          </ns3:TrackPointExtension>
        </extensions>
      </trkpt>
      <trkpt lat="29.99628134071826934814453125" lon="120.2459063194692134857177734375">
        <ele>10.6000003814697265625</ele>
        <time>2026-07-24T12:00:36.000Z</time>
        <extensions>
          <ns3:TrackPointExtension>
            <ns3:hr>159</ns3:hr>
            <ns3:cad>84</ns3:cad>
          </ns3:TrackPointExtension>
        </extensions>
      </trkpt>
      <trkpt lat="29.99626231379806995391845703125" lon="120.24590942077338695526123046875">
        <ele>10.6000003814697265625</ele>
        <time>2026-07-24T12:00:37.000Z</time>
        <extensions>
          <ns3:TrackPointExtension>
            <ns3:hr>159</ns3:hr>
            <ns3:cad>84</ns3:cad>
          </ns3:TrackPointExtension>
        </extensions>
      </trkpt>
      <trkpt lat="29.99623783864080905914306640625" lon="120.24590640328824520111083984375">
        <ele>10.6000003814697265625</ele>
        <time>2026-07-24T12:00:38.000Z</time>
        <extensions>
          <ns3:TrackPointExtension>
            <ns3:hr>159</ns3:hr>
            <ns3:cad>84</ns3:cad>
          </ns3:TrackPointExtension>
        </extensions>
      </trkpt>
      <trkpt lat="29.9962203204631805419921875" lon="120.2459079958498477935791015625">
        <ele>10.6000003814697265625</ele>
        <time>2026-07-24T12:00:39.000Z</time>
        <extensions>
          <ns3:TrackPointExtension>
            <ns3:hr>159</ns3:hr>
            <ns3:cad>83</ns3:cad>
          </ns3:TrackPointExtension>
        </extensions>
      </trkpt>
      <trkpt lat="29.99619442038238048553466796875" lon="120.24590707384049892425537109375">
        <ele>10.6000003814697265625</ele>
        <time>2026-07-24T12:00:40.000Z</time>
        <extensions>
          <ns3:TrackPointExtension>
            <ns3:hr>159</ns3:hr>
            <ns3:cad>83</ns3:cad>
          </ns3:TrackPointExtension>
        </extensions>
      </trkpt>
      <trkpt lat="29.9961718730628490447998046875" lon="120.2459022961556911468505859375">
        <ele>10.6000003814697265625</ele>
        <time>2026-07-24T12:00:41.000Z</time>
        <extensions>
          <ns3:TrackPointExtension>
            <ns3:hr>158</ns3:hr>
            <ns3:cad>83</ns3:cad>
          </ns3:TrackPointExtension>
        </extensions>
      </trkpt>
      <trkpt lat="29.9961534328758716583251953125" lon="120.2459044754505157470703125">
        <ele>10.6000003814697265625</ele>
        <time>2026-07-24T12:00:42.000Z</time>
        <extensions>
          <ns3:TrackPointExtension>
            <ns3:hr>159</ns3:hr>
            <ns3:cad>83</ns3:cad>
          </ns3:TrackPointExtension>
        </extensions>
      </trkpt>
      <trkpt lat="29.996130131185054779052734375" lon="120.2459006197750568389892578125">
        <ele>10.6000003814697265625</ele>
        <time>2026-07-24T12:00:43.000Z</time>
        <extensions>
          <ns3:TrackPointExtension>
            <ns3:hr>159</ns3:hr>
            <ns3:cad>83</ns3:cad>
          </ns3:TrackPointExtension>
        </extensions>
      </trkpt>
      <trkpt lat="29.996112696826457977294921875" lon="120.24589986540377140045166015625">
        <ele>10.80000019073486328125</ele>
        <time>2026-07-24T12:00:44.000Z</time>
        <extensions>
          <ns3:TrackPointExtension>
            <ns3:hr>158</ns3:hr>
            <ns3:cad>83</ns3:cad>
          </ns3:TrackPointExtension>
        </extensions>
      </trkpt>
      <trkpt lat="29.99609434045851230621337890625" lon="120.245898775756359100341796875">
        <ele>10.80000019073486328125</ele>
        <time>2026-07-24T12:00:45.000Z</time>
        <extensions>
          <ns3:TrackPointExtension>
            <ns3:hr>158</ns3:hr>
            <ns3:cad>84</ns3:cad>
          </ns3:TrackPointExtension>
        </extensions>
      </trkpt>
      <trkpt lat="29.99607145786285400390625" lon="120.24589785374701023101806640625">
        <ele>10.80000019073486328125</ele>
        <time>2026-07-24T12:00:46.000Z</time>
        <extensions>
          <ns3:TrackPointExtension>
            <ns3:hr>158</ns3:hr>
            <ns3:cad>84</ns3:cad>
          </ns3:TrackPointExtension>
        </extensions>
      </trkpt>
      <trkpt lat="29.9960545264184474945068359375" lon="120.24589818902313709259033203125">
        <ele>10.80000019073486328125</ele>
        <time>2026-07-24T12:00:47.000Z</time>
        <extensions>
          <ns3:TrackPointExtension>
            <ns3:hr>158</ns3:hr>
            <ns3:cad>83</ns3:cad>
          </ns3:TrackPointExtension>
        </extensions>
      </trkpt>
      <trkpt lat="29.99602996744215488433837890625" lon="120.2458945848047733306884765625">
        <ele>10.80000019073486328125</ele>
        <time>2026-07-24T12:00:48.000Z</time>
        <extensions>
          <ns3:TrackPointExtension>
            <ns3:hr>158</ns3:hr>
            <ns3:cad>83</ns3:cad>
          </ns3:TrackPointExtension>
        </extensions>
      </trkpt>
      <trkpt lat="29.99600951559841632843017578125" lon="120.2458902262151241302490234375">
        <ele>10.6000003814697265625</ele>
        <time>2026-07-24T12:00:49.000Z</time>
        <extensions>
          <ns3:TrackPointExtension>
            <ns3:hr>158</ns3:hr>
            <ns3:cad>83</ns3:cad>
          </ns3:TrackPointExtension>
        </extensions>
      </trkpt>
      <trkpt lat="29.99599074013531208038330078125" lon="120.2458902262151241302490234375">
        <ele>10.6000003814697265625</ele>
        <time>2026-07-24T12:00:50.000Z</time>
        <extensions>
          <ns3:TrackPointExtension>
            <ns3:hr>158</ns3:hr>
            <ns3:cad>83</ns3:cad>
          </ns3:TrackPointExtension>
        </extensions>
      </trkpt>
      <trkpt lat="29.99596794135868549346923828125" lon="120.24588880129158496856689453125">
        <ele>10.6000003814697265625</ele>
        <time>2026-07-24T12:00:51.000Z</time>
        <extensions>
          <ns3:TrackPointExtension>
            <ns3:hr>159</ns3:hr>
            <ns3:cad>83</ns3:cad>
          </ns3:TrackPointExtension>
        </extensions>
      </trkpt>
      <trkpt lat="29.99594950117170810699462890625" lon="120.24588947184383869171142578125">
        <ele>10.6000003814697265625</ele>
        <time>2026-07-24T12:00:52.000Z</time>
        <extensions>
          <ns3:TrackPointExtension>
            <ns3:hr>158</ns3:hr>
            <ns3:cad>83</ns3:cad>
          </ns3:TrackPointExtension>
        </extensions>
      </trkpt>
      <trkpt lat="29.99592569656670093536376953125" lon="120.24589014239609241485595703125">
        <ele>10.6000003814697265625</ele>
        <time>2026-07-24T12:00:53.000Z</time>
        <extensions>
          <ns3:TrackPointExtension>
            <ns3:hr>158</ns3:hr>
            <ns3:cad>83</ns3:cad>
          </ns3:TrackPointExtension>
        </extensions>
      </trkpt>
      <trkpt lat="29.99590407125651836395263671875" lon="120.24588762782514095306396484375">
        <ele>10.6000003814697265625</ele>
        <time>2026-07-24T12:00:54.000Z</time>
        <extensions>
          <ns3:TrackPointExtension>
            <ns3:hr>158</ns3:hr>
            <ns3:cad>82</ns3:cad>
          </ns3:TrackPointExtension>
        </extensions>
      </trkpt>
      <trkpt lat="29.9958868883550167083740234375" lon="120.24589173495769500732421875">
        <ele>10.6000003814697265625</ele>
        <time>2026-07-24T12:00:55.000Z</time>
        <extensions>
          <ns3:TrackPointExtension>
            <ns3:hr>159</ns3:hr>
            <ns3:cad>82</ns3:cad>
          </ns3:TrackPointExtension>
        </extensions>
      </trkpt>
      <trkpt lat="29.99586425721645355224609375" lon="120.24588829837739467620849609375">
        <ele>10.6000003814697265625</ele>
        <time>2026-07-24T12:00:56.000Z</time>
        <extensions>
          <ns3:TrackPointExtension>
            <ns3:hr>158</ns3:hr>
            <ns3:cad>82</ns3:cad>
          </ns3:TrackPointExtension>
        </extensions>
      </trkpt>
      <trkpt lat="29.995846487581729888916015625" lon="120.24588360451161861419677734375">
        <ele>10.6000003814697265625</ele>
        <time>2026-07-24T12:00:57.000Z</time>
        <extensions>
          <ns3:TrackPointExtension>
            <ns3:hr>158</ns3:hr>
            <ns3:cad>82</ns3:cad>
          </ns3:TrackPointExtension>
        </extensions>
      </trkpt>
      <trkpt lat="29.995824359357357025146484375" lon="120.2458803355693817138671875">
        <ele>10.6000003814697265625</ele>
        <time>2026-07-24T12:00:58.000Z</time>
        <extensions>
          <ns3:TrackPointExtension>
            <ns3:hr>159</ns3:hr>
            <ns3:cad>82</ns3:cad>
          </ns3:TrackPointExtension>
        </extensions>
      </trkpt>
      <trkpt lat="29.9958013929426670074462890625" lon="120.24587321095168590545654296875">
        <ele>10.6000003814697265625</ele>
        <time>2026-07-24T12:00:59.000Z</time>
        <extensions>
          <ns3:TrackPointExtension>
            <ns3:hr>158</ns3:hr>
            <ns3:cad>82</ns3:cad>
          </ns3:TrackPointExtension>
        </extensions>
      </trkpt>
      <trkpt lat="29.99578370712697505950927734375" lon="120.24587170220911502838134765625">
        <ele>10.6000003814697265625</ele>
        <time>2026-07-24T12:01:00.000Z</time>
        <extensions>
          <ns3:TrackPointExtension>
            <ns3:hr>159</ns3:hr>
            <ns3:cad>82</ns3:cad>
          </ns3:TrackPointExtension>
        </extensions>
      </trkpt>
      <trkpt lat="29.99575621448457241058349609375" lon="120.2458660863339900970458984375">
        <ele>10.6000003814697265625</ele>
        <time>2026-07-24T12:01:01.000Z</time>
        <extensions>
          <ns3:TrackPointExtension>
            <ns3:hr>159</ns3:hr>
            <ns3:cad>82</ns3:cad>
          </ns3:TrackPointExtension>
        </extensions>
      </trkpt>
      <trkpt lat="29.99573777429759502410888671875" lon="120.2458593808114528656005859375">
        <ele>10.6000003814697265625</ele>
        <time>2026-07-24T12:01:02.000Z</time>
        <extensions>
          <ns3:TrackPointExtension>
            <ns3:hr>158</ns3:hr>
            <ns3:cad>82</ns3:cad>
          </ns3:TrackPointExtension>
        </extensions>
      </trkpt>
      <trkpt lat="29.9957133829593658447265625" lon="120.24585795588791370391845703125">
        <ele>10.6000003814697265625</ele>
        <time>2026-07-24T12:01:03.000Z</time>
        <extensions>
          <ns3:TrackPointExtension>
            <ns3:hr>158</ns3:hr>
            <ns3:cad>82</ns3:cad>
          </ns3:TrackPointExtension>
        </extensions>
      </trkpt>
      <trkpt lat="29.99569033272564411163330078125" lon="120.2458499930799007415771484375">
        <ele>10.80000019073486328125</ele>
        <time>2026-07-24T12:01:04.000Z</time>
        <extensions>
          <ns3:TrackPointExtension>
            <ns3:hr>158</ns3:hr>
            <ns3:cad>83</ns3:cad>
          </ns3:TrackPointExtension>
        </extensions>
      </trkpt>
      <trkpt lat="29.99567323364317417144775390625" lon="120.2458496578037738800048828125">
        <ele>10.6000003814697265625</ele>
        <time>2026-07-24T12:01:05.000Z</time>
        <extensions>
          <ns3:TrackPointExtension>
            <ns3:hr>159</ns3:hr>
            <ns3:cad>83</ns3:cad>
          </ns3:TrackPointExtension>
        </extensions>
      </trkpt>
      <trkpt lat="29.99564758501946926116943359375" lon="120.24584270082414150238037109375">
        <ele>10.80000019073486328125</ele>
        <time>2026-07-24T12:01:06.000Z</time>
        <extensions>
          <ns3:TrackPointExtension>
            <ns3:hr>158</ns3:hr>
            <ns3:cad>83</ns3:cad>
          </ns3:TrackPointExtension>
        </extensions>
      </trkpt>
      <trkpt lat="29.99562956392765045166015625" lon="120.245836414396762847900390625">
        <ele>10.80000019073486328125</ele>
        <time>2026-07-24T12:01:07.000Z</time>
        <extensions>
          <ns3:TrackPointExtension>
            <ns3:hr>158</ns3:hr>
            <ns3:cad>83</ns3:cad>
          </ns3:TrackPointExtension>
        </extensions>
      </trkpt>
      <trkpt lat="29.9956079386174678802490234375" lon="120.245835073292255401611328125">
        <ele>10.80000019073486328125</ele>
        <time>2026-07-24T12:01:08.000Z</time>
        <extensions>
          <ns3:TrackPointExtension>
            <ns3:hr>159</ns3:hr>
            <ns3:cad>83</ns3:cad>
          </ns3:TrackPointExtension>
        </extensions>
      </trkpt>
      <trkpt lat="29.99558287672698497772216796875" lon="120.24582878686487674713134765625">
        <ele>10.80000019073486328125</ele>
        <time>2026-07-24T12:01:09.000Z</time>
        <extensions>
          <ns3:TrackPointExtension>
            <ns3:hr>158</ns3:hr>
            <ns3:cad>83</ns3:cad>
          </ns3:TrackPointExtension>
        </extensions>
      </trkpt>
      <trkpt lat="29.99556745402514934539794921875" lon="120.2458268590271472930908203125">
        <ele>10.80000019073486328125</ele>
        <time>2026-07-24T12:01:10.000Z</time>
        <extensions>
          <ns3:TrackPointExtension>
            <ns3:hr>158</ns3:hr>
            <ns3:cad>83</ns3:cad>
          </ns3:TrackPointExtension>
        </extensions>
      </trkpt>
      <trkpt lat="29.9955402128398418426513671875" lon="120.24582124315202236175537109375">
        <ele>10.80000019073486328125</ele>
        <time>2026-07-24T12:01:11.000Z</time>
        <extensions>
          <ns3:TrackPointExtension>
            <ns3:hr>158</ns3:hr>
            <ns3:cad>83</ns3:cad>
          </ns3:TrackPointExtension>
        </extensions>
      </trkpt>
      <trkpt lat="29.995522610843181610107421875" lon="120.24581956677138805389404296875">
        <ele>10.80000019073486328125</ele>
        <time>2026-07-24T12:01:12.000Z</time>
        <extensions>
          <ns3:TrackPointExtension>
            <ns3:hr>159</ns3:hr>
            <ns3:cad>83</ns3:cad>
          </ns3:TrackPointExtension>
        </extensions>
      </trkpt>
      <trkpt lat="29.99550073407590389251708984375" lon="120.24581906385719776153564453125">
        <ele>10.80000019073486328125</ele>
        <time>2026-07-24T12:01:13.000Z</time>
        <extensions>
          <ns3:TrackPointExtension>
            <ns3:hr>158</ns3:hr>
            <ns3:cad>83</ns3:cad>
          </ns3:TrackPointExtension>
        </extensions>
      </trkpt>
      <trkpt lat="29.9954775162041187286376953125" lon="120.2458070777356624603271484375">
        <ele>10.80000019073486328125</ele>
        <time>2026-07-24T12:01:14.000Z</time>
        <extensions>
          <ns3:TrackPointExtension>
            <ns3:hr>158</ns3:hr>
            <ns3:cad>83</ns3:cad>
          </ns3:TrackPointExtension>
        </extensions>
      </trkpt>
      <trkpt lat="29.99546368606388568878173828125" lon="120.24581051431596279144287109375">
        <ele>10.80000019073486328125</ele>
        <time>2026-07-24T12:01:15.000Z</time>
        <extensions>
          <ns3:TrackPointExtension>
            <ns3:hr>159</ns3:hr>
            <ns3:cad>83</ns3:cad>
          </ns3:TrackPointExtension>
        </extensions>
      </trkpt>
      <trkpt lat="29.9954359419643878936767578125" lon="120.24580514989793300628662109375">
        <ele>10.80000019073486328125</ele>
        <time>2026-07-24T12:01:16.000Z</time>
        <extensions>
          <ns3:TrackPointExtension>
            <ns3:hr>159</ns3:hr>
            <ns3:cad>84</ns3:cad>
          </ns3:TrackPointExtension>
        </extensions>
      </trkpt>
      <trkpt lat="29.99541624449193477630615234375" lon="120.24579777382314205169677734375">
        <ele>11</ele>
        <time>2026-07-24T12:01:17.000Z</time>
        <extensions>
          <ns3:TrackPointExtension>
            <ns3:hr>159</ns3:hr>
            <ns3:cad>84</ns3:cad>
          </ns3:TrackPointExtension>
        </extensions>
      </trkpt>
      <trkpt lat="29.9953930266201496124267578125" lon="120.24579559452831745147705078125">
        <ele>10.80000019073486328125</ele>
        <time>2026-07-24T12:01:18.000Z</time>
        <extensions>
          <ns3:TrackPointExtension>
            <ns3:hr>159</ns3:hr>
            <ns3:cad>84</ns3:cad>
          </ns3:TrackPointExtension>
        </extensions>
      </trkpt>
      <trkpt lat="29.99536796472966670989990234375" lon="120.24578788317739963531494140625">
        <ele>11</ele>
        <time>2026-07-24T12:01:19.000Z</time>
        <extensions>
          <ns3:TrackPointExtension>
            <ns3:hr>159</ns3:hr>
            <ns3:cad>84</ns3:cad>
          </ns3:TrackPointExtension>
        </extensions>
      </trkpt>
      <trkpt lat="29.99535002745687961578369140625" lon="120.24578511714935302734375">
        <ele>11</ele>
        <time>2026-07-24T12:01:20.000Z</time>
        <extensions>
          <ns3:TrackPointExtension>
            <ns3:hr>160</ns3:hr>
            <ns3:cad>84</ns3:cad>
          </ns3:TrackPointExtension>
        </extensions>
      </trkpt>
      <trkpt lat="29.99532320536673069000244140625" lon="120.2457765676081180572509765625">
        <ele>11</ele>
        <time>2026-07-24T12:01:21.000Z</time>
        <extensions>
          <ns3:TrackPointExtension>
            <ns3:hr>160</ns3:hr>
            <ns3:cad>84</ns3:cad>
          </ns3:TrackPointExtension>
        </extensions>
      </trkpt>
      <trkpt lat="29.99530476517975330352783203125" lon="120.24577246047556400299072265625">
        <ele>11</ele>
        <time>2026-07-24T12:01:22.000Z</time>
        <extensions>
          <ns3:TrackPointExtension>
            <ns3:hr>160</ns3:hr>
            <ns3:cad>84</ns3:cad>
          </ns3:TrackPointExtension>
        </extensions>
      </trkpt>
      <trkpt lat="29.995282553136348724365234375" lon="120.24577178992331027984619140625">
        <ele>11</ele>
        <time>2026-07-24T12:01:23.000Z</time>
        <extensions>
          <ns3:TrackPointExtension>
            <ns3:hr>160</ns3:hr>
            <ns3:cad>84</ns3:cad>
          </ns3:TrackPointExtension>
        </extensions>
      </trkpt>
      <trkpt lat="29.9952579103410243988037109375" lon="120.245766341686248779296875">
        <ele>11</ele>
        <time>2026-07-24T12:01:24.000Z</time>
        <extensions>
          <ns3:TrackPointExtension>
            <ns3:hr>160</ns3:hr>
            <ns3:cad>84</ns3:cad>
          </ns3:TrackPointExtension>
        </extensions>
      </trkpt>
      <trkpt lat="29.99524123035371303558349609375" lon="120.2457623183727264404296875">
        <ele>11</ele>
        <time>2026-07-24T12:01:25.000Z</time>
        <extensions>
          <ns3:TrackPointExtension>
            <ns3:hr>160</ns3:hr>
            <ns3:cad>84</ns3:cad>
          </ns3:TrackPointExtension>
        </extensions>
      </trkpt>
      <trkpt lat="29.99521625228226184844970703125" lon="120.24575603194534778594970703125">
        <ele>11</ele>
        <time>2026-07-24T12:01:26.000Z</time>
        <extensions>
          <ns3:TrackPointExtension>
            <ns3:hr>160</ns3:hr>
            <ns3:cad>84</ns3:cad>
          </ns3:TrackPointExtension>
        </extensions>
      </trkpt>
      <trkpt lat="29.995196722447872161865234375" lon="120.2457534335553646087646484375">
        <ele>11</ele>
        <time>2026-07-24T12:01:27.000Z</time>
        <extensions>
          <ns3:TrackPointExtension>
            <ns3:hr>160</ns3:hr>
            <ns3:cad>84</ns3:cad>
          </ns3:TrackPointExtension>
        </extensions>
      </trkpt>
      <trkpt lat="29.99517652206122875213623046875" lon="120.245753936469554901123046875">
        <ele>11</ele>
        <time>2026-07-24T12:01:28.000Z</time>
        <extensions>
          <ns3:TrackPointExtension>
            <ns3:hr>160</ns3:hr>
            <ns3:cad>83</ns3:cad>
          </ns3:TrackPointExtension>
        </extensions>
      </trkpt>
      <trkpt lat="29.99515305273234844207763671875" lon="120.24574714712798595428466796875">
        <ele>11</ele>
        <time>2026-07-24T12:01:29.000Z</time>
        <extensions>
          <ns3:TrackPointExtension>
            <ns3:hr>159</ns3:hr>
            <ns3:cad>83</ns3:cad>
          </ns3:TrackPointExtension>
        </extensions>
      </trkpt>
      <trkpt lat="29.995135702192783355712890625" lon="120.24574915878474712371826171875">
        <ele>11</ele>
        <time>2026-07-24T12:01:30.000Z</time>
        <extensions>
          <ns3:TrackPointExtension>
            <ns3:hr>160</ns3:hr>
            <ns3:cad>83</ns3:cad>
          </ns3:TrackPointExtension>
        </extensions>
      </trkpt>
      <trkpt lat="29.9951127357780933380126953125" lon="120.24574287235736846923828125">
        <ele>11</ele>
        <time>2026-07-24T12:01:31.000Z</time>
        <extensions>
          <ns3:TrackPointExtension>
            <ns3:hr>160</ns3:hr>
            <ns3:cad>83</ns3:cad>
          </ns3:TrackPointExtension>
        </extensions>
      </trkpt>
      <trkpt lat="29.99509152956306934356689453125" lon="120.24573750793933868408203125">
        <ele>11</ele>
        <time>2026-07-24T12:01:32.000Z</time>
        <extensions>
          <ns3:TrackPointExtension>
            <ns3:hr>160</ns3:hr>
            <ns3:cad>84</ns3:cad>
          </ns3:TrackPointExtension>
        </extensions>
      </trkpt>
      <trkpt lat="29.9950708262622356414794921875" lon="120.24573692120611667633056640625">
        <ele>11</ele>
        <time>2026-07-24T12:01:33.000Z</time>
        <extensions>
          <ns3:TrackPointExtension>
            <ns3:hr>160</ns3:hr>
            <ns3:cad>84</ns3:cad>
          </ns3:TrackPointExtension>
        </extensions>
      </trkpt>
      <trkpt lat="29.9950455129146575927734375" lon="120.24573004804551601409912109375">
        <ele>11</ele>
        <time>2026-07-24T12:01:34.000Z</time>
        <extensions>
          <ns3:TrackPointExtension>
            <ns3:hr>160</ns3:hr>
            <ns3:cad>84</ns3:cad>
          </ns3:TrackPointExtension>
        </extensions>
      </trkpt>
      <trkpt lat="29.9950309284031391143798828125" lon="120.24572535417973995208740234375">
        <ele>11</ele>
        <time>2026-07-24T12:01:35.000Z</time>
        <extensions>
          <ns3:TrackPointExtension>
            <ns3:hr>160</ns3:hr>
            <ns3:cad>84</ns3:cad>
          </ns3:TrackPointExtension>
        </extensions>
      </trkpt>
      <trkpt lat="29.99500754289329051971435546875" lon="120.24571814574301242828369140625">
        <ele>11</ele>
        <time>2026-07-24T12:01:36.000Z</time>
        <extensions>
          <ns3:TrackPointExtension>
            <ns3:hr>160</ns3:hr>
            <ns3:cad>84</ns3:cad>
          </ns3:TrackPointExtension>
        </extensions>
      </trkpt>
      <trkpt lat="29.99498625285923480987548828125" lon="120.24571336805820465087890625">
        <ele>11</ele>
        <time>2026-07-24T12:01:37.000Z</time>
        <extensions>
          <ns3:TrackPointExtension>
            <ns3:hr>160</ns3:hr>
            <ns3:cad>84</ns3:cad>
          </ns3:TrackPointExtension>
        </extensions>
      </trkpt>
      <trkpt lat="29.99496697448194026947021484375" lon="120.24571227841079235076904296875">
        <ele>11</ele>
        <time>2026-07-24T12:01:38.000Z</time>
        <extensions>
          <ns3:TrackPointExtension>
            <ns3:hr>160</ns3:hr>
            <ns3:cad>84</ns3:cad>
          </ns3:TrackPointExtension>
        </extensions>
      </trkpt>
      <trkpt lat="29.99494316987693309783935546875" lon="120.24570532143115997314453125">
        <ele>11.19999980926513671875</ele>
        <time>2026-07-24T12:01:39.000Z</time>
        <extensions>
          <ns3:TrackPointExtension>
            <ns3:hr>160</ns3:hr>
            <ns3:cad>84</ns3:cad>
          </ns3:TrackPointExtension>
        </extensions>
      </trkpt>
      <trkpt lat="29.99492607079446315765380859375" lon="120.2457051537930965423583984375">
        <ele>11.19999980926513671875</ele>
        <time>2026-07-24T12:01:40.000Z</time>
        <extensions>
          <ns3:TrackPointExtension>
            <ns3:hr>160</ns3:hr>
            <ns3:cad>84</ns3:cad>
          </ns3:TrackPointExtension>
        </extensions>
      </trkpt>
      <trkpt lat="29.9949015118181705474853515625" lon="120.24569735862314701080322265625">
        <ele>11.19999980926513671875</ele>
        <time>2026-07-24T12:01:41.000Z</time>
        <extensions>
          <ns3:TrackPointExtension>
            <ns3:hr>160</ns3:hr>
            <ns3:cad>84</ns3:cad>
          </ns3:TrackPointExtension>
        </extensions>
      </trkpt>
      <trkpt lat="29.9948817305266857147216796875" lon="120.245692245662212371826171875">
        <ele>11</ele>
        <time>2026-07-24T12:01:42.000Z</time>
        <extensions>
          <ns3:TrackPointExtension>
            <ns3:hr>160</ns3:hr>
            <ns3:cad>84</ns3:cad>
          </ns3:TrackPointExtension>
        </extensions>
      </trkpt>
      <trkpt lat="29.9948575906455516815185546875" lon="120.2456853725016117095947265625">
        <ele>11</ele>
        <time>2026-07-24T12:01:43.000Z</time>
        <extensions>
          <ns3:TrackPointExtension>
            <ns3:hr>159</ns3:hr>
            <ns3:cad>84</ns3:cad>
          </ns3:TrackPointExtension>
        </extensions>
      </trkpt>
      <trkpt lat="29.9948317743837833404541015625" lon="120.245680846273899078369140625">
        <ele>11</ele>
        <time>2026-07-24T12:01:44.000Z</time>
        <extensions>
          <ns3:TrackPointExtension>
            <ns3:hr>159</ns3:hr>
            <ns3:cad>84</ns3:cad>
          </ns3:TrackPointExtension>
        </extensions>
      </trkpt>
      <trkpt lat="29.994811154901981353759765625" lon="120.245682857930660247802734375">
        <ele>11</ele>
        <time>2026-07-24T12:01:45.000Z</time>
        <extensions>
          <ns3:TrackPointExtension>
            <ns3:hr>159</ns3:hr>
            <ns3:cad>84</ns3:cad>
          </ns3:TrackPointExtension>
        </extensions>
      </trkpt>
      <trkpt lat="29.99478374607861042022705078125" lon="120.245680846273899078369140625">
        <ele>11</ele>
        <time>2026-07-24T12:01:46.000Z</time>
        <extensions>
          <ns3:TrackPointExtension>
            <ns3:hr>159</ns3:hr>
            <ns3:cad>85</ns3:cad>
          </ns3:TrackPointExtension>
        </extensions>
      </trkpt>
      <trkpt lat="29.99476321041584014892578125" lon="120.24567623622715473175048828125">
        <ele>11</ele>
        <time>2026-07-24T12:01:47.000Z</time>
        <extensions>
          <ns3:TrackPointExtension>
            <ns3:hr>160</ns3:hr>
            <ns3:cad>85</ns3:cad>
          </ns3:TrackPointExtension>
        </extensions>
      </trkpt>
      <trkpt lat="29.9947429262101650238037109375" lon="120.24567590095102787017822265625">
        <ele>11</ele>
        <time>2026-07-24T12:01:48.000Z</time>
        <extensions>
          <ns3:TrackPointExtension>
            <ns3:hr>161</ns3:hr>
            <ns3:cad>84</ns3:cad>
          </ns3:TrackPointExtension>
        </extensions>
      </trkpt>
      <trkpt lat="29.99471769668161869049072265625" lon="120.245672799646854400634765625">
        <ele>11</ele>
        <time>2026-07-24T12:01:49.000Z</time>
        <extensions>
          <ns3:TrackPointExtension>
            <ns3:hr>162</ns3:hr>
            <ns3:cad>83</ns3:cad>
          </ns3:TrackPointExtension>
        </extensions>
      </trkpt>
      <trkpt lat="29.99470059759914875030517578125" lon="120.2456699497997760772705078125">
        <ele>11</ele>
        <time>2026-07-24T12:01:50.000Z</time>
        <extensions>
          <ns3:TrackPointExtension>
            <ns3:hr>163</ns3:hr>
            <ns3:cad>83</ns3:cad>
          </ns3:TrackPointExtension>
        </extensions>
      </trkpt>
      <trkpt lat="29.9946780502796173095703125" lon="120.2456639148294925689697265625">
        <ele>11</ele>
        <time>2026-07-24T12:01:51.000Z</time>
        <extensions>
          <ns3:TrackPointExtension>
            <ns3:hr>164</ns3:hr>
            <ns3:cad>83</ns3:cad>
          </ns3:TrackPointExtension>
        </extensions>
      </trkpt>
      <trkpt lat="29.99465525150299072265625" lon="120.24565192870795726776123046875">
        <ele>11</ele>
        <time>2026-07-24T12:01:52.000Z</time>
        <extensions>
          <ns3:TrackPointExtension>
            <ns3:hr>164</ns3:hr>
            <ns3:cad>83</ns3:cad>
          </ns3:TrackPointExtension>
        </extensions>
      </trkpt>
      <trkpt lat="29.99463421292603015899658203125" lon="120.24564656428992748260498046875">
        <ele>11</ele>
        <time>2026-07-24T12:01:53.000Z</time>
        <extensions>
          <ns3:TrackPointExtension>
            <ns3:hr>164</ns3:hr>
            <ns3:cad>83</ns3:cad>
          </ns3:TrackPointExtension>
        </extensions>
      </trkpt>
      <trkpt lat="29.99461024068295955657958984375" lon="120.24563348852097988128662109375">
        <ele>11</ele>
        <time>2026-07-24T12:01:54.000Z</time>
        <extensions>
          <ns3:TrackPointExtension>
            <ns3:hr>164</ns3:hr>
            <ns3:cad>84</ns3:cad>
          </ns3:TrackPointExtension>
        </extensions>
      </trkpt>
      <trkpt lat="29.99459297396242618560791015625" lon="120.24562678299844264984130859375">
        <ele>11.19999980926513671875</ele>
        <time>2026-07-24T12:01:55.000Z</time>
        <extensions>
          <ns3:TrackPointExtension>
            <ns3:hr>163</ns3:hr>
            <ns3:cad>84</ns3:cad>
          </ns3:TrackPointExtension>
        </extensions>
      </trkpt>
      <trkpt lat="29.99457034282386302947998046875" lon="120.24561672471463680267333984375">
        <ele>11.19999980926513671875</ele>
        <time>2026-07-24T12:01:56.000Z</time>
        <extensions>
          <ns3:TrackPointExtension>
            <ns3:hr>163</ns3:hr>
            <ns3:cad>84</ns3:cad>
          </ns3:TrackPointExtension>
        </extensions>
      </trkpt>
      <trkpt lat="29.99455106444656848907470703125" lon="120.24560381658375263214111328125">
        <ele>11.19999980926513671875</ele>
        <time>2026-07-24T12:01:57.000Z</time>
        <extensions>
          <ns3:TrackPointExtension>
            <ns3:hr>163</ns3:hr>
            <ns3:cad>84</ns3:cad>
          </ns3:TrackPointExtension>
        </extensions>
      </trkpt>
      <trkpt lat="29.99453295953571796417236328125" lon="120.24559660814702510833740234375">
        <ele>11.19999980926513671875</ele>
        <time>2026-07-24T12:01:58.000Z</time>
        <extensions>
          <ns3:TrackPointExtension>
            <ns3:hr>163</ns3:hr>
            <ns3:cad>84</ns3:cad>
          </ns3:TrackPointExtension>
        </extensions>
      </trkpt>
      <trkpt lat="29.99450949020683765411376953125" lon="120.245585627853870391845703125">
        <ele>11.19999980926513671875</ele>
        <time>2026-07-24T12:01:59.000Z</time>
        <extensions>
          <ns3:TrackPointExtension>
            <ns3:hr>163</ns3:hr>
            <ns3:cad>83</ns3:cad>
          </ns3:TrackPointExtension>
        </extensions>
      </trkpt>
      <trkpt lat="29.9944929778575897216796875" lon="120.24558101780712604522705078125">
        <ele>11.19999980926513671875</ele>
        <time>2026-07-24T12:02:00.000Z</time>
        <extensions>
          <ns3:TrackPointExtension>
            <ns3:hr>164</ns3:hr>
            <ns3:cad>83</ns3:cad>
          </ns3:TrackPointExtension>
        </extensions>
      </trkpt>
      <trkpt lat="29.994469843804836273193359375" lon="120.24557280354201793670654296875">
        <ele>11.19999980926513671875</ele>
        <time>2026-07-24T12:02:01.000Z</time>
        <extensions>
          <ns3:TrackPointExtension>
            <ns3:hr>164</ns3:hr>
            <ns3:cad>83</ns3:cad>
          </ns3:TrackPointExtension>
        </extensions>
      </trkpt>
      <trkpt lat="29.99444796703755855560302734375" lon="120.24556341581046581268310546875">
        <ele>11.19999980926513671875</ele>
        <time>2026-07-24T12:02:02.000Z</time>
        <extensions>
          <ns3:TrackPointExtension>
            <ns3:hr>164</ns3:hr>
            <ns3:cad>83</ns3:cad>
          </ns3:TrackPointExtension>
        </extensions>
      </trkpt>
      <trkpt lat="29.99442835338413715362548828125" lon="120.24556039832532405853271484375">
        <ele>11.19999980926513671875</ele>
        <time>2026-07-24T12:02:03.000Z</time>
        <extensions>
          <ns3:TrackPointExtension>
            <ns3:hr>163</ns3:hr>
            <ns3:cad>83</ns3:cad>
          </ns3:TrackPointExtension>
        </extensions>
      </trkpt>
      <trkpt lat="29.99440513551235198974609375" lon="120.24554983712732791900634765625">
        <ele>11.19999980926513671875</ele>
        <time>2026-07-24T12:02:04.000Z</time>
        <extensions>
          <ns3:TrackPointExtension>
            <ns3:hr>164</ns3:hr>
            <ns3:cad>83</ns3:cad>
          </ns3:TrackPointExtension>
        </extensions>
      </trkpt>
      <trkpt lat="29.99438929371535778045654296875" lon="120.24554547853767871856689453125">
        <ele>11.19999980926513671875</ele>
        <time>2026-07-24T12:02:05.000Z</time>
        <extensions>
          <ns3:TrackPointExtension>
            <ns3:hr>164</ns3:hr>
            <ns3:cad>84</ns3:cad>
          </ns3:TrackPointExtension>
        </extensions>
      </trkpt>
      <trkpt lat="29.994363896548748016357421875" lon="120.24553642608225345611572265625">
        <ele>11.19999980926513671875</ele>
        <time>2026-07-24T12:02:06.000Z</time>
        <extensions>
          <ns3:TrackPointExtension>
            <ns3:hr>163</ns3:hr>
            <ns3:cad>84</ns3:cad>
          </ns3:TrackPointExtension>
        </extensions>
      </trkpt>
      <trkpt lat="29.994343109428882598876953125" lon="120.24552921764552593231201171875">
        <ele>11.19999980926513671875</ele>
        <time>2026-07-24T12:02:07.000Z</time>
        <extensions>
          <ns3:TrackPointExtension>
            <ns3:hr>164</ns3:hr>
            <ns3:cad>84</ns3:cad>
          </ns3:TrackPointExtension>
        </extensions>
      </trkpt>
      <trkpt lat="29.99432257376611232757568359375" lon="120.2455261163413524627685546875">
        <ele>11.19999980926513671875</ele>
        <time>2026-07-24T12:02:08.000Z</time>
        <extensions>
          <ns3:TrackPointExtension>
            <ns3:hr>164</ns3:hr>
            <ns3:cad>84</ns3:cad>
          </ns3:TrackPointExtension>
        </extensions>
      </trkpt>
      <trkpt lat="29.99429977498948574066162109375" lon="120.2455120347440242767333984375">
        <ele>11.19999980926513671875</ele>
        <time>2026-07-24T12:02:09.000Z</time>
        <extensions>
          <ns3:TrackPointExtension>
            <ns3:hr>163</ns3:hr>
            <ns3:cad>84</ns3:cad>
          </ns3:TrackPointExtension>
        </extensions>
      </trkpt>
      <trkpt lat="29.99428250826895236968994140625" lon="120.2455090172588825225830078125">
        <ele>11.19999980926513671875</ele>
        <time>2026-07-24T12:02:10.000Z</time>
        <extensions>
          <ns3:TrackPointExtension>
            <ns3:hr>164</ns3:hr>
            <ns3:cad>85</ns3:cad>
          </ns3:TrackPointExtension>
        </extensions>
      </trkpt>
      <trkpt lat="29.994256608188152313232421875" lon="120.245497114956378936767578125">
        <ele>11.19999980926513671875</ele>
        <time>2026-07-24T12:02:11.000Z</time>
        <extensions>
          <ns3:TrackPointExtension>
            <ns3:hr>164</ns3:hr>
            <ns3:cad>85</ns3:cad>
          </ns3:TrackPointExtension>
        </extensions>
      </trkpt>
      <trkpt lat="29.99423758126795291900634765625" lon="120.24549468420445919036865234375">
        <ele>11.19999980926513671875</ele>
        <time>2026-07-24T12:02:12.000Z</time>
        <extensions>
          <ns3:TrackPointExtension>
            <ns3:hr>164</ns3:hr>
            <ns3:cad>85</ns3:cad>
          </ns3:TrackPointExtension>
        </extensions>
      </trkpt>
      <trkpt lat="29.9942152015864849090576171875" lon="120.24548747576773166656494140625">
        <ele>11.19999980926513671875</ele>
        <time>2026-07-24T12:02:13.000Z</time>
        <extensions>
          <ns3:TrackPointExtension>
            <ns3:hr>164</ns3:hr>
            <ns3:cad>85</ns3:cad>
          </ns3:TrackPointExtension>
        </extensions>
      </trkpt>
      <trkpt lat="29.994192905724048614501953125" lon="120.24547775276005268096923828125">
        <ele>11.19999980926513671875</ele>
        <time>2026-07-24T12:02:14.000Z</time>
        <extensions>
          <ns3:TrackPointExtension>
            <ns3:hr>165</ns3:hr>
            <ns3:cad>85</ns3:cad>
          </ns3:TrackPointExtension>
        </extensions>
      </trkpt>
      <trkpt lat="29.994173459708690643310546875" lon="120.2454754896461963653564453125">
        <ele>11.19999980926513671875</ele>
        <time>2026-07-24T12:02:15.000Z</time>
        <extensions>
          <ns3:TrackPointExtension>
            <ns3:hr>165</ns3:hr>
            <ns3:cad>85</ns3:cad>
          </ns3:TrackPointExtension>
        </extensions>
      </trkpt>
      <trkpt lat="29.994147978723049163818359375" lon="120.24546233005821704864501953125">
        <ele>11.19999980926513671875</ele>
        <time>2026-07-24T12:02:16.000Z</time>
        <extensions>
          <ns3:TrackPointExtension>
            <ns3:hr>165</ns3:hr>
            <ns3:cad>85</ns3:cad>
          </ns3:TrackPointExtension>
        </extensions>
      </trkpt>
      <trkpt lat="29.994130544364452362060546875" lon="120.24546082131564617156982421875">
        <ele>11.19999980926513671875</ele>
        <time>2026-07-24T12:02:17.000Z</time>
        <extensions>
          <ns3:TrackPointExtension>
            <ns3:hr>165</ns3:hr>
            <ns3:cad>85</ns3:cad>
          </ns3:TrackPointExtension>
        </extensions>
      </trkpt>
      <trkpt lat="29.9941042251884937286376953125" lon="120.2454536966979503631591796875">
        <ele>11.19999980926513671875</ele>
        <time>2026-07-24T12:02:18.000Z</time>
        <extensions>
          <ns3:TrackPointExtension>
            <ns3:hr>165</ns3:hr>
            <ns3:cad>85</ns3:cad>
          </ns3:TrackPointExtension>
        </extensions>
      </trkpt>
      <trkpt lat="29.994083605706691741943359375" lon="120.24544439278542995452880859375">
        <ele>11.19999980926513671875</ele>
        <time>2026-07-24T12:02:19.000Z</time>
        <extensions>
          <ns3:TrackPointExtension>
            <ns3:hr>164</ns3:hr>
            <ns3:cad>85</ns3:cad>
          </ns3:TrackPointExtension>
        </extensions>
      </trkpt>
      <trkpt lat="29.99406156130135059356689453125" lon="120.24543953128159046173095703125">
        <ele>11.19999980926513671875</ele>
        <time>2026-07-24T12:02:20.000Z</time>
        <extensions>
          <ns3:TrackPointExtension>
            <ns3:hr>163</ns3:hr>
            <ns3:cad>85</ns3:cad>
          </ns3:TrackPointExtension>
        </extensions>
      </trkpt>
      <trkpt lat="29.99403675086796283721923828125" lon="120.245423354208469390869140625">
        <ele>11.19999980926513671875</ele>
        <time>2026-07-24T12:02:21.000Z</time>
        <extensions>
          <ns3:TrackPointExtension>
            <ns3:hr>163</ns3:hr>
            <ns3:cad>85</ns3:cad>
          </ns3:TrackPointExtension>
        </extensions>
      </trkpt>
      <trkpt lat="29.9940194003283977508544921875" lon="120.24541698396205902099609375">
        <ele>11.19999980926513671875</ele>
        <time>2026-07-24T12:02:22.000Z</time>
        <extensions>
          <ns3:TrackPointExtension>
            <ns3:hr>163</ns3:hr>
            <ns3:cad>85</ns3:cad>
          </ns3:TrackPointExtension>
        </extensions>
      </trkpt>
      <trkpt lat="29.99399249441921710968017578125" lon="120.2454040758311748504638671875">
        <ele>11.19999980926513671875</ele>
        <time>2026-07-24T12:02:23.000Z</time>
        <extensions>
          <ns3:TrackPointExtension>
            <ns3:hr>163</ns3:hr>
            <ns3:cad>84</ns3:cad>
          </ns3:TrackPointExtension>
        </extensions>
      </trkpt>
      <trkpt lat="29.9939726293087005615234375" lon="120.24539552628993988037109375">
        <ele>11.19999980926513671875</ele>
        <time>2026-07-24T12:02:24.000Z</time>
        <extensions>
          <ns3:TrackPointExtension>
            <ns3:hr>164</ns3:hr>
            <ns3:cad>84</ns3:cad>
          </ns3:TrackPointExtension>
        </extensions>
      </trkpt>
      <trkpt lat="29.99395024962723255157470703125" lon="120.24538689292967319488525390625">
        <ele>11.19999980926513671875</ele>
        <time>2026-07-24T12:02:25.000Z</time>
        <extensions>
          <ns3:TrackPointExtension>
            <ns3:hr>165</ns3:hr>
            <ns3:cad>85</ns3:cad>
          </ns3:TrackPointExtension>
        </extensions>
      </trkpt>
      <trkpt lat="29.99392778612673282623291015625" lon="120.24537272751331329345703125">
        <ele>11.19999980926513671875</ele>
        <time>2026-07-24T12:02:26.000Z</time>
        <extensions>
          <ns3:TrackPointExtension>
            <ns3:hr>165</ns3:hr>
            <ns3:cad>85</ns3:cad>
          </ns3:TrackPointExtension>
        </extensions>
      </trkpt>
      <trkpt lat="29.99390917830169200897216796875" lon="120.2453695423901081085205078125">
        <ele>11</ele>
        <time>2026-07-24T12:02:27.000Z</time>
        <extensions>
          <ns3:TrackPointExtension>
            <ns3:hr>165</ns3:hr>
            <ns3:cad>85</ns3:cad>
          </ns3:TrackPointExtension>
        </extensions>
      </trkpt>
      <trkpt lat="29.99388252384960651397705078125" lon="120.24535655044019222259521484375">
        <ele>11</ele>
        <time>2026-07-24T12:02:28.000Z</time>
        <extensions>
          <ns3:TrackPointExtension>
            <ns3:hr>164</ns3:hr>
            <ns3:cad>85</ns3:cad>
          </ns3:TrackPointExtension>
        </extensions>
      </trkpt>
      <trkpt lat="29.99386777170002460479736328125" lon="120.24535319767892360687255859375">
        <ele>11</ele>
        <time>2026-07-24T12:02:29.000Z</time>
        <extensions>
          <ns3:TrackPointExtension>
            <ns3:hr>165</ns3:hr>
            <ns3:cad>85</ns3:cad>
          </ns3:TrackPointExtension>
        </extensions>
      </trkpt>
      <trkpt lat="29.9938427098095417022705078125" lon="120.24534112773835659027099609375">
        <ele>11</ele>
        <time>2026-07-24T12:02:30.000Z</time>
        <extensions>
          <ns3:TrackPointExtension>
            <ns3:hr>165</ns3:hr>
            <ns3:cad>85</ns3:cad>
          </ns3:TrackPointExtension>
        </extensions>
      </trkpt>
      <trkpt lat="29.9938246048986911773681640625" lon="120.24533408693969249725341796875">
        <ele>11</ele>
        <time>2026-07-24T12:02:31.000Z</time>
        <extensions>
          <ns3:TrackPointExtension>
            <ns3:hr>164</ns3:hr>
            <ns3:cad>85</ns3:cad>
          </ns3:TrackPointExtension>
        </extensions>
      </trkpt>
      <trkpt lat="29.9938021413981914520263671875" lon="120.2453262917697429656982421875">
        <ele>11</ele>
        <time>2026-07-24T12:02:32.000Z</time>
        <extensions>
          <ns3:TrackPointExtension>
            <ns3:hr>164</ns3:hr>
            <ns3:cad>85</ns3:cad>
          </ns3:TrackPointExtension>
        </extensions>
      </trkpt>
      <trkpt lat="29.99378059990704059600830078125" lon="120.24531128816306591033935546875">
        <ele>11</ele>
        <time>2026-07-24T12:02:33.000Z</time>
        <extensions>
          <ns3:TrackPointExtension>
            <ns3:hr>164</ns3:hr>
            <ns3:cad>85</ns3:cad>
          </ns3:TrackPointExtension>
        </extensions>
      </trkpt>
      <trkpt lat="29.99376199208199977874755859375" lon="120.2453051693737506866455078125">
        <ele>11</ele>
        <time>2026-07-24T12:02:34.000Z</time>
        <extensions>
          <ns3:TrackPointExtension>
            <ns3:hr>164</ns3:hr>
            <ns3:cad>85</ns3:cad>
          </ns3:TrackPointExtension>
        </extensions>
      </trkpt>
      <trkpt lat="29.993733577430248260498046875" lon="120.24528983049094676971435546875">
        <ele>11</ele>
        <time>2026-07-24T12:02:35.000Z</time>
        <extensions>
          <ns3:TrackPointExtension>
            <ns3:hr>165</ns3:hr>
            <ns3:cad>85</ns3:cad>
          </ns3:TrackPointExtension>
        </extensions>
      </trkpt>
      <trkpt lat="29.99371924437582492828369140625" lon="120.2452817000448703765869140625">
        <ele>11</ele>
        <time>2026-07-24T12:02:36.000Z</time>
        <extensions>
          <ns3:TrackPointExtension>
            <ns3:hr>164</ns3:hr>
            <ns3:cad>85</ns3:cad>
          </ns3:TrackPointExtension>
        </extensions>
      </trkpt>
      <trkpt lat="29.99369326047599315643310546875" lon="120.2452696301043033599853515625">
        <ele>11</ele>
        <time>2026-07-24T12:02:37.000Z</time>
        <extensions>
          <ns3:TrackPointExtension>
            <ns3:hr>163</ns3:hr>
            <ns3:cad>85</ns3:cad>
          </ns3:TrackPointExtension>
        </extensions>
      </trkpt>
      <trkpt lat="29.99367113225162029266357421875" lon="120.245254375040531158447265625">
        <ele>10.80000019073486328125</ele>
        <time>2026-07-24T12:02:38.000Z</time>
        <extensions>
          <ns3:TrackPointExtension>
            <ns3:hr>163</ns3:hr>
            <ns3:cad>85</ns3:cad>
          </ns3:TrackPointExtension>
        </extensions>
      </trkpt>
      <trkpt lat="29.99365235678851604461669921875" lon="120.24524892680346965789794921875">
        <ele>10.80000019073486328125</ele>
        <time>2026-07-24T12:02:39.000Z</time>
        <extensions>
          <ns3:TrackPointExtension>
            <ns3:hr>163</ns3:hr>
            <ns3:cad>85</ns3:cad>
          </ns3:TrackPointExtension>
        </extensions>
      </trkpt>
      <trkpt lat="29.99362637288868427276611328125" lon="120.24522897787392139434814453125">
        <ele>10.80000019073486328125</ele>
        <time>2026-07-24T12:02:40.000Z</time>
        <extensions>
          <ns3:TrackPointExtension>
            <ns3:hr>163</ns3:hr>
            <ns3:cad>84</ns3:cad>
          </ns3:TrackPointExtension>
        </extensions>
      </trkpt>
      <trkpt lat="29.99360986053943634033203125" lon="120.245222188532352447509765625">
        <ele>10.80000019073486328125</ele>
        <time>2026-07-24T12:02:41.000Z</time>
        <extensions>
          <ns3:TrackPointExtension>
            <ns3:hr>163</ns3:hr>
            <ns3:cad>84</ns3:cad>
          </ns3:TrackPointExtension>
        </extensions>
      </trkpt>
      <trkpt lat="29.993587397038936614990234375" lon="120.2452106215059757232666015625">
        <ele>10.80000019073486328125</ele>
        <time>2026-07-24T12:02:42.000Z</time>
        <extensions>
          <ns3:TrackPointExtension>
            <ns3:hr>164</ns3:hr>
            <ns3:cad>84</ns3:cad>
          </ns3:TrackPointExtension>
        </extensions>
      </trkpt>
      <trkpt lat="29.9935702979564666748046875" lon="120.2452019043266773223876953125">
        <ele>10.80000019073486328125</ele>
        <time>2026-07-24T12:02:43.000Z</time>
        <extensions>
          <ns3:TrackPointExtension>
            <ns3:hr>164</ns3:hr>
            <ns3:cad>84</ns3:cad>
          </ns3:TrackPointExtension>
        </extensions>
      </trkpt>
      <trkpt lat="29.9935513548552989959716796875" lon="120.245193354785442352294921875">
        <ele>10.80000019073486328125</ele>
        <time>2026-07-24T12:02:44.000Z</time>
        <extensions>
          <ns3:TrackPointExtension>
            <ns3:hr>164</ns3:hr>
            <ns3:cad>85</ns3:cad>
          </ns3:TrackPointExtension>
        </extensions>
      </trkpt>
      <trkpt lat="29.99353031627833843231201171875" lon="120.24518120102584362030029296875">
        <ele>10.80000019073486328125</ele>
        <time>2026-07-24T12:02:45.000Z</time>
        <extensions>
          <ns3:TrackPointExtension>
            <ns3:hr>163</ns3:hr>
            <ns3:cad>85</ns3:cad>
          </ns3:TrackPointExtension>
        </extensions>
      </trkpt>
      <trkpt lat="29.99351321719586849212646484375" lon="120.2451797761023044586181640625">
        <ele>10.80000019073486328125</ele>
        <time>2026-07-24T12:02:46.000Z</time>
        <extensions>
          <ns3:TrackPointExtension>
            <ns3:hr>164</ns3:hr>
            <ns3:cad>85</ns3:cad>
          </ns3:TrackPointExtension>
        </extensions>
      </trkpt>
      <trkpt lat="29.9934903346002101898193359375" lon="120.2451700530946254730224609375">
        <ele>10.80000019073486328125</ele>
        <time>2026-07-24T12:02:47.000Z</time>
        <extensions>
          <ns3:TrackPointExtension>
            <ns3:hr>164</ns3:hr>
            <ns3:cad>86</ns3:cad>
          </ns3:TrackPointExtension>
        </extensions>
      </trkpt>
      <trkpt lat="29.99347382225096225738525390625" lon="120.24516284465789794921875">
        <ele>10.80000019073486328125</ele>
        <time>2026-07-24T12:02:48.000Z</time>
        <extensions>
          <ns3:TrackPointExtension>
            <ns3:hr>164</ns3:hr>
            <ns3:cad>86</ns3:cad>
          </ns3:TrackPointExtension>
        </extensions>
      </trkpt>
      <trkpt lat="29.99344985000789165496826171875" lon="120.24515052326023578643798828125">
        <ele>10.6000003814697265625</ele>
        <time>2026-07-24T12:02:49.000Z</time>
        <extensions>
          <ns3:TrackPointExtension>
            <ns3:hr>164</ns3:hr>
            <ns3:cad>85</ns3:cad>
          </ns3:TrackPointExtension>
        </extensions>
      </trkpt>
      <trkpt lat="29.9934283085167407989501953125" lon="120.24513862095773220062255859375">
        <ele>10.6000003814697265625</ele>
        <time>2026-07-24T12:02:50.000Z</time>
        <extensions>
          <ns3:TrackPointExtension>
            <ns3:hr>164</ns3:hr>
            <ns3:cad>85</ns3:cad>
          </ns3:TrackPointExtension>
        </extensions>
      </trkpt>
      <trkpt lat="29.99340643174946308135986328125" lon="120.24512940086424350738525390625">
        <ele>10.6000003814697265625</ele>
        <time>2026-07-24T12:02:51.000Z</time>
        <extensions>
          <ns3:TrackPointExtension>
            <ns3:hr>165</ns3:hr>
            <ns3:cad>85</ns3:cad>
          </ns3:TrackPointExtension>
        </extensions>
      </trkpt>
      <trkpt lat="29.99338178895413875579833984375" lon="120.2451174147427082061767578125">
        <ele>10.80000019073486328125</ele>
        <time>2026-07-24T12:02:52.000Z</time>
        <extensions>
          <ns3:TrackPointExtension>
            <ns3:hr>165</ns3:hr>
            <ns3:cad>85</ns3:cad>
          </ns3:TrackPointExtension>
        </extensions>
      </trkpt>
      <trkpt lat="29.99336309731006622314453125" lon="120.24511297233402729034423828125">
        <ele>10.80000019073486328125</ele>
        <time>2026-07-24T12:02:53.000Z</time>
        <extensions>
          <ns3:TrackPointExtension>
            <ns3:hr>165</ns3:hr>
            <ns3:cad>85</ns3:cad>
          </ns3:TrackPointExtension>
        </extensions>
      </trkpt>
      <trkpt lat="29.99333719722926616668701171875" lon="120.24509855546057224273681640625">
        <ele>10.80000019073486328125</ele>
        <time>2026-07-24T12:02:54.000Z</time>
        <extensions>
          <ns3:TrackPointExtension>
            <ns3:hr>165</ns3:hr>
            <ns3:cad>86</ns3:cad>
          </ns3:TrackPointExtension>
        </extensions>
      </trkpt>
      <trkpt lat="29.9933210201561450958251953125" lon="120.2450905926525592803955078125">
        <ele>10.80000019073486328125</ele>
        <time>2026-07-24T12:02:55.000Z</time>
        <extensions>
          <ns3:TrackPointExtension>
            <ns3:hr>164</ns3:hr>
            <ns3:cad>86</ns3:cad>
          </ns3:TrackPointExtension>
        </extensions>
      </trkpt>
      <trkpt lat="29.993297718465328216552734375" lon="120.2450795285403728485107421875">
        <ele>10.80000019073486328125</ele>
        <time>2026-07-24T12:02:56.000Z</time>
        <extensions>
          <ns3:TrackPointExtension>
            <ns3:hr>165</ns3:hr>
            <ns3:cad>86</ns3:cad>
          </ns3:TrackPointExtension>
        </extensions>
      </trkpt>
      <trkpt lat="29.9932770989835262298583984375" lon="120.24506536312401294708251953125">
        <ele>10.6000003814697265625</ele>
        <time>2026-07-24T12:02:57.000Z</time>
        <extensions>
          <ns3:TrackPointExtension>
            <ns3:hr>165</ns3:hr>
            <ns3:cad>86</ns3:cad>
          </ns3:TrackPointExtension>
        </extensions>
      </trkpt>
      <trkpt lat="29.993257820606231689453125" lon="120.2450550533831119537353515625">
        <ele>10.6000003814697265625</ele>
        <time>2026-07-24T12:02:58.000Z</time>
        <extensions>
          <ns3:TrackPointExtension>
            <ns3:hr>164</ns3:hr>
            <ns3:cad>86</ns3:cad>
          </ns3:TrackPointExtension>
        </extensions>
      </trkpt>
      <trkpt lat="29.993238039314746856689453125" lon="120.245037116110324859619140625">
        <ele>10.6000003814697265625</ele>
        <time>2026-07-24T12:02:59.000Z</time>
        <extensions>
          <ns3:TrackPointExtension>
            <ns3:hr>164</ns3:hr>
            <ns3:cad>86</ns3:cad>
          </ns3:TrackPointExtension>
        </extensions>
      </trkpt>
      <trkpt lat="29.9932234548032283782958984375" lon="120.24503250606358051300048828125">
        <ele>10.6000003814697265625</ele>
        <time>2026-07-24T12:03:00.000Z</time>
        <extensions>
          <ns3:TrackPointExtension>
            <ns3:hr>164</ns3:hr>
            <ns3:cad>85</ns3:cad>
          </ns3:TrackPointExtension>
        </extensions>
      </trkpt>
      <trkpt lat="29.993200488388538360595703125" lon="120.2450208552181720733642578125">
        <ele>10.6000003814697265625</ele>
        <time>2026-07-24T12:03:01.000Z</time>
        <extensions>
          <ns3:TrackPointExtension>
            <ns3:hr>164</ns3:hr>
            <ns3:cad>85</ns3:cad>
          </ns3:TrackPointExtension>
        </extensions>
      </trkpt>
      <trkpt lat="29.99318582005798816680908203125" lon="120.2450118027627468109130859375">
        <ele>10.6000003814697265625</ele>
        <time>2026-07-24T12:03:02.000Z</time>
        <extensions>
          <ns3:TrackPointExtension>
            <ns3:hr>165</ns3:hr>
            <ns3:cad>85</ns3:cad>
          </ns3:TrackPointExtension>
        </extensions>
      </trkpt>
      <trkpt lat="29.9931674636900424957275390625" lon="120.24499721825122833251953125">
        <ele>10.6000003814697265625</ele>
        <time>2026-07-24T12:03:03.000Z</time>
        <extensions>
          <ns3:TrackPointExtension>
            <ns3:hr>165</ns3:hr>
            <ns3:cad>85</ns3:cad>
          </ns3:TrackPointExtension>
        </extensions>
      </trkpt>
      <trkpt lat="29.99315212480723857879638671875" lon="120.24498003534972667694091796875">
        <ele>10.6000003814697265625</ele>
        <time>2026-07-24T12:03:04.000Z</time>
        <extensions>
          <ns3:TrackPointExtension>
            <ns3:hr>165</ns3:hr>
            <ns3:cad>85</ns3:cad>
          </ns3:TrackPointExtension>
        </extensions>
      </trkpt>
      <trkpt lat="29.9931352771818637847900390625" lon="120.24496913887560367584228515625">
        <ele>10.6000003814697265625</ele>
        <time>2026-07-24T12:03:05.000Z</time>
        <extensions>
          <ns3:TrackPointExtension>
            <ns3:hr>165</ns3:hr>
            <ns3:cad>84</ns3:cad>
          </ns3:TrackPointExtension>
        </extensions>
      </trkpt>
      <trkpt lat="29.99311792664229869842529296875" lon="120.24495488964021205902099609375">
        <ele>10.6000003814697265625</ele>
        <time>2026-07-24T12:03:06.000Z</time>
        <extensions>
          <ns3:TrackPointExtension>
            <ns3:hr>165</ns3:hr>
            <ns3:cad>84</ns3:cad>
          </ns3:TrackPointExtension>
        </extensions>
      </trkpt>
      <trkpt lat="29.99310350976884365081787109375" lon="120.2449447475373744964599609375">
        <ele>10.6000003814697265625</ele>
        <time>2026-07-24T12:03:07.000Z</time>
        <extensions>
          <ns3:TrackPointExtension>
            <ns3:hr>165</ns3:hr>
            <ns3:cad>85</ns3:cad>
          </ns3:TrackPointExtension>
        </extensions>
      </trkpt>
      <trkpt lat="29.99308188445866107940673828125" lon="120.244928486645221710205078125">
        <ele>10.6000003814697265625</ele>
        <time>2026-07-24T12:03:08.000Z</time>
        <extensions>
          <ns3:TrackPointExtension>
            <ns3:hr>165</ns3:hr>
            <ns3:cad>85</ns3:cad>
          </ns3:TrackPointExtension>
        </extensions>
      </trkpt>
      <trkpt lat="29.99306579120457172393798828125" lon="120.2449212782084941864013671875">
        <ele>10.6000003814697265625</ele>
        <time>2026-07-24T12:03:09.000Z</time>
        <extensions>
          <ns3:TrackPointExtension>
            <ns3:hr>166</ns3:hr>
            <ns3:cad>87</ns3:cad>
          </ns3:TrackPointExtension>
        </extensions>
      </trkpt>
      <trkpt lat="29.99304433353245258331298828125" lon="120.2449095435440540313720703125">
        <ele>10.6000003814697265625</ele>
        <time>2026-07-24T12:03:10.000Z</time>
        <extensions>
          <ns3:TrackPointExtension>
            <ns3:hr>165</ns3:hr>
            <ns3:cad>87</ns3:cad>
          </ns3:TrackPointExtension>
        </extensions>
      </trkpt>
      <trkpt lat="29.9930246360599994659423828125" lon="120.2448941208422183990478515625">
        <ele>10.6000003814697265625</ele>
        <time>2026-07-24T12:03:11.000Z</time>
        <extensions>
          <ns3:TrackPointExtension>
            <ns3:hr>165</ns3:hr>
            <ns3:cad>86</ns3:cad>
          </ns3:TrackPointExtension>
        </extensions>
      </trkpt>
      <trkpt lat="29.993005692958831787109375" lon="120.24488330818712711334228515625">
        <ele>10.6000003814697265625</ele>
        <time>2026-07-24T12:03:12.000Z</time>
        <extensions>
          <ns3:TrackPointExtension>
            <ns3:hr>165</ns3:hr>
            <ns3:cad>86</ns3:cad>
          </ns3:TrackPointExtension>
        </extensions>
      </trkpt>
      <trkpt lat="29.992986582219600677490234375" lon="120.2448679693043231964111328125">
        <ele>10.3999996185302734375</ele>
        <time>2026-07-24T12:03:13.000Z</time>
        <extensions>
          <ns3:TrackPointExtension>
            <ns3:hr>165</ns3:hr>
            <ns3:cad>86</ns3:cad>
          </ns3:TrackPointExtension>
        </extensions>
      </trkpt>
      <trkpt lat="29.99297082424163818359375" lon="120.24485648609697818756103515625">
        <ele>10.6000003814697265625</ele>
        <time>2026-07-24T12:03:14.000Z</time>
        <extensions>
          <ns3:TrackPointExtension>
            <ns3:hr>165</ns3:hr>
            <ns3:cad>86</ns3:cad>
          </ns3:TrackPointExtension>
        </extensions>
      </trkpt>
      <trkpt lat="29.99295045621693134307861328125" lon="120.24484441615641117095947265625">
        <ele>10.6000003814697265625</ele>
        <time>2026-07-24T12:03:15.000Z</time>
        <extensions>
          <ns3:TrackPointExtension>
            <ns3:hr>165</ns3:hr>
            <ns3:cad>85</ns3:cad>
          </ns3:TrackPointExtension>
        </extensions>
      </trkpt>
      <trkpt lat="29.9929347820580005645751953125" lon="120.2448337711393833160400390625">
        <ele>10.6000003814697265625</ele>
        <time>2026-07-24T12:03:16.000Z</time>
        <extensions>
          <ns3:TrackPointExtension>
            <ns3:hr>165</ns3:hr>
            <ns3:cad>85</ns3:cad>
          </ns3:TrackPointExtension>
        </extensions>
      </trkpt>
      <trkpt lat="29.99291525222361087799072265625" lon="120.244823880493640899658203125">
        <ele>10.6000003814697265625</ele>
        <time>2026-07-24T12:03:17.000Z</time>
        <extensions>
          <ns3:TrackPointExtension>
            <ns3:hr>166</ns3:hr>
            <ns3:cad>85</ns3:cad>
          </ns3:TrackPointExtension>
        </extensions>
      </trkpt>
      <trkpt lat="29.99289572238922119140625" lon="120.24480544030666351318359375">
        <ele>10.3999996185302734375</ele>
        <time>2026-07-24T12:03:18.000Z</time>
        <extensions>
          <ns3:TrackPointExtension>
            <ns3:hr>165</ns3:hr>
            <ns3:cad>85</ns3:cad>
          </ns3:TrackPointExtension>
        </extensions>
      </trkpt>
      <trkpt lat="29.99288138933479785919189453125" lon="120.24479680694639682769775390625">
        <ele>10.3999996185302734375</ele>
        <time>2026-07-24T12:03:19.000Z</time>
        <extensions>
          <ns3:TrackPointExtension>
            <ns3:hr>165</ns3:hr>
            <ns3:cad>85</ns3:cad>
          </ns3:TrackPointExtension>
        </extensions>
      </trkpt>
      <trkpt lat="29.99285942874848842620849609375" lon="120.2447764389216899871826171875">
        <ele>10.3999996185302734375</ele>
        <time>2026-07-24T12:03:20.000Z</time>
        <extensions>
          <ns3:TrackPointExtension>
            <ns3:hr>165</ns3:hr>
            <ns3:cad>85</ns3:cad>
          </ns3:TrackPointExtension>
        </extensions>
      </trkpt>
      <trkpt lat="29.99284266494214534759521484375" lon="120.24476394988596439361572265625">
        <ele>10.3999996185302734375</ele>
        <time>2026-07-24T12:03:21.000Z</time>
        <extensions>
          <ns3:TrackPointExtension>
            <ns3:hr>165</ns3:hr>
            <ns3:cad>85</ns3:cad>
          </ns3:TrackPointExtension>
        </extensions>
      </trkpt>
      <trkpt lat="29.9928234703838825225830078125" lon="120.24474986828863620758056640625">
        <ele>10.3999996185302734375</ele>
        <time>2026-07-24T12:03:22.000Z</time>
        <extensions>
          <ns3:TrackPointExtension>
            <ns3:hr>165</ns3:hr>
            <ns3:cad>84</ns3:cad>
          </ns3:TrackPointExtension>
        </extensions>
      </trkpt>
      <trkpt lat="29.99280117452144622802734375" lon="120.24473033845424652099609375">
        <ele>10.3999996185302734375</ele>
        <time>2026-07-24T12:03:23.000Z</time>
        <extensions>
          <ns3:TrackPointExtension>
            <ns3:hr>165</ns3:hr>
            <ns3:cad>84</ns3:cad>
          </ns3:TrackPointExtension>
        </extensions>
      </trkpt>
      <trkpt lat="29.992781393229961395263671875" lon="120.24471960961818695068359375">
        <ele>10.3999996185302734375</ele>
        <time>2026-07-24T12:03:24.000Z</time>
        <extensions>
          <ns3:TrackPointExtension>
            <ns3:hr>165</ns3:hr>
            <ns3:cad>83</ns3:cad>
          </ns3:TrackPointExtension>
        </extensions>
      </trkpt>
      <trkpt lat="29.9927495419979095458984375" lon="120.24469454772770404815673828125">
        <ele>10.3999996185302734375</ele>
        <time>2026-07-24T12:03:25.000Z</time>
        <extensions>
          <ns3:TrackPointExtension>
            <ns3:hr>165</ns3:hr>
            <ns3:cad>84</ns3:cad>
          </ns3:TrackPointExtension>
        </extensions>
      </trkpt>
      <trkpt lat="29.9927255697548389434814453125" lon="120.24467627517879009246826171875">
        <ele>10.19999980926513671875</ele>
        <time>2026-07-24T12:03:26.000Z</time>
        <extensions>
          <ns3:TrackPointExtension>
            <ns3:hr>165</ns3:hr>
            <ns3:cad>84</ns3:cad>
          </ns3:TrackPointExtension>
        </extensions>
      </trkpt>
      <trkpt lat="29.99269212596118450164794921875" lon="120.2446587570011615753173828125">
        <ele>10.19999980926513671875</ele>
        <time>2026-07-24T12:03:27.000Z</time>
        <extensions>
          <ns3:TrackPointExtension>
            <ns3:hr>166</ns3:hr>
            <ns3:cad>84</ns3:cad>
          </ns3:TrackPointExtension>
        </extensions>
      </trkpt>
      <trkpt lat="29.99265776015818119049072265625" lon="120.24463805370032787322998046875">
        <ele>10.19999980926513671875</ele>
        <time>2026-07-24T12:03:28.000Z</time>
        <extensions>
          <ns3:TrackPointExtension>
            <ns3:hr>165</ns3:hr>
            <ns3:cad>84</ns3:cad>
          </ns3:TrackPointExtension>
        </extensions>
      </trkpt>
      <trkpt lat="29.9926306866109371185302734375" lon="120.24462564848363399505615234375">
        <ele>10</ele>
        <time>2026-07-24T12:03:29.000Z</time>
        <extensions>
          <ns3:TrackPointExtension>
            <ns3:hr>165</ns3:hr>
            <ns3:cad>85</ns3:cad>
          </ns3:TrackPointExtension>
        </extensions>
      </trkpt>
      <trkpt lat="29.9925971589982509613037109375" lon="120.24460268206894397735595703125">
        <ele>10</ele>
        <time>2026-07-24T12:03:30.000Z</time>
        <extensions>
          <ns3:TrackPointExtension>
            <ns3:hr>166</ns3:hr>
            <ns3:cad>85</ns3:cad>
          </ns3:TrackPointExtension>
        </extensions>
      </trkpt>
      <trkpt lat="29.9925783835351467132568359375" lon="120.244595222175121307373046875">
        <ele>10.19999980926513671875</ele>
        <time>2026-07-24T12:03:31.000Z</time>
        <extensions>
          <ns3:TrackPointExtension>
            <ns3:hr>166</ns3:hr>
            <ns3:cad>85</ns3:cad>
          </ns3:TrackPointExtension>
        </extensions>
      </trkpt>
      <trkpt lat="29.9925518967211246490478515625" lon="120.24458692409098148345947265625">
        <ele>10.19999980926513671875</ele>
        <time>2026-07-24T12:03:32.000Z</time>
        <extensions>
          <ns3:TrackPointExtension>
            <ns3:hr>167</ns3:hr>
            <ns3:cad>85</ns3:cad>
          </ns3:TrackPointExtension>
        </extensions>
      </trkpt>
      <trkpt lat="29.99252666719257831573486328125" lon="120.24457585997879505157470703125">
        <ele>10.19999980926513671875</ele>
        <time>2026-07-24T12:03:33.000Z</time>
        <extensions>
          <ns3:TrackPointExtension>
            <ns3:hr>167</ns3:hr>
            <ns3:cad>85</ns3:cad>
          </ns3:TrackPointExtension>
        </extensions>
      </trkpt>
      <trkpt lat="29.99250554479658603668212890625" lon="120.244571082293987274169921875">
        <ele>10.19999980926513671875</ele>
        <time>2026-07-24T12:03:34.000Z</time>
        <extensions>
          <ns3:TrackPointExtension>
            <ns3:hr>167</ns3:hr>
            <ns3:cad>84</ns3:cad>
          </ns3:TrackPointExtension>
        </extensions>
      </trkpt>
      <trkpt lat="29.99247654341161251068115234375" lon="120.2445566654205322265625">
        <ele>10.19999980926513671875</ele>
        <time>2026-07-24T12:03:35.000Z</time>
        <extensions>
          <ns3:TrackPointExtension>
            <ns3:hr>167</ns3:hr>
            <ns3:cad>84</ns3:cad>
          </ns3:TrackPointExtension>
        </extensions>
      </trkpt>
      <trkpt lat="29.9924633838236331939697265625" lon="120.244548283517360687255859375">
        <ele>10.19999980926513671875</ele>
        <time>2026-07-24T12:03:36.000Z</time>
        <extensions>
          <ns3:TrackPointExtension>
            <ns3:hr>167</ns3:hr>
            <ns3:cad>84</ns3:cad>
          </ns3:TrackPointExtension>
        </extensions>
      </trkpt>
      <trkpt lat="29.9924436025321483612060546875" lon="120.24453411810100078582763671875">
        <ele>10.19999980926513671875</ele>
        <time>2026-07-24T12:03:37.000Z</time>
        <extensions>
          <ns3:TrackPointExtension>
            <ns3:hr>167</ns3:hr>
            <ns3:cad>84</ns3:cad>
          </ns3:TrackPointExtension>
        </extensions>
      </trkpt>
      <trkpt lat="29.99242298305034637451171875" lon="120.24451483972370624542236328125">
        <ele>10.19999980926513671875</ele>
        <time>2026-07-24T12:03:38.000Z</time>
        <extensions>
          <ns3:TrackPointExtension>
            <ns3:hr>166</ns3:hr>
            <ns3:cad>84</ns3:cad>
          </ns3:TrackPointExtension>
        </extensions>
      </trkpt>
      <trkpt lat="29.992404878139495849609375" lon="120.24450193159282207489013671875">
        <ele>10.19999980926513671875</ele>
        <time>2026-07-24T12:03:39.000Z</time>
        <extensions>
          <ns3:TrackPointExtension>
            <ns3:hr>167</ns3:hr>
            <ns3:cad>84</ns3:cad>
          </ns3:TrackPointExtension>
        </extensions>
      </trkpt>
      <trkpt lat="29.9923819117248058319091796875" lon="120.2444837428629398345947265625">
        <ele>10.19999980926513671875</ele>
        <time>2026-07-24T12:03:40.000Z</time>
        <extensions>
          <ns3:TrackPointExtension>
            <ns3:hr>168</ns3:hr>
            <ns3:cad>84</ns3:cad>
          </ns3:TrackPointExtension>
        </extensions>
      </trkpt>
      <trkpt lat="29.9923631362617015838623046875" lon="120.2444710023701190948486328125">
        <ele>10.19999980926513671875</ele>
        <time>2026-07-24T12:03:41.000Z</time>
        <extensions>
          <ns3:TrackPointExtension>
            <ns3:hr>168</ns3:hr>
            <ns3:cad>83</ns3:cad>
          </ns3:TrackPointExtension>
        </extensions>
      </trkpt>
      <trkpt lat="29.9923418462276458740234375" lon="120.24445951916277408599853515625">
        <ele>10.19999980926513671875</ele>
        <time>2026-07-24T12:03:42.000Z</time>
        <extensions>
          <ns3:TrackPointExtension>
            <ns3:hr>169</ns3:hr>
            <ns3:cad>83</ns3:cad>
          </ns3:TrackPointExtension>
        </extensions>
      </trkpt>
      <trkpt lat="29.9923195503652095794677734375" lon="120.24444158188998699188232421875">
        <ele>10.19999980926513671875</ele>
        <time>2026-07-24T12:03:43.000Z</time>
        <extensions>
          <ns3:TrackPointExtension>
            <ns3:hr>169</ns3:hr>
            <ns3:cad>83</ns3:cad>
          </ns3:TrackPointExtension>
        </extensions>
      </trkpt>
      <trkpt lat="29.99230337329208850860595703125" lon="120.24443269707262516021728515625">
        <ele>10.19999980926513671875</ele>
        <time>2026-07-24T12:03:44.000Z</time>
        <extensions>
          <ns3:TrackPointExtension>
            <ns3:hr>169</ns3:hr>
            <ns3:cad>83</ns3:cad>
          </ns3:TrackPointExtension>
        </extensions>
      </trkpt>
      <trkpt lat="29.99228409491479396820068359375" lon="120.2444131672382354736328125">
        <ele>10.19999980926513671875</ele>
        <time>2026-07-24T12:03:45.000Z</time>
        <extensions>
          <ns3:TrackPointExtension>
            <ns3:hr>170</ns3:hr>
            <ns3:cad>83</ns3:cad>
          </ns3:TrackPointExtension>
        </extensions>
      </trkpt>
      <trkpt lat="29.9922665767371654510498046875" lon="120.24440067820250988006591796875">
        <ele>10.19999980926513671875</ele>
        <time>2026-07-24T12:03:46.000Z</time>
        <extensions>
          <ns3:TrackPointExtension>
            <ns3:hr>169</ns3:hr>
            <ns3:cad>83</ns3:cad>
          </ns3:TrackPointExtension>
        </extensions>
      </trkpt>
      <trkpt lat="29.99224654398858547210693359375" lon="120.244387686252593994140625">
        <ele>10.19999980926513671875</ele>
        <time>2026-07-24T12:03:47.000Z</time>
        <extensions>
          <ns3:TrackPointExtension>
            <ns3:hr>170</ns3:hr>
            <ns3:cad>83</ns3:cad>
          </ns3:TrackPointExtension>
        </extensions>
      </trkpt>
      <trkpt lat="29.992225170135498046875" lon="120.2443684078752994537353515625">
        <ele>10.19999980926513671875</ele>
        <time>2026-07-24T12:03:48.000Z</time>
        <extensions>
          <ns3:TrackPointExtension>
            <ns3:hr>170</ns3:hr>
            <ns3:cad>83</ns3:cad>
          </ns3:TrackPointExtension>
        </extensions>
      </trkpt>
      <trkpt lat="29.99221066944301128387451171875" lon="120.2443586848676204681396484375">
        <ele>10.19999980926513671875</ele>
        <time>2026-07-24T12:03:49.000Z</time>
        <extensions>
          <ns3:TrackPointExtension>
            <ns3:hr>170</ns3:hr>
            <ns3:cad>83</ns3:cad>
          </ns3:TrackPointExtension>
        </extensions>
      </trkpt>
      <trkpt lat="29.99219055287539958953857421875" lon="120.24434904567897319793701171875">
        <ele>10.19999980926513671875</ele>
        <time>2026-07-24T12:03:50.000Z</time>
        <extensions>
          <ns3:TrackPointExtension>
            <ns3:hr>170</ns3:hr>
            <ns3:cad>83</ns3:cad>
          </ns3:TrackPointExtension>
        </extensions>
      </trkpt>
      <trkpt lat="29.9921720288693904876708984375" lon="120.244335047900676727294921875">
        <ele>10.19999980926513671875</ele>
        <time>2026-07-24T12:03:51.000Z</time>
        <extensions>
          <ns3:TrackPointExtension>
            <ns3:hr>169</ns3:hr>
            <ns3:cad>83</ns3:cad>
          </ns3:TrackPointExtension>
        </extensions>
      </trkpt>
      <trkpt lat="29.99215249903500080108642578125" lon="120.24432373233139514923095703125">
        <ele>10.19999980926513671875</ele>
        <time>2026-07-24T12:03:52.000Z</time>
        <extensions>
          <ns3:TrackPointExtension>
            <ns3:hr>170</ns3:hr>
            <ns3:cad>84</ns3:cad>
          </ns3:TrackPointExtension>
        </extensions>
      </trkpt>
      <trkpt lat="29.99213288538157939910888671875" lon="120.244307555258274078369140625">
        <ele>10.19999980926513671875</ele>
        <time>2026-07-24T12:03:53.000Z</time>
        <extensions>
          <ns3:TrackPointExtension>
            <ns3:hr>170</ns3:hr>
            <ns3:cad>84</ns3:cad>
          </ns3:TrackPointExtension>
        </extensions>
      </trkpt>
      <trkpt lat="29.9921183846890926361083984375" lon="120.2443005144596099853515625">
        <ele>10.19999980926513671875</ele>
        <time>2026-07-24T12:03:54.000Z</time>
        <extensions>
          <ns3:TrackPointExtension>
            <ns3:hr>170</ns3:hr>
            <ns3:cad>84</ns3:cad>
          </ns3:TrackPointExtension>
        </extensions>
      </trkpt>
      <trkpt lat="29.99209868721663951873779296875" lon="120.24428366683423519134521484375">
        <ele>10.19999980926513671875</ele>
        <time>2026-07-24T12:03:55.000Z</time>
        <extensions>
          <ns3:TrackPointExtension>
            <ns3:hr>169</ns3:hr>
            <ns3:cad>84</ns3:cad>
          </ns3:TrackPointExtension>
        </extensions>
      </trkpt>
      <trkpt lat="29.9920831806957721710205078125" lon="120.24427411146461963653564453125">
        <ele>10.19999980926513671875</ele>
        <time>2026-07-24T12:03:56.000Z</time>
        <extensions>
          <ns3:TrackPointExtension>
            <ns3:hr>170</ns3:hr>
            <ns3:cad>84</ns3:cad>
          </ns3:TrackPointExtension>
        </extensions>
      </trkpt>
      <trkpt lat="29.992065243422985076904296875" lon="120.2442651428282260894775390625">
        <ele>10.19999980926513671875</ele>
        <time>2026-07-24T12:03:57.000Z</time>
        <extensions>
          <ns3:TrackPointExtension>
            <ns3:hr>170</ns3:hr>
            <ns3:cad>84</ns3:cad>
          </ns3:TrackPointExtension>
        </extensions>
      </trkpt>
      <trkpt lat="29.9920473061501979827880859375" lon="120.2442468702793121337890625">
        <ele>10.19999980926513671875</ele>
        <time>2026-07-24T12:03:58.000Z</time>
        <extensions>
          <ns3:TrackPointExtension>
            <ns3:hr>170</ns3:hr>
            <ns3:cad>84</ns3:cad>
          </ns3:TrackPointExtension>
        </extensions>
      </trkpt>
      <trkpt lat="29.992035068571567535400390625" lon="120.24424041621387004852294921875">
        <ele>10.19999980926513671875</ele>
        <time>2026-07-24T12:03:59.000Z</time>
        <extensions>
          <ns3:TrackPointExtension>
            <ns3:hr>170</ns3:hr>
            <ns3:cad>83</ns3:cad>
          </ns3:TrackPointExtension>
        </extensions>
      </trkpt>
      <trkpt lat="29.9920151196420192718505859375" lon="120.24422750808298587799072265625">
        <ele>10.19999980926513671875</ele>
        <time>2026-07-24T12:04:00.000Z</time>
        <extensions>
          <ns3:TrackPointExtension>
            <ns3:hr>170</ns3:hr>
            <ns3:cad>83</ns3:cad>
          </ns3:TrackPointExtension>
        </extensions>
      </trkpt>
      <trkpt lat="29.99199709855020046234130859375" lon="120.2442165277898311614990234375">
        <ele>10.19999980926513671875</ele>
        <time>2026-07-24T12:04:01.000Z</time>
        <extensions>
          <ns3:TrackPointExtension>
            <ns3:hr>170</ns3:hr>
            <ns3:cad>83</ns3:cad>
          </ns3:TrackPointExtension>
        </extensions>
      </trkpt>
      <trkpt lat="29.9919797480106353759765625" lon="120.24420638568699359893798828125">
        <ele>10.19999980926513671875</ele>
        <time>2026-07-24T12:04:02.000Z</time>
        <extensions>
          <ns3:TrackPointExtension>
            <ns3:hr>170</ns3:hr>
            <ns3:cad>83</ns3:cad>
          </ns3:TrackPointExtension>
        </extensions>
      </trkpt>
      <trkpt lat="29.99196030199527740478515625" lon="120.24419121444225311279296875">
        <ele>10.19999980926513671875</ele>
        <time>2026-07-24T12:04:03.000Z</time>
        <extensions>
          <ns3:TrackPointExtension>
            <ns3:hr>170</ns3:hr>
            <ns3:cad>83</ns3:cad>
          </ns3:TrackPointExtension>
        </extensions>
      </trkpt>
      <trkpt lat="29.99194378964602947235107421875" lon="120.2441836707293987274169921875">
        <ele>10.19999980926513671875</ele>
        <time>2026-07-24T12:04:04.000Z</time>
        <extensions>
          <ns3:TrackPointExtension>
            <ns3:hr>170</ns3:hr>
            <ns3:cad>83</ns3:cad>
          </ns3:TrackPointExtension>
        </extensions>
      </trkpt>
      <trkpt lat="29.99192283488810062408447265625" lon="120.24417084641754627227783203125">
        <ele>10.19999980926513671875</ele>
        <time>2026-07-24T12:04:05.000Z</time>
        <extensions>
          <ns3:TrackPointExtension>
            <ns3:hr>171</ns3:hr>
            <ns3:cad>84</ns3:cad>
          </ns3:TrackPointExtension>
        </extensions>
      </trkpt>
      <trkpt lat="29.991906322538852691650390625" lon="120.24415994994342327117919921875">
        <ele>10</ele>
        <time>2026-07-24T12:04:06.000Z</time>
        <extensions>
          <ns3:TrackPointExtension>
            <ns3:hr>170</ns3:hr>
            <ns3:cad>84</ns3:cad>
          </ns3:TrackPointExtension>
        </extensions>
      </trkpt>
      <trkpt lat="29.99188922345638275146484375" lon="120.2441476285457611083984375">
        <ele>10</ele>
        <time>2026-07-24T12:04:07.000Z</time>
        <extensions>
          <ns3:TrackPointExtension>
            <ns3:hr>170</ns3:hr>
            <ns3:cad>85</ns3:cad>
          </ns3:TrackPointExtension>
        </extensions>
      </trkpt>
      <trkpt lat="29.99187086708843708038330078125" lon="120.2441303618252277374267578125">
        <ele>10</ele>
        <time>2026-07-24T12:04:08.000Z</time>
        <extensions>
          <ns3:TrackPointExtension>
            <ns3:hr>171</ns3:hr>
            <ns3:cad>85</ns3:cad>
          </ns3:TrackPointExtension>
        </extensions>
      </trkpt>
      <trkpt lat="29.991854690015316009521484375" lon="120.24412038736045360565185546875">
        <ele>10</ele>
        <time>2026-07-24T12:04:09.000Z</time>
        <extensions>
          <ns3:TrackPointExtension>
            <ns3:hr>170</ns3:hr>
            <ns3:cad>84</ns3:cad>
          </ns3:TrackPointExtension>
        </extensions>
      </trkpt>
      <trkpt lat="29.9918364174664020538330078125" lon="120.2441078983247280120849609375">
        <ele>10</ele>
        <time>2026-07-24T12:04:10.000Z</time>
        <extensions>
          <ns3:TrackPointExtension>
            <ns3:hr>170</ns3:hr>
            <ns3:cad>84</ns3:cad>
          </ns3:TrackPointExtension>
        </extensions>
      </trkpt>
      <trkpt lat="29.99181814491748809814453125" lon="120.244097001850605010986328125">
        <ele>10</ele>
        <time>2026-07-24T12:04:11.000Z</time>
        <extensions>
          <ns3:TrackPointExtension>
            <ns3:hr>170</ns3:hr>
            <ns3:cad>84</ns3:cad>
          </ns3:TrackPointExtension>
        </extensions>
      </trkpt>
      <trkpt lat="29.99180297367274761199951171875" lon="120.24408887140452861785888671875">
        <ele>10</ele>
        <time>2026-07-24T12:04:12.000Z</time>
        <extensions>
          <ns3:TrackPointExtension>
            <ns3:hr>170</ns3:hr>
            <ns3:cad>84</ns3:cad>
          </ns3:TrackPointExtension>
        </extensions>
      </trkpt>
      <trkpt lat="29.9917831085622310638427734375" lon="120.2440673299133777618408203125">
        <ele>10</ele>
        <time>2026-07-24T12:04:13.000Z</time>
        <extensions>
          <ns3:TrackPointExtension>
            <ns3:hr>170</ns3:hr>
            <ns3:cad>84</ns3:cad>
          </ns3:TrackPointExtension>
        </extensions>
      </trkpt>
      <trkpt lat="29.99176776967942714691162109375" lon="120.24405450560152530670166015625">
        <ele>9.80000019073486328125</ele>
        <time>2026-07-24T12:04:14.000Z</time>
        <extensions>
          <ns3:TrackPointExtension>
            <ns3:hr>171</ns3:hr>
            <ns3:cad>84</ns3:cad>
          </ns3:TrackPointExtension>
        </extensions>
      </trkpt>
      <trkpt lat="29.99174715019762516021728515625" lon="120.24404025636613368988037109375">
        <ele>9.80000019073486328125</ele>
        <time>2026-07-24T12:04:15.000Z</time>
        <extensions>
          <ns3:TrackPointExtension>
            <ns3:hr>170</ns3:hr>
            <ns3:cad>84</ns3:cad>
          </ns3:TrackPointExtension>
        </extensions>
      </trkpt>
      <trkpt lat="29.9917297996580600738525390625" lon="120.244027264416217803955078125">
        <ele>10</ele>
        <time>2026-07-24T12:04:16.000Z</time>
        <extensions>
          <ns3:TrackPointExtension>
            <ns3:hr>170</ns3:hr>
            <ns3:cad>84</ns3:cad>
          </ns3:TrackPointExtension>
        </extensions>
      </trkpt>
      <trkpt lat="29.99171228148043155670166015625" lon="120.24401611648499965667724609375">
        <ele>10</ele>
        <time>2026-07-24T12:04:17.000Z</time>
        <extensions>
          <ns3:TrackPointExtension>
            <ns3:hr>170</ns3:hr>
            <ns3:cad>84</ns3:cad>
          </ns3:TrackPointExtension>
        </extensions>
      </trkpt>
      <trkpt lat="29.99169367365539073944091796875" lon="120.24400203488767147064208984375">
        <ele>10</ele>
        <time>2026-07-24T12:04:18.000Z</time>
        <extensions>
          <ns3:TrackPointExtension>
            <ns3:hr>170</ns3:hr>
            <ns3:cad>85</ns3:cad>
          </ns3:TrackPointExtension>
        </extensions>
      </trkpt>
      <trkpt lat="29.9916788376867771148681640625" lon="120.24399331770837306976318359375">
        <ele>10</ele>
        <time>2026-07-24T12:04:19.000Z</time>
        <extensions>
          <ns3:TrackPointExtension>
            <ns3:hr>170</ns3:hr>
            <ns3:cad>85</ns3:cad>
          </ns3:TrackPointExtension>
        </extensions>
      </trkpt>
      <trkpt lat="29.9916567094624042510986328125" lon="120.24397839792072772979736328125">
        <ele>10</ele>
        <time>2026-07-24T12:04:20.000Z</time>
        <extensions>
          <ns3:TrackPointExtension>
            <ns3:hr>170</ns3:hr>
            <ns3:cad>84</ns3:cad>
          </ns3:TrackPointExtension>
        </extensions>
      </trkpt>
      <trkpt lat="29.9916419573128223419189453125" lon="120.24396934546530246734619140625">
        <ele>10</ele>
        <time>2026-07-24T12:04:21.000Z</time>
        <extensions>
          <ns3:TrackPointExtension>
            <ns3:hr>170</ns3:hr>
            <ns3:cad>84</ns3:cad>
          </ns3:TrackPointExtension>
        </extensions>
      </trkpt>
      <trkpt lat="29.99162024818360805511474609375" lon="120.2439558506011962890625">
        <ele>9.80000019073486328125</ele>
        <time>2026-07-24T12:04:22.000Z</time>
        <extensions>
          <ns3:TrackPointExtension>
            <ns3:hr>170</ns3:hr>
            <ns3:cad>84</ns3:cad>
          </ns3:TrackPointExtension>
        </extensions>
      </trkpt>
      <trkpt lat="29.99160147272050380706787109375" lon="120.2439456246793270111083984375">
        <ele>9.80000019073486328125</ele>
        <time>2026-07-24T12:04:23.000Z</time>
        <extensions>
          <ns3:TrackPointExtension>
            <ns3:hr>169</ns3:hr>
            <ns3:cad>84</ns3:cad>
          </ns3:TrackPointExtension>
        </extensions>
      </trkpt>
      <trkpt lat="29.9915816076099872589111328125" lon="120.243938080966472625732421875">
        <ele>9.80000019073486328125</ele>
        <time>2026-07-24T12:04:24.000Z</time>
        <extensions>
          <ns3:TrackPointExtension>
            <ns3:hr>170</ns3:hr>
            <ns3:cad>85</ns3:cad>
          </ns3:TrackPointExtension>
        </extensions>
      </trkpt>
      <trkpt lat="29.99155989848077297210693359375" lon="120.2439211495220661163330078125">
        <ele>9.80000019073486328125</ele>
        <time>2026-07-24T12:04:25.000Z</time>
        <extensions>
          <ns3:TrackPointExtension>
            <ns3:hr>169</ns3:hr>
            <ns3:cad>85</ns3:cad>
          </ns3:TrackPointExtension>
        </extensions>
      </trkpt>
      <trkpt lat="29.99154531396925449371337890625" lon="120.24391033686697483062744140625">
        <ele>9.80000019073486328125</ele>
        <time>2026-07-24T12:04:26.000Z</time>
        <extensions>
          <ns3:TrackPointExtension>
            <ns3:hr>169</ns3:hr>
            <ns3:cad>85</ns3:cad>
          </ns3:TrackPointExtension>
        </extensions>
      </trkpt>
      <trkpt lat="29.99152519740164279937744140625" lon="120.2438906393945217132568359375">
        <ele>9.80000019073486328125</ele>
        <time>2026-07-24T12:04:27.000Z</time>
        <extensions>
          <ns3:TrackPointExtension>
            <ns3:hr>169</ns3:hr>
            <ns3:cad>85</ns3:cad>
          </ns3:TrackPointExtension>
        </extensions>
      </trkpt>
      <trkpt lat="29.9915115348994731903076171875" lon="120.24387831799685955047607421875">
        <ele>9.80000019073486328125</ele>
        <time>2026-07-24T12:04:28.000Z</time>
        <extensions>
          <ns3:TrackPointExtension>
            <ns3:hr>169</ns3:hr>
            <ns3:cad>85</ns3:cad>
          </ns3:TrackPointExtension>
        </extensions>
      </trkpt>
      <trkpt lat="29.99149166978895664215087890625" lon="120.24386323057115077972412109375">
        <ele>9.80000019073486328125</ele>
        <time>2026-07-24T12:04:29.000Z</time>
        <extensions>
          <ns3:TrackPointExtension>
            <ns3:hr>169</ns3:hr>
            <ns3:cad>85</ns3:cad>
          </ns3:TrackPointExtension>
        </extensions>
      </trkpt>
      <trkpt lat="29.991476833820343017578125" lon="120.24384546093642711639404296875">
        <ele>9.80000019073486328125</ele>
        <time>2026-07-24T12:04:30.000Z</time>
        <extensions>
          <ns3:TrackPointExtension>
            <ns3:hr>169</ns3:hr>
            <ns3:cad>85</ns3:cad>
          </ns3:TrackPointExtension>
        </extensions>
      </trkpt>
      <trkpt lat="29.9914605729281902313232421875" lon="120.24383389391005039215087890625">
        <ele>9.80000019073486328125</ele>
        <time>2026-07-24T12:04:31.000Z</time>
        <extensions>
          <ns3:TrackPointExtension>
            <ns3:hr>169</ns3:hr>
            <ns3:cad>85</ns3:cad>
          </ns3:TrackPointExtension>
        </extensions>
      </trkpt>
      <trkpt lat="29.99143903143703937530517578125" lon="120.24381595663726329803466796875">
        <ele>9.80000019073486328125</ele>
        <time>2026-07-24T12:04:32.000Z</time>
        <extensions>
          <ns3:TrackPointExtension>
            <ns3:hr>169</ns3:hr>
            <ns3:cad>85</ns3:cad>
          </ns3:TrackPointExtension>
        </extensions>
      </trkpt>
      <trkpt lat="29.9914243631064891815185546875" lon="120.24380137212574481964111328125">
        <ele>9.80000019073486328125</ele>
        <time>2026-07-24T12:04:33.000Z</time>
        <extensions>
          <ns3:TrackPointExtension>
            <ns3:hr>168</ns3:hr>
            <ns3:cad>85</ns3:cad>
          </ns3:TrackPointExtension>
        </extensions>
      </trkpt>
      <trkpt lat="29.99140433035790920257568359375" lon="120.24378594942390918731689453125">
        <ele>9.80000019073486328125</ele>
        <time>2026-07-24T12:04:34.000Z</time>
        <extensions>
          <ns3:TrackPointExtension>
            <ns3:hr>168</ns3:hr>
            <ns3:cad>85</ns3:cad>
          </ns3:TrackPointExtension>
        </extensions>
      </trkpt>
      <trkpt lat="29.99138723127543926239013671875" lon="120.24377706460654735565185546875">
        <ele>9.80000019073486328125</ele>
        <time>2026-07-24T12:04:35.000Z</time>
        <extensions>
          <ns3:TrackPointExtension>
            <ns3:hr>168</ns3:hr>
            <ns3:cad>85</ns3:cad>
          </ns3:TrackPointExtension>
        </extensions>
      </trkpt>
      <trkpt lat="29.9913643486797809600830078125" lon="120.2437642402946949005126953125">
        <ele>9.80000019073486328125</ele>
        <time>2026-07-24T12:04:36.000Z</time>
        <extensions>
          <ns3:TrackPointExtension>
            <ns3:hr>169</ns3:hr>
            <ns3:cad>85</ns3:cad>
          </ns3:TrackPointExtension>
        </extensions>
      </trkpt>
      <trkpt lat="29.99134381301701068878173828125" lon="120.24374823085963726043701171875">
        <ele>9.80000019073486328125</ele>
        <time>2026-07-24T12:04:37.000Z</time>
        <extensions>
          <ns3:TrackPointExtension>
            <ns3:hr>168</ns3:hr>
            <ns3:cad>85</ns3:cad>
          </ns3:TrackPointExtension>
        </extensions>
      </trkpt>
      <trkpt lat="29.99132570810616016387939453125" lon="120.2437364123761653900146484375">
        <ele>9.80000019073486328125</ele>
        <time>2026-07-24T12:04:38.000Z</time>
        <extensions>
          <ns3:TrackPointExtension>
            <ns3:hr>168</ns3:hr>
            <ns3:cad>86</ns3:cad>
          </ns3:TrackPointExtension>
        </extensions>
      </trkpt>
      <trkpt lat="29.99130223877727985382080078125" lon="120.243720822036266326904296875">
        <ele>9.80000019073486328125</ele>
        <time>2026-07-24T12:04:39.000Z</time>
        <extensions>
          <ns3:TrackPointExtension>
            <ns3:hr>168</ns3:hr>
            <ns3:cad>86</ns3:cad>
          </ns3:TrackPointExtension>
        </extensions>
      </trkpt>
      <trkpt lat="29.99128614552319049835205078125" lon="120.24371352978050708770751953125">
        <ele>9.80000019073486328125</ele>
        <time>2026-07-24T12:04:40.000Z</time>
        <extensions>
          <ns3:TrackPointExtension>
            <ns3:hr>168</ns3:hr>
            <ns3:cad>86</ns3:cad>
          </ns3:TrackPointExtension>
        </extensions>
      </trkpt>
      <trkpt lat="29.99126301147043704986572265625" lon="120.2436968497931957244873046875">
        <ele>9.6000003814697265625</ele>
        <time>2026-07-24T12:04:41.000Z</time>
        <extensions>
          <ns3:TrackPointExtension>
            <ns3:hr>168</ns3:hr>
            <ns3:cad>86</ns3:cad>
          </ns3:TrackPointExtension>
        </extensions>
      </trkpt>
      <trkpt lat="29.991246499121189117431640625" lon="120.24368654005229473114013671875">
        <ele>9.6000003814697265625</ele>
        <time>2026-07-24T12:04:42.000Z</time>
        <extensions>
          <ns3:TrackPointExtension>
            <ns3:hr>167</ns3:hr>
            <ns3:cad>86</ns3:cad>
          </ns3:TrackPointExtension>
        </extensions>
      </trkpt>
      <trkpt lat="29.99122478999197483062744140625" lon="120.24367245845496654510498046875">
        <ele>9.6000003814697265625</ele>
        <time>2026-07-24T12:04:43.000Z</time>
        <extensions>
          <ns3:TrackPointExtension>
            <ns3:hr>168</ns3:hr>
            <ns3:cad>86</ns3:cad>
          </ns3:TrackPointExtension>
        </extensions>
      </trkpt>
      <trkpt lat="29.9912057630717754364013671875" lon="120.2436592988669872283935546875">
        <ele>9.6000003814697265625</ele>
        <time>2026-07-24T12:04:44.000Z</time>
        <extensions>
          <ns3:TrackPointExtension>
            <ns3:hr>169</ns3:hr>
            <ns3:cad>86</ns3:cad>
          </ns3:TrackPointExtension>
        </extensions>
      </trkpt>
      <trkpt lat="29.991188161075115203857421875" lon="120.24364949204027652740478515625">
        <ele>9.6000003814697265625</ele>
        <time>2026-07-24T12:04:45.000Z</time>
        <extensions>
          <ns3:TrackPointExtension>
            <ns3:hr>170</ns3:hr>
            <ns3:cad>86</ns3:cad>
          </ns3:TrackPointExtension>
        </extensions>
      </trkpt>
      <trkpt lat="29.9911688826978206634521484375" lon="120.24362870492041110992431640625">
        <ele>9.6000003814697265625</ele>
        <time>2026-07-24T12:04:46.000Z</time>
        <extensions>
          <ns3:TrackPointExtension>
            <ns3:hr>171</ns3:hr>
            <ns3:cad>86</ns3:cad>
          </ns3:TrackPointExtension>
        </extensions>
      </trkpt>
      <trkpt lat="29.9911541305482387542724609375" lon="120.24361881427466869354248046875">
        <ele>9.6000003814697265625</ele>
        <time>2026-07-24T12:04:47.000Z</time>
        <extensions>
          <ns3:TrackPointExtension>
            <ns3:hr>172</ns3:hr>
            <ns3:cad>85</ns3:cad>
          </ns3:TrackPointExtension>
        </extensions>
      </trkpt>
      <trkpt lat="29.99113376252353191375732421875" lon="120.24360171519219875335693359375">
        <ele>9.6000003814697265625</ele>
        <time>2026-07-24T12:04:48.000Z</time>
        <extensions>
          <ns3:TrackPointExtension>
            <ns3:hr>172</ns3:hr>
            <ns3:cad>85</ns3:cad>
          </ns3:TrackPointExtension>
        </extensions>
      </trkpt>
      <trkpt lat="29.99111733399331569671630859375" lon="120.2435949258506298065185546875">
        <ele>9.6000003814697265625</ele>
        <time>2026-07-24T12:04:49.000Z</time>
        <extensions>
          <ns3:TrackPointExtension>
            <ns3:hr>173</ns3:hr>
            <ns3:cad>86</ns3:cad>
          </ns3:TrackPointExtension>
        </extensions>
      </trkpt>
      <trkpt lat="29.9910954572260379791259765625" lon="120.243583358824253082275390625">
        <ele>9.6000003814697265625</ele>
        <time>2026-07-24T12:04:50.000Z</time>
        <extensions>
          <ns3:TrackPointExtension>
            <ns3:hr>173</ns3:hr>
            <ns3:cad>86</ns3:cad>
          </ns3:TrackPointExtension>
        </extensions>
      </trkpt>
      <trkpt lat="29.9910780228674411773681640625" lon="120.24357120506465435028076171875">
        <ele>9.6000003814697265625</ele>
        <time>2026-07-24T12:04:51.000Z</time>
        <extensions>
          <ns3:TrackPointExtension>
            <ns3:hr>173</ns3:hr>
            <ns3:cad>86</ns3:cad>
          </ns3:TrackPointExtension>
        </extensions>
      </trkpt>
      <trkpt lat="29.9910602532327175140380859375" lon="120.2435593865811824798583984375">
        <ele>9.6000003814697265625</ele>
        <time>2026-07-24T12:04:52.000Z</time>
        <extensions>
          <ns3:TrackPointExtension>
            <ns3:hr>172</ns3:hr>
            <ns3:cad>86</ns3:cad>
          </ns3:TrackPointExtension>
        </extensions>
      </trkpt>
      <trkpt lat="29.99104022048413753509521484375" lon="120.24353952147066593170166015625">
        <ele>9.6000003814697265625</ele>
        <time>2026-07-24T12:04:53.000Z</time>
        <extensions>
          <ns3:TrackPointExtension>
            <ns3:hr>173</ns3:hr>
            <ns3:cad>85</ns3:cad>
          </ns3:TrackPointExtension>
        </extensions>
      </trkpt>
      <trkpt lat="29.99102823436260223388671875" lon="120.24353080429136753082275390625">
        <ele>9.6000003814697265625</ele>
        <time>2026-07-24T12:04:54.000Z</time>
        <extensions>
          <ns3:TrackPointExtension>
            <ns3:hr>172</ns3:hr>
            <ns3:cad>85</ns3:cad>
          </ns3:TrackPointExtension>
        </extensions>
      </trkpt>
      <trkpt lat="29.9910076148808002471923828125" lon="120.24351387284696102142333984375">
        <ele>9.6000003814697265625</ele>
        <time>2026-07-24T12:04:55.000Z</time>
        <extensions>
          <ns3:TrackPointExtension>
            <ns3:hr>172</ns3:hr>
            <ns3:cad>85</ns3:cad>
          </ns3:TrackPointExtension>
        </extensions>
      </trkpt>
      <trkpt lat="29.99099093489348888397216796875" lon="120.24350498802959918975830078125">
        <ele>9.6000003814697265625</ele>
        <time>2026-07-24T12:04:56.000Z</time>
        <extensions>
          <ns3:TrackPointExtension>
            <ns3:hr>172</ns3:hr>
            <ns3:cad>85</ns3:cad>
          </ns3:TrackPointExtension>
        </extensions>
      </trkpt>
      <trkpt lat="29.9909690581262111663818359375" lon="120.24349325336515903472900390625">
        <ele>9.6000003814697265625</ele>
        <time>2026-07-24T12:04:57.000Z</time>
        <extensions>
          <ns3:TrackPointExtension>
            <ns3:hr>173</ns3:hr>
            <ns3:cad>85</ns3:cad>
          </ns3:TrackPointExtension>
        </extensions>
      </trkpt>
      <trkpt lat="29.99094986356794834136962890625" lon="120.24347464554011821746826171875">
        <ele>9.6000003814697265625</ele>
        <time>2026-07-24T12:04:58.000Z</time>
        <extensions>
          <ns3:TrackPointExtension>
            <ns3:hr>172</ns3:hr>
            <ns3:cad>85</ns3:cad>
          </ns3:TrackPointExtension>
        </extensions>
      </trkpt>
      <trkpt lat="29.99093561433255672454833984375" lon="120.24346425198018550872802734375">
        <ele>9.3999996185302734375</ele>
        <time>2026-07-24T12:04:59.000Z</time>
        <extensions>
          <ns3:TrackPointExtension>
            <ns3:hr>172</ns3:hr>
            <ns3:cad>85</ns3:cad>
          </ns3:TrackPointExtension>
        </extensions>
      </trkpt>
      <trkpt lat="29.99091600067913532257080078125" lon="120.2434467338025569915771484375">
        <ele>9.3999996185302734375</ele>
        <time>2026-07-24T12:05:00.000Z</time>
        <extensions>
          <ns3:TrackPointExtension>
            <ns3:hr>172</ns3:hr>
            <ns3:cad>85</ns3:cad>
          </ns3:TrackPointExtension>
        </extensions>
      </trkpt>
      <trkpt lat="29.99090041033923625946044921875" lon="120.24343927390873432159423828125">
        <ele>9.3999996185302734375</ele>
        <time>2026-07-24T12:05:01.000Z</time>
        <extensions>
          <ns3:TrackPointExtension>
            <ns3:hr>172</ns3:hr>
            <ns3:cad>85</ns3:cad>
          </ns3:TrackPointExtension>
        </extensions>
      </trkpt>
      <trkpt lat="29.990880377590656280517578125" lon="120.24342670105397701263427734375">
        <ele>9.3999996185302734375</ele>
        <time>2026-07-24T12:05:02.000Z</time>
        <extensions>
          <ns3:TrackPointExtension>
            <ns3:hr>172</ns3:hr>
            <ns3:cad>85</ns3:cad>
          </ns3:TrackPointExtension>
        </extensions>
      </trkpt>
      <trkpt lat="29.99086453579366207122802734375" lon="120.24341412819921970367431640625">
        <ele>9.3999996185302734375</ele>
        <time>2026-07-24T12:05:03.000Z</time>
        <extensions>
          <ns3:TrackPointExtension>
            <ns3:hr>172</ns3:hr>
            <ns3:cad>85</ns3:cad>
          </ns3:TrackPointExtension>
        </extensions>
      </trkpt>
      <trkpt lat="29.9908456765115261077880859375" lon="120.243398956954479217529296875">
        <ele>9.3999996185302734375</ele>
        <time>2026-07-24T12:05:04.000Z</time>
        <extensions>
          <ns3:TrackPointExtension>
            <ns3:hr>172</ns3:hr>
            <ns3:cad>85</ns3:cad>
          </ns3:TrackPointExtension>
        </extensions>
      </trkpt>
      <trkpt lat="29.99082463793456554412841796875" lon="120.24338395334780216217041015625">
        <ele>9.6000003814697265625</ele>
        <time>2026-07-24T12:05:05.000Z</time>
        <extensions>
          <ns3:TrackPointExtension>
            <ns3:hr>172</ns3:hr>
            <ns3:cad>85</ns3:cad>
          </ns3:TrackPointExtension>
        </extensions>
      </trkpt>
      <trkpt lat="29.990808963775634765625" lon="120.243375487625598907470703125">
        <ele>9.6000003814697265625</ele>
        <time>2026-07-24T12:05:06.000Z</time>
        <extensions>
          <ns3:TrackPointExtension>
            <ns3:hr>171</ns3:hr>
            <ns3:cad>85</ns3:cad>
          </ns3:TrackPointExtension>
        </extensions>
      </trkpt>
      <trkpt lat="29.9907888472080230712890625" lon="120.24335864000022411346435546875">
        <ele>9.3999996185302734375</ele>
        <time>2026-07-24T12:05:07.000Z</time>
        <extensions>
          <ns3:TrackPointExtension>
            <ns3:hr>171</ns3:hr>
            <ns3:cad>85</ns3:cad>
          </ns3:TrackPointExtension>
        </extensions>
      </trkpt>
      <trkpt lat="29.9907759390771389007568359375" lon="120.2433495037257671356201171875">
        <ele>9.3999996185302734375</ele>
        <time>2026-07-24T12:05:08.000Z</time>
        <extensions>
          <ns3:TrackPointExtension>
            <ns3:hr>170</ns3:hr>
            <ns3:cad>85</ns3:cad>
          </ns3:TrackPointExtension>
        </extensions>
      </trkpt>
      <trkpt lat="29.99075599014759063720703125" lon="120.24333684705197811126708984375">
        <ele>9.3999996185302734375</ele>
        <time>2026-07-24T12:05:09.000Z</time>
        <extensions>
          <ns3:TrackPointExtension>
            <ns3:hr>170</ns3:hr>
            <ns3:cad>85</ns3:cad>
          </ns3:TrackPointExtension>
        </extensions>
      </trkpt>
      <trkpt lat="29.9907393939793109893798828125" lon="120.243322849273681640625">
        <ele>9.3999996185302734375</ele>
        <time>2026-07-24T12:05:10.000Z</time>
        <extensions>
          <ns3:TrackPointExtension>
            <ns3:hr>169</ns3:hr>
            <ns3:cad>85</ns3:cad>
          </ns3:TrackPointExtension>
        </extensions>
      </trkpt>
      <trkpt lat="29.990722127258777618408203125" lon="120.2433129586279392242431640625">
        <ele>9.3999996185302734375</ele>
        <time>2026-07-24T12:05:11.000Z</time>
        <extensions>
          <ns3:TrackPointExtension>
            <ns3:hr>169</ns3:hr>
            <ns3:cad>85</ns3:cad>
          </ns3:TrackPointExtension>
        </extensions>
      </trkpt>
      <trkpt lat="29.9907011725008487701416015625" lon="120.2432998828589916229248046875">
        <ele>9.3999996185302734375</ele>
        <time>2026-07-24T12:05:12.000Z</time>
        <extensions>
          <ns3:TrackPointExtension>
            <ns3:hr>168</ns3:hr>
            <ns3:cad>84</ns3:cad>
          </ns3:TrackPointExtension>
        </extensions>
      </trkpt>
      <trkpt lat="29.99068952165544033050537109375" lon="120.24329108186066150665283203125">
        <ele>9.3999996185302734375</ele>
        <time>2026-07-24T12:05:13.000Z</time>
        <extensions>
          <ns3:TrackPointExtension>
            <ns3:hr>168</ns3:hr>
            <ns3:cad>84</ns3:cad>
          </ns3:TrackPointExtension>
        </extensions>
      </trkpt>
      <trkpt lat="29.99067208729684352874755859375" lon="120.24327599443495273590087890625">
        <ele>9.3999996185302734375</ele>
        <time>2026-07-24T12:05:14.000Z</time>
        <extensions>
          <ns3:TrackPointExtension>
            <ns3:hr>168</ns3:hr>
            <ns3:cad>85</ns3:cad>
          </ns3:TrackPointExtension>
        </extensions>
      </trkpt>
      <trkpt lat="29.990657754242420196533203125" lon="120.24326576851308345794677734375">
        <ele>9.3999996185302734375</ele>
        <time>2026-07-24T12:05:15.000Z</time>
        <extensions>
          <ns3:TrackPointExtension>
            <ns3:hr>167</ns3:hr>
            <ns3:cad>85</ns3:cad>
          </ns3:TrackPointExtension>
        </extensions>
      </trkpt>
      <trkpt lat="29.9906371347606182098388671875" lon="120.2432546205818653106689453125">
        <ele>9.3999996185302734375</ele>
        <time>2026-07-24T12:05:16.000Z</time>
        <extensions>
          <ns3:TrackPointExtension>
            <ns3:hr>167</ns3:hr>
            <ns3:cad>85</ns3:cad>
          </ns3:TrackPointExtension>
        </extensions>
      </trkpt>
      <trkpt lat="29.9906173534691333770751953125" lon="120.24323710240423679351806640625">
        <ele>9.3999996185302734375</ele>
        <time>2026-07-24T12:05:17.000Z</time>
        <extensions>
          <ns3:TrackPointExtension>
            <ns3:hr>167</ns3:hr>
            <ns3:cad>85</ns3:cad>
          </ns3:TrackPointExtension>
        </extensions>
      </trkpt>
      <trkpt lat="29.9906015954911708831787109375" lon="120.243226625025272369384765625">
        <ele>9.19999980926513671875</ele>
        <time>2026-07-24T12:05:18.000Z</time>
        <extensions>
          <ns3:TrackPointExtension>
            <ns3:hr>167</ns3:hr>
            <ns3:cad>85</ns3:cad>
          </ns3:TrackPointExtension>
        </extensions>
      </trkpt>
      <trkpt lat="29.9905814789235591888427734375" lon="120.243209190666675567626953125">
        <ele>9.19999980926513671875</ele>
        <time>2026-07-24T12:05:19.000Z</time>
        <extensions>
          <ns3:TrackPointExtension>
            <ns3:hr>167</ns3:hr>
            <ns3:cad>85</ns3:cad>
          </ns3:TrackPointExtension>
        </extensions>
      </trkpt>
      <trkpt lat="29.990565888583660125732421875" lon="120.2431979589164257049560546875">
        <ele>9.19999980926513671875</ele>
        <time>2026-07-24T12:05:20.000Z</time>
        <extensions>
          <ns3:TrackPointExtension>
            <ns3:hr>167</ns3:hr>
            <ns3:cad>85</ns3:cad>
          </ns3:TrackPointExtension>
        </extensions>
      </trkpt>
      <trkpt lat="29.99054350890219211578369140625" lon="120.2431818656623363494873046875">
        <ele>9.19999980926513671875</ele>
        <time>2026-07-24T12:05:21.000Z</time>
        <extensions>
          <ns3:TrackPointExtension>
            <ns3:hr>167</ns3:hr>
            <ns3:cad>85</ns3:cad>
          </ns3:TrackPointExtension>
        </extensions>
      </trkpt>
      <trkpt lat="29.99052389524877071380615234375" lon="120.243166275322437286376953125">
        <ele>9.19999980926513671875</ele>
        <time>2026-07-24T12:05:22.000Z</time>
        <extensions>
          <ns3:TrackPointExtension>
            <ns3:hr>167</ns3:hr>
            <ns3:cad>85</ns3:cad>
          </ns3:TrackPointExtension>
        </extensions>
      </trkpt>
      <trkpt lat="29.990504197776317596435546875" lon="120.2431553788483142852783203125">
        <ele>9.19999980926513671875</ele>
        <time>2026-07-24T12:05:23.000Z</time>
        <extensions>
          <ns3:TrackPointExtension>
            <ns3:hr>167</ns3:hr>
            <ns3:cad>85</ns3:cad>
          </ns3:TrackPointExtension>
        </extensions>
      </trkpt>
      <trkpt lat="29.99048047699034214019775390625" lon="120.24314439855515956878662109375">
        <ele>9.19999980926513671875</ele>
        <time>2026-07-24T12:05:24.000Z</time>
        <extensions>
          <ns3:TrackPointExtension>
            <ns3:hr>167</ns3:hr>
            <ns3:cad>85</ns3:cad>
          </ns3:TrackPointExtension>
        </extensions>
      </trkpt>
      <trkpt lat="29.99046497046947479248046875" lon="120.24313651956617832183837890625">
        <ele>9.19999980926513671875</ele>
        <time>2026-07-24T12:05:25.000Z</time>
        <extensions>
          <ns3:TrackPointExtension>
            <ns3:hr>166</ns3:hr>
            <ns3:cad>85</ns3:cad>
          </ns3:TrackPointExtension>
        </extensions>
      </trkpt>
      <trkpt lat="29.99044124968349933624267578125" lon="120.24312512017786502838134765625">
        <ele>9.19999980926513671875</ele>
        <time>2026-07-24T12:05:26.000Z</time>
        <extensions>
          <ns3:TrackPointExtension>
            <ns3:hr>167</ns3:hr>
            <ns3:cad>85</ns3:cad>
          </ns3:TrackPointExtension>
        </extensions>
      </trkpt>
      <trkpt lat="29.9904235638678073883056640625" lon="120.24311472661793231964111328125">
        <ele>9.19999980926513671875</ele>
        <time>2026-07-24T12:05:27.000Z</time>
        <extensions>
          <ns3:TrackPointExtension>
            <ns3:hr>167</ns3:hr>
            <ns3:cad>85</ns3:cad>
          </ns3:TrackPointExtension>
        </extensions>
      </trkpt>
      <trkpt lat="29.9904068000614643096923828125" lon="120.24310450069606304168701171875">
        <ele>9.19999980926513671875</ele>
        <time>2026-07-24T12:05:28.000Z</time>
        <extensions>
          <ns3:TrackPointExtension>
            <ns3:hr>166</ns3:hr>
            <ns3:cad>85</ns3:cad>
          </ns3:TrackPointExtension>
        </extensions>
      </trkpt>
      <trkpt lat="29.9903873540461063385009765625" lon="120.24308874271810054779052734375">
        <ele>9.19999980926513671875</ele>
        <time>2026-07-24T12:05:29.000Z</time>
        <extensions>
          <ns3:TrackPointExtension>
            <ns3:hr>166</ns3:hr>
            <ns3:cad>85</ns3:cad>
          </ns3:TrackPointExtension>
        </extensions>
      </trkpt>
      <trkpt lat="29.99037151224911212921142578125" lon="120.2430779300630092620849609375">
        <ele>9.19999980926513671875</ele>
        <time>2026-07-24T12:05:30.000Z</time>
        <extensions>
          <ns3:TrackPointExtension>
            <ns3:hr>166</ns3:hr>
            <ns3:cad>85</ns3:cad>
          </ns3:TrackPointExtension>
        </extensions>
      </trkpt>
      <trkpt lat="29.99035206623375415802001953125" lon="120.24305957369506359100341796875">
        <ele>9.19999980926513671875</ele>
        <time>2026-07-24T12:05:31.000Z</time>
        <extensions>
          <ns3:TrackPointExtension>
            <ns3:hr>166</ns3:hr>
            <ns3:cad>85</ns3:cad>
          </ns3:TrackPointExtension>
        </extensions>
      </trkpt>
      <trkpt lat="29.99034024775028228759765625" lon="120.2430470846593379974365234375">
        <ele>9.19999980926513671875</ele>
        <time>2026-07-24T12:05:32.000Z</time>
        <extensions>
          <ns3:TrackPointExtension>
            <ns3:hr>166</ns3:hr>
            <ns3:cad>85</ns3:cad>
          </ns3:TrackPointExtension>
        </extensions>
      </trkpt>
      <trkpt lat="29.9903239868581295013427734375" lon="120.2430356852710247039794921875">
        <ele>9.19999980926513671875</ele>
        <time>2026-07-24T12:05:33.000Z</time>
        <extensions>
          <ns3:TrackPointExtension>
            <ns3:hr>167</ns3:hr>
            <ns3:cad>85</ns3:cad>
          </ns3:TrackPointExtension>
        </extensions>
      </trkpt>
      <trkpt lat="29.9903087317943572998046875" lon="120.2430216036736965179443359375">
        <ele>9.19999980926513671875</ele>
        <time>2026-07-24T12:05:34.000Z</time>
        <extensions>
          <ns3:TrackPointExtension>
            <ns3:hr>166</ns3:hr>
            <ns3:cad>85</ns3:cad>
          </ns3:TrackPointExtension>
        </extensions>
      </trkpt>
      <trkpt lat="29.9902926385402679443359375" lon="120.24301380850374698638916015625">
        <ele>9.19999980926513671875</ele>
        <time>2026-07-24T12:05:35.000Z</time>
        <extensions>
          <ns3:TrackPointExtension>
            <ns3:hr>166</ns3:hr>
            <ns3:cad>85</ns3:cad>
          </ns3:TrackPointExtension>
        </extensions>
      </trkpt>
      <trkpt lat="29.99027227051556110382080078125" lon="120.24299897253513336181640625">
        <ele>9.19999980926513671875</ele>
        <time>2026-07-24T12:05:36.000Z</time>
        <extensions>
          <ns3:TrackPointExtension>
            <ns3:hr>166</ns3:hr>
            <ns3:cad>85</ns3:cad>
          </ns3:TrackPointExtension>
        </extensions>
      </trkpt>
      <trkpt lat="29.99025634489953517913818359375" lon="120.2429907582700252532958984375">
        <ele>9.19999980926513671875</ele>
        <time>2026-07-24T12:05:37.000Z</time>
        <extensions>
          <ns3:TrackPointExtension>
            <ns3:hr>166</ns3:hr>
            <ns3:cad>85</ns3:cad>
          </ns3:TrackPointExtension>
        </extensions>
      </trkpt>
      <trkpt lat="29.9902324564754962921142578125" lon="120.242976844310760498046875">
        <ele>9</ele>
        <time>2026-07-24T12:05:38.000Z</time>
        <extensions>
          <ns3:TrackPointExtension>
            <ns3:hr>166</ns3:hr>
            <ns3:cad>85</ns3:cad>
          </ns3:TrackPointExtension>
        </extensions>
      </trkpt>
      <trkpt lat="29.990213178098201751708984375" lon="120.2429632656276226043701171875">
        <ele>9</ele>
        <time>2026-07-24T12:05:39.000Z</time>
        <extensions>
          <ns3:TrackPointExtension>
            <ns3:hr>166</ns3:hr>
            <ns3:cad>85</ns3:cad>
          </ns3:TrackPointExtension>
        </extensions>
      </trkpt>
      <trkpt lat="29.990194402635097503662109375" lon="120.24295262061059474945068359375">
        <ele>9</ele>
        <time>2026-07-24T12:05:40.000Z</time>
        <extensions>
          <ns3:TrackPointExtension>
            <ns3:hr>166</ns3:hr>
            <ns3:cad>85</ns3:cad>
          </ns3:TrackPointExtension>
        </extensions>
      </trkpt>
      <trkpt lat="29.9901744537055492401123046875" lon="120.2429391257464885711669921875">
        <ele>9</ele>
        <time>2026-07-24T12:05:41.000Z</time>
        <extensions>
          <ns3:TrackPointExtension>
            <ns3:hr>166</ns3:hr>
            <ns3:cad>85</ns3:cad>
          </ns3:TrackPointExtension>
        </extensions>
      </trkpt>
      <trkpt lat="29.99015609733760356903076171875" lon="120.2429299056529998779296875">
        <ele>9</ele>
        <time>2026-07-24T12:05:42.000Z</time>
        <extensions>
          <ns3:TrackPointExtension>
            <ns3:hr>166</ns3:hr>
            <ns3:cad>86</ns3:cad>
          </ns3:TrackPointExtension>
        </extensions>
      </trkpt>
      <trkpt lat="29.99013665132224559783935546875" lon="120.24291657842695713043212890625">
        <ele>9</ele>
        <time>2026-07-24T12:05:43.000Z</time>
        <extensions>
          <ns3:TrackPointExtension>
            <ns3:hr>166</ns3:hr>
            <ns3:cad>86</ns3:cad>
          </ns3:TrackPointExtension>
        </extensions>
      </trkpt>
      <trkpt lat="29.990122653543949127197265625" lon="120.24290652014315128326416015625">
        <ele>9</ele>
        <time>2026-07-24T12:05:44.000Z</time>
        <extensions>
          <ns3:TrackPointExtension>
            <ns3:hr>166</ns3:hr>
            <ns3:cad>86</ns3:cad>
          </ns3:TrackPointExtension>
        </extensions>
      </trkpt>
      <trkpt lat="29.9901033751666545867919921875" lon="120.24288841523230075836181640625">
        <ele>9</ele>
        <time>2026-07-24T12:05:45.000Z</time>
        <extensions>
          <ns3:TrackPointExtension>
            <ns3:hr>166</ns3:hr>
            <ns3:cad>86</ns3:cad>
          </ns3:TrackPointExtension>
        </extensions>
      </trkpt>
      <trkpt lat="29.99008719809353351593017578125" lon="120.2428722381591796875">
        <ele>9</ele>
        <time>2026-07-24T12:05:46.000Z</time>
        <extensions>
          <ns3:TrackPointExtension>
            <ns3:hr>166</ns3:hr>
            <ns3:cad>86</ns3:cad>
          </ns3:TrackPointExtension>
        </extensions>
      </trkpt>
      <trkpt lat="29.99006934463977813720703125" lon="120.2428586594760417938232421875">
        <ele>9</ele>
        <time>2026-07-24T12:05:47.000Z</time>
        <extensions>
          <ns3:TrackPointExtension>
            <ns3:hr>166</ns3:hr>
            <ns3:cad>86</ns3:cad>
          </ns3:TrackPointExtension>
        </extensions>
      </trkpt>
      <trkpt lat="29.99004914425313472747802734375" lon="120.242841057479381561279296875">
        <ele>9</ele>
        <time>2026-07-24T12:05:48.000Z</time>
        <extensions>
          <ns3:TrackPointExtension>
            <ns3:hr>166</ns3:hr>
            <ns3:cad>86</ns3:cad>
          </ns3:TrackPointExtension>
        </extensions>
      </trkpt>
      <trkpt lat="29.99003238044679164886474609375" lon="120.2428308315575122833251953125">
        <ele>9</ele>
        <time>2026-07-24T12:05:49.000Z</time>
        <extensions>
          <ns3:TrackPointExtension>
            <ns3:hr>166</ns3:hr>
            <ns3:cad>86</ns3:cad>
          </ns3:TrackPointExtension>
        </extensions>
      </trkpt>
      <trkpt lat="29.99000991694629192352294921875" lon="120.2428137324750423431396484375">
        <ele>9</ele>
        <time>2026-07-24T12:05:50.000Z</time>
        <extensions>
          <ns3:TrackPointExtension>
            <ns3:hr>166</ns3:hr>
            <ns3:cad>86</ns3:cad>
          </ns3:TrackPointExtension>
        </extensions>
      </trkpt>
      <trkpt lat="29.9899930693209171295166015625" lon="120.242805182933807373046875">
        <ele>9</ele>
        <time>2026-07-24T12:05:51.000Z</time>
        <extensions>
          <ns3:TrackPointExtension>
            <ns3:hr>166</ns3:hr>
            <ns3:cad>86</ns3:cad>
          </ns3:TrackPointExtension>
        </extensions>
      </trkpt>
      <trkpt lat="29.98997203074395656585693359375" lon="120.24279084987938404083251953125">
        <ele>9</ele>
        <time>2026-07-24T12:05:52.000Z</time>
        <extensions>
          <ns3:TrackPointExtension>
            <ns3:hr>166</ns3:hr>
            <ns3:cad>85</ns3:cad>
          </ns3:TrackPointExtension>
        </extensions>
      </trkpt>
      <trkpt lat="29.98995375819504261016845703125" lon="120.24277903139591217041015625">
        <ele>9</ele>
        <time>2026-07-24T12:05:53.000Z</time>
        <extensions>
          <ns3:TrackPointExtension>
            <ns3:hr>167</ns3:hr>
            <ns3:cad>85</ns3:cad>
          </ns3:TrackPointExtension>
        </extensions>
      </trkpt>
      <trkpt lat="29.98993255198001861572265625" lon="120.242766626179218292236328125">
        <ele>9</ele>
        <time>2026-07-24T12:05:54.000Z</time>
        <extensions>
          <ns3:TrackPointExtension>
            <ns3:hr>166</ns3:hr>
            <ns3:cad>86</ns3:cad>
          </ns3:TrackPointExtension>
        </extensions>
      </trkpt>
      <trkpt lat="29.9899115972220897674560546875" lon="120.2427513711154460906982421875">
        <ele>9</ele>
        <time>2026-07-24T12:05:55.000Z</time>
        <extensions>
          <ns3:TrackPointExtension>
            <ns3:hr>167</ns3:hr>
            <ns3:cad>86</ns3:cad>
          </ns3:TrackPointExtension>
        </extensions>
      </trkpt>
      <trkpt lat="29.98989357613027095794677734375" lon="120.2427403070032596588134765625">
        <ele>9</ele>
        <time>2026-07-24T12:05:56.000Z</time>
        <extensions>
          <ns3:TrackPointExtension>
            <ns3:hr>167</ns3:hr>
            <ns3:cad>86</ns3:cad>
          </ns3:TrackPointExtension>
        </extensions>
      </trkpt>
      <trkpt lat="29.9898706935346126556396484375" lon="120.24272664450109004974365234375">
        <ele>9</ele>
        <time>2026-07-24T12:05:57.000Z</time>
        <extensions>
          <ns3:TrackPointExtension>
            <ns3:hr>167</ns3:hr>
            <ns3:cad>86</ns3:cad>
          </ns3:TrackPointExtension>
        </extensions>
      </trkpt>
      <trkpt lat="29.989853762090206146240234375" lon="120.242713987827301025390625">
        <ele>9</ele>
        <time>2026-07-24T12:05:58.000Z</time>
        <extensions>
          <ns3:TrackPointExtension>
            <ns3:hr>167</ns3:hr>
            <ns3:cad>86</ns3:cad>
          </ns3:TrackPointExtension>
        </extensions>
      </trkpt>
      <trkpt lat="29.9898339807987213134765625" lon="120.24270166642963886260986328125">
        <ele>9</ele>
        <time>2026-07-24T12:05:59.000Z</time>
        <extensions>
          <ns3:TrackPointExtension>
            <ns3:hr>167</ns3:hr>
            <ns3:cad>86</ns3:cad>
          </ns3:TrackPointExtension>
        </extensions>
      </trkpt>
      <trkpt lat="29.98981830663979053497314453125" lon="120.2426916919648647308349609375">
        <ele>9</ele>
        <time>2026-07-24T12:06:00.000Z</time>
        <extensions>
          <ns3:TrackPointExtension>
            <ns3:hr>167</ns3:hr>
            <ns3:cad>84</ns3:cad>
          </ns3:TrackPointExtension>
        </extensions>
      </trkpt>
      <trkpt lat="29.9897989444434642791748046875" lon="120.242681801319122314453125">
        <ele>9</ele>
        <time>2026-07-24T12:06:01.000Z</time>
        <extensions>
          <ns3:TrackPointExtension>
            <ns3:hr>167</ns3:hr>
            <ns3:cad>84</ns3:cad>
          </ns3:TrackPointExtension>
        </extensions>
      </trkpt>
      <trkpt lat="29.989780001342296600341796875" lon="120.2426665462553501129150390625">
        <ele>9</ele>
        <time>2026-07-24T12:06:02.000Z</time>
        <extensions>
          <ns3:TrackPointExtension>
            <ns3:hr>167</ns3:hr>
            <ns3:cad>84</ns3:cad>
          </ns3:TrackPointExtension>
        </extensions>
      </trkpt>
      <trkpt lat="29.9897647462785243988037109375" lon="120.24265791289508342742919921875">
        <ele>9</ele>
        <time>2026-07-24T12:06:03.000Z</time>
        <extensions>
          <ns3:TrackPointExtension>
            <ns3:hr>168</ns3:hr>
            <ns3:cad>85</ns3:cad>
          </ns3:TrackPointExtension>
        </extensions>
      </trkpt>
      <trkpt lat="29.9897442944347858428955078125" lon="120.2426417358219623565673828125">
        <ele>9</ele>
        <time>2026-07-24T12:06:04.000Z</time>
        <extensions>
          <ns3:TrackPointExtension>
            <ns3:hr>168</ns3:hr>
            <ns3:cad>85</ns3:cad>
          </ns3:TrackPointExtension>
        </extensions>
      </trkpt>
      <trkpt lat="29.989730380475521087646484375" lon="120.24263360537588596343994140625">
        <ele>9</ele>
        <time>2026-07-24T12:06:05.000Z</time>
        <extensions>
          <ns3:TrackPointExtension>
            <ns3:hr>168</ns3:hr>
            <ns3:cad>86</ns3:cad>
          </ns3:TrackPointExtension>
        </extensions>
      </trkpt>
      <trkpt lat="29.98970992863178253173828125" lon="120.2426219545304775238037109375">
        <ele>9</ele>
        <time>2026-07-24T12:06:06.000Z</time>
        <extensions>
          <ns3:TrackPointExtension>
            <ns3:hr>168</ns3:hr>
            <ns3:cad>86</ns3:cad>
          </ns3:TrackPointExtension>
        </extensions>
      </trkpt>
      <trkpt lat="29.9896929971873760223388671875" lon="120.24261130951344966888427734375">
        <ele>9</ele>
        <time>2026-07-24T12:06:07.000Z</time>
        <extensions>
          <ns3:TrackPointExtension>
            <ns3:hr>168</ns3:hr>
            <ns3:cad>86</ns3:cad>
          </ns3:TrackPointExtension>
        </extensions>
      </trkpt>
      <trkpt lat="29.98967614956200122833251953125" lon="120.2426026761531829833984375">
        <ele>9</ele>
        <time>2026-07-24T12:06:08.000Z</time>
        <extensions>
          <ns3:TrackPointExtension>
            <ns3:hr>168</ns3:hr>
            <ns3:cad>86</ns3:cad>
          </ns3:TrackPointExtension>
        </extensions>
      </trkpt>
      <trkpt lat="29.98965519480407238006591796875" lon="120.24258616380393505096435546875">
        <ele>9</ele>
        <time>2026-07-24T12:06:09.000Z</time>
        <extensions>
          <ns3:TrackPointExtension>
            <ns3:hr>168</ns3:hr>
            <ns3:cad>86</ns3:cad>
          </ns3:TrackPointExtension>
        </extensions>
      </trkpt>
      <trkpt lat="29.98964111320674419403076171875" lon="120.2425790391862392425537109375">
        <ele>9</ele>
        <time>2026-07-24T12:06:10.000Z</time>
        <extensions>
          <ns3:TrackPointExtension>
            <ns3:hr>168</ns3:hr>
            <ns3:cad>86</ns3:cad>
          </ns3:TrackPointExtension>
        </extensions>
      </trkpt>
      <trkpt lat="29.9896219186484813690185546875" lon="120.2425592578947544097900390625">
        <ele>9</ele>
        <time>2026-07-24T12:06:11.000Z</time>
        <extensions>
          <ns3:TrackPointExtension>
            <ns3:hr>167</ns3:hr>
            <ns3:cad>85</ns3:cad>
          </ns3:TrackPointExtension>
        </extensions>
      </trkpt>
      <trkpt lat="29.989609010517597198486328125" lon="120.24254961870610713958740234375">
        <ele>9</ele>
        <time>2026-07-24T12:06:12.000Z</time>
        <extensions>
          <ns3:TrackPointExtension>
            <ns3:hr>168</ns3:hr>
            <ns3:cad>85</ns3:cad>
          </ns3:TrackPointExtension>
        </extensions>
      </trkpt>
      <trkpt lat="29.98959115706384181976318359375" lon="120.24253637529909610748291015625">
        <ele>9</ele>
        <time>2026-07-24T12:06:13.000Z</time>
        <extensions>
          <ns3:TrackPointExtension>
            <ns3:hr>168</ns3:hr>
            <ns3:cad>86</ns3:cad>
          </ns3:TrackPointExtension>
        </extensions>
      </trkpt>
      <trkpt lat="29.98957581818103790283203125" lon="120.2425210364162921905517578125">
        <ele>9</ele>
        <time>2026-07-24T12:06:14.000Z</time>
        <extensions>
          <ns3:TrackPointExtension>
            <ns3:hr>168</ns3:hr>
            <ns3:cad>86</ns3:cad>
          </ns3:TrackPointExtension>
        </extensions>
      </trkpt>
      <trkpt lat="29.98955779708921909332275390625" lon="120.24251206777989864349365234375">
        <ele>9</ele>
        <time>2026-07-24T12:06:15.000Z</time>
        <extensions>
          <ns3:TrackPointExtension>
            <ns3:hr>168</ns3:hr>
            <ns3:cad>86</ns3:cad>
          </ns3:TrackPointExtension>
        </extensions>
      </trkpt>
      <trkpt lat="29.9895384348928928375244140625" lon="120.24249513633549213409423828125">
        <ele>9</ele>
        <time>2026-07-24T12:06:16.000Z</time>
        <extensions>
          <ns3:TrackPointExtension>
            <ns3:hr>169</ns3:hr>
            <ns3:cad>85</ns3:cad>
          </ns3:TrackPointExtension>
        </extensions>
      </trkpt>
      <trkpt lat="29.989521503448486328125" lon="120.24248658679425716400146484375">
        <ele>9</ele>
        <time>2026-07-24T12:06:17.000Z</time>
        <extensions>
          <ns3:TrackPointExtension>
            <ns3:hr>168</ns3:hr>
            <ns3:cad>85</ns3:cad>
          </ns3:TrackPointExtension>
        </extensions>
      </trkpt>
      <trkpt lat="29.9894975312054157257080078125" lon="120.24247099645435810089111328125">
        <ele>9</ele>
        <time>2026-07-24T12:06:18.000Z</time>
        <extensions>
          <ns3:TrackPointExtension>
            <ns3:hr>168</ns3:hr>
            <ns3:cad>86</ns3:cad>
          </ns3:TrackPointExtension>
        </extensions>
      </trkpt>
      <trkpt lat="29.98948370106518268585205078125" lon="120.2424593456089496612548828125">
        <ele>9</ele>
        <time>2026-07-24T12:06:19.000Z</time>
        <extensions>
          <ns3:TrackPointExtension>
            <ns3:hr>168</ns3:hr>
            <ns3:cad>86</ns3:cad>
          </ns3:TrackPointExtension>
        </extensions>
      </trkpt>
      <trkpt lat="29.98946039937436580657958984375" lon="120.24244434200227260589599609375">
        <ele>9</ele>
        <time>2026-07-24T12:06:20.000Z</time>
        <extensions>
          <ns3:TrackPointExtension>
            <ns3:hr>168</ns3:hr>
            <ns3:cad>86</ns3:cad>
          </ns3:TrackPointExtension>
        </extensions>
      </trkpt>
      <trkpt lat="29.98944296501576900482177734375" lon="120.2424321882426738739013671875">
        <ele>9</ele>
        <time>2026-07-24T12:06:21.000Z</time>
        <extensions>
          <ns3:TrackPointExtension>
            <ns3:hr>168</ns3:hr>
            <ns3:cad>86</ns3:cad>
          </ns3:TrackPointExtension>
        </extensions>
      </trkpt>
      <trkpt lat="29.9894249439239501953125" lon="120.242422632873058319091796875">
        <ele>9.19999980926513671875</ele>
        <time>2026-07-24T12:06:22.000Z</time>
        <extensions>
          <ns3:TrackPointExtension>
            <ns3:hr>169</ns3:hr>
            <ns3:cad>86</ns3:cad>
          </ns3:TrackPointExtension>
        </extensions>
      </trkpt>
      <trkpt lat="29.98940549790859222412109375" lon="120.2424060367047786712646484375">
        <ele>9.19999980926513671875</ele>
        <time>2026-07-24T12:06:23.000Z</time>
        <extensions>
          <ns3:TrackPointExtension>
            <ns3:hr>168</ns3:hr>
            <ns3:cad>86</ns3:cad>
          </ns3:TrackPointExtension>
        </extensions>
      </trkpt>
      <trkpt lat="29.9893909133970737457275390625" lon="120.2423979900777339935302734375">
        <ele>9.19999980926513671875</ele>
        <time>2026-07-24T12:06:24.000Z</time>
        <extensions>
          <ns3:TrackPointExtension>
            <ns3:hr>168</ns3:hr>
            <ns3:cad>85</ns3:cad>
          </ns3:TrackPointExtension>
        </extensions>
      </trkpt>
      <trkpt lat="29.989369623363018035888671875" lon="120.242382399737834930419921875">
        <ele>9.19999980926513671875</ele>
        <time>2026-07-24T12:06:25.000Z</time>
        <extensions>
          <ns3:TrackPointExtension>
            <ns3:hr>168</ns3:hr>
            <ns3:cad>85</ns3:cad>
          </ns3:TrackPointExtension>
        </extensions>
      </trkpt>
      <trkpt lat="29.98935612849891185760498046875" lon="120.2423761971294879913330078125">
        <ele>9.19999980926513671875</ele>
        <time>2026-07-24T12:06:26.000Z</time>
        <extensions>
          <ns3:TrackPointExtension>
            <ns3:hr>168</ns3:hr>
            <ns3:cad>85</ns3:cad>
          </ns3:TrackPointExtension>
        </extensions>
      </trkpt>
      <trkpt lat="29.98933902941644191741943359375" lon="120.2423634566366672515869140625">
        <ele>9.19999980926513671875</ele>
        <time>2026-07-24T12:06:27.000Z</time>
        <extensions>
          <ns3:TrackPointExtension>
            <ns3:hr>168</ns3:hr>
            <ns3:cad>85</ns3:cad>
          </ns3:TrackPointExtension>
        </extensions>
      </trkpt>
      <trkpt lat="29.989324696362018585205078125" lon="120.24235364980995655059814453125">
        <ele>9.19999980926513671875</ele>
        <time>2026-07-24T12:06:28.000Z</time>
        <extensions>
          <ns3:TrackPointExtension>
            <ns3:hr>168</ns3:hr>
            <ns3:cad>86</ns3:cad>
          </ns3:TrackPointExtension>
        </extensions>
      </trkpt>
      <trkpt lat="29.9893070943653583526611328125" lon="120.24234342388808727264404296875">
        <ele>9.19999980926513671875</ele>
        <time>2026-07-24T12:06:29.000Z</time>
        <extensions>
          <ns3:TrackPointExtension>
            <ns3:hr>168</ns3:hr>
            <ns3:cad>86</ns3:cad>
          </ns3:TrackPointExtension>
        </extensions>
      </trkpt>
      <trkpt lat="29.98928890563547611236572265625" lon="120.24232565425336360931396484375">
        <ele>9.19999980926513671875</ele>
        <time>2026-07-24T12:06:30.000Z</time>
        <extensions>
          <ns3:TrackPointExtension>
            <ns3:hr>168</ns3:hr>
            <ns3:cad>86</ns3:cad>
          </ns3:TrackPointExtension>
        </extensions>
      </trkpt>
      <trkpt lat="29.98927406966686248779296875" lon="120.2423165179789066314697265625">
        <ele>9.19999980926513671875</ele>
        <time>2026-07-24T12:06:31.000Z</time>
        <extensions>
          <ns3:TrackPointExtension>
            <ns3:hr>168</ns3:hr>
            <ns3:cad>86</ns3:cad>
          </ns3:TrackPointExtension>
        </extensions>
      </trkpt>
      <trkpt lat="29.9892532825469970703125" lon="120.24229891598224639892578125">
        <ele>9.19999980926513671875</ele>
        <time>2026-07-24T12:06:32.000Z</time>
        <extensions>
          <ns3:TrackPointExtension>
            <ns3:hr>168</ns3:hr>
            <ns3:cad>86</ns3:cad>
          </ns3:TrackPointExtension>
        </extensions>
      </trkpt>
      <trkpt lat="29.989241547882556915283203125" lon="120.24228810332715511322021484375">
        <ele>9.19999980926513671875</ele>
        <time>2026-07-24T12:06:33.000Z</time>
        <extensions>
          <ns3:TrackPointExtension>
            <ns3:hr>168</ns3:hr>
            <ns3:cad>86</ns3:cad>
          </ns3:TrackPointExtension>
        </extensions>
      </trkpt>
      <trkpt lat="29.98922185041010379791259765625" lon="120.24227553047239780426025390625">
        <ele>9.19999980926513671875</ele>
        <time>2026-07-24T12:06:34.000Z</time>
        <extensions>
          <ns3:TrackPointExtension>
            <ns3:hr>168</ns3:hr>
            <ns3:cad>86</ns3:cad>
          </ns3:TrackPointExtension>
        </extensions>
      </trkpt>
      <trkpt lat="29.98920525424182415008544921875" lon="120.24225943721830844879150390625">
        <ele>9.19999980926513671875</ele>
        <time>2026-07-24T12:06:35.000Z</time>
        <extensions>
          <ns3:TrackPointExtension>
            <ns3:hr>168</ns3:hr>
            <ns3:cad>86</ns3:cad>
          </ns3:TrackPointExtension>
        </extensions>
      </trkpt>
      <trkpt lat="29.98919066973030567169189453125" lon="120.24225088767707347869873046875">
        <ele>9.19999980926513671875</ele>
        <time>2026-07-24T12:06:36.000Z</time>
        <extensions>
          <ns3:TrackPointExtension>
            <ns3:hr>168</ns3:hr>
            <ns3:cad>85</ns3:cad>
          </ns3:TrackPointExtension>
        </extensions>
      </trkpt>
      <trkpt lat="29.989171810448169708251953125" lon="120.24223982356488704681396484375">
        <ele>9.3999996185302734375</ele>
        <time>2026-07-24T12:06:37.000Z</time>
        <extensions>
          <ns3:TrackPointExtension>
            <ns3:hr>169</ns3:hr>
            <ns3:cad>85</ns3:cad>
          </ns3:TrackPointExtension>
        </extensions>
      </trkpt>
      <trkpt lat="29.98915647156536579132080078125" lon="120.2422363869845867156982421875">
        <ele>9.3999996185302734375</ele>
        <time>2026-07-24T12:06:38.000Z</time>
        <extensions>
          <ns3:TrackPointExtension>
            <ns3:hr>169</ns3:hr>
            <ns3:cad>85</ns3:cad>
          </ns3:TrackPointExtension>
        </extensions>
      </trkpt>
      <trkpt lat="29.98912864364683628082275390625" lon="120.24223378859460353851318359375">
        <ele>9.3999996185302734375</ele>
        <time>2026-07-24T12:06:39.000Z</time>
        <extensions>
          <ns3:TrackPointExtension>
            <ns3:hr>169</ns3:hr>
            <ns3:cad>85</ns3:cad>
          </ns3:TrackPointExtension>
        </extensions>
      </trkpt>
      <trkpt lat="29.98910483904182910919189453125" lon="120.2422226406633853912353515625">
        <ele>9.19999980926513671875</ele>
        <time>2026-07-24T12:06:40.000Z</time>
        <extensions>
          <ns3:TrackPointExtension>
            <ns3:hr>169</ns3:hr>
            <ns3:cad>84</ns3:cad>
          </ns3:TrackPointExtension>
        </extensions>
      </trkpt>
      <trkpt lat="29.98908723704516887664794921875" lon="120.24222356267273426055908203125">
        <ele>9.19999980926513671875</ele>
        <time>2026-07-24T12:06:41.000Z</time>
        <extensions>
          <ns3:TrackPointExtension>
            <ns3:hr>169</ns3:hr>
            <ns3:cad>84</ns3:cad>
          </ns3:TrackPointExtension>
        </extensions>
      </trkpt>
      <trkpt lat="29.9890660308301448822021484375" lon="120.24224015884101390838623046875">
        <ele>9.19999980926513671875</ele>
        <time>2026-07-24T12:06:42.000Z</time>
        <extensions>
          <ns3:TrackPointExtension>
            <ns3:hr>169</ns3:hr>
            <ns3:cad>85</ns3:cad>
          </ns3:TrackPointExtension>
        </extensions>
      </trkpt>
      <trkpt lat="29.98904700390994548797607421875" lon="120.24225709028542041778564453125">
        <ele>9</ele>
        <time>2026-07-24T12:06:43.000Z</time>
        <extensions>
          <ns3:TrackPointExtension>
            <ns3:hr>169</ns3:hr>
            <ns3:cad>85</ns3:cad>
          </ns3:TrackPointExtension>
        </extensions>
      </trkpt>
      <trkpt lat="29.98903258703649044036865234375" lon="120.24227703921496868133544921875">
        <ele>9</ele>
        <time>2026-07-24T12:06:44.000Z</time>
        <extensions>
          <ns3:TrackPointExtension>
            <ns3:hr>170</ns3:hr>
            <ns3:cad>83</ns3:cad>
          </ns3:TrackPointExtension>
        </extensions>
      </trkpt>
      <trkpt lat="29.98901381157338619232177734375" lon="120.24230268783867359161376953125">
        <ele>9.19999980926513671875</ele>
        <time>2026-07-24T12:06:45.000Z</time>
        <extensions>
          <ns3:TrackPointExtension>
            <ns3:hr>169</ns3:hr>
            <ns3:cad>83</ns3:cad>
          </ns3:TrackPointExtension>
        </extensions>
      </trkpt>
      <trkpt lat="29.9890016578137874603271484375" lon="120.2423248998820781707763671875">
        <ele>9.19999980926513671875</ele>
        <time>2026-07-24T12:06:46.000Z</time>
        <extensions>
          <ns3:TrackPointExtension>
            <ns3:hr>170</ns3:hr>
            <ns3:cad>83</ns3:cad>
          </ns3:TrackPointExtension>
        </extensions>
      </trkpt>
      <trkpt lat="29.988987743854522705078125" lon="120.24235683493316173553466796875">
        <ele>9.19999980926513671875</ele>
        <time>2026-07-24T12:06:47.000Z</time>
        <extensions>
          <ns3:TrackPointExtension>
            <ns3:hr>170</ns3:hr>
            <ns3:cad>83</ns3:cad>
          </ns3:TrackPointExtension>
        </extensions>
      </trkpt>
      <trkpt lat="29.9889756739139556884765625" lon="120.24238332174718379974365234375">
        <ele>9.19999980926513671875</ele>
        <time>2026-07-24T12:06:48.000Z</time>
        <extensions>
          <ns3:TrackPointExtension>
            <ns3:hr>171</ns3:hr>
            <ns3:cad>83</ns3:cad>
          </ns3:TrackPointExtension>
        </extensions>
      </trkpt>
      <trkpt lat="29.9889681302011013031005859375" lon="120.24241031147539615631103515625">
        <ele>9</ele>
        <time>2026-07-24T12:06:49.000Z</time>
        <extensions>
          <ns3:TrackPointExtension>
            <ns3:hr>172</ns3:hr>
            <ns3:cad>83</ns3:cad>
          </ns3:TrackPointExtension>
        </extensions>
      </trkpt>
      <trkpt lat="29.98895731754601001739501953125" lon="120.2424388937652111053466796875">
        <ele>9</ele>
        <time>2026-07-24T12:06:50.000Z</time>
        <extensions>
          <ns3:TrackPointExtension>
            <ns3:hr>173</ns3:hr>
            <ns3:cad>83</ns3:cad>
          </ns3:TrackPointExtension>
        </extensions>
      </trkpt>
      <trkpt lat="29.9889537133276462554931640625" lon="120.2424583397805690765380859375">
        <ele>9</ele>
        <time>2026-07-24T12:06:51.000Z</time>
        <extensions>
          <ns3:TrackPointExtension>
            <ns3:hr>173</ns3:hr>
            <ns3:cad>83</ns3:cad>
          </ns3:TrackPointExtension>
        </extensions>
      </trkpt>
      <trkpt lat="29.98896167613565921783447265625" lon="120.24248088710010051727294921875">
        <ele>9</ele>
        <time>2026-07-24T12:06:52.000Z</time>
        <extensions>
          <ns3:TrackPointExtension>
            <ns3:hr>173</ns3:hr>
            <ns3:cad>83</ns3:cad>
          </ns3:TrackPointExtension>
        </extensions>
      </trkpt>
      <trkpt lat="29.9889751709997653961181640625" lon="120.24250234477221965789794921875">
        <ele>9</ele>
        <time>2026-07-24T12:06:53.000Z</time>
        <extensions>
          <ns3:TrackPointExtension>
            <ns3:hr>173</ns3:hr>
            <ns3:cad>83</ns3:cad>
          </ns3:TrackPointExtension>
        </extensions>
      </trkpt>
      <trkpt lat="29.988990090787410736083984375" lon="120.2425186894834041595458984375">
        <ele>9</ele>
        <time>2026-07-24T12:06:54.000Z</time>
        <extensions>
          <ns3:TrackPointExtension>
            <ns3:hr>173</ns3:hr>
            <ns3:cad>83</ns3:cad>
          </ns3:TrackPointExtension>
        </extensions>
      </trkpt>
      <trkpt lat="29.98900827951729297637939453125" lon="120.24253654293715953826904296875">
        <ele>9</ele>
        <time>2026-07-24T12:06:55.000Z</time>
        <extensions>
          <ns3:TrackPointExtension>
            <ns3:hr>172</ns3:hr>
            <ns3:cad>83</ns3:cad>
          </ns3:TrackPointExtension>
        </extensions>
      </trkpt>
      <trkpt lat="29.98902462422847747802734375" lon="120.24254593066871166229248046875">
        <ele>9</ele>
        <time>2026-07-24T12:06:56.000Z</time>
        <extensions>
          <ns3:TrackPointExtension>
            <ns3:hr>172</ns3:hr>
            <ns3:cad>83</ns3:cad>
          </ns3:TrackPointExtension>
        </extensions>
      </trkpt>
      <trkpt lat="29.98904750682413578033447265625" lon="120.2425622753798961639404296875">
        <ele>9</ele>
        <time>2026-07-24T12:06:57.000Z</time>
        <extensions>
          <ns3:TrackPointExtension>
            <ns3:hr>171</ns3:hr>
            <ns3:cad>83</ns3:cad>
          </ns3:TrackPointExtension>
        </extensions>
      </trkpt>
      <trkpt lat="29.98906326480209827423095703125" lon="120.24257074110209941864013671875">
        <ele>9</ele>
        <time>2026-07-24T12:06:58.000Z</time>
        <extensions>
          <ns3:TrackPointExtension>
            <ns3:hr>171</ns3:hr>
            <ns3:cad>83</ns3:cad>
          </ns3:TrackPointExtension>
        </extensions>
      </trkpt>
      <trkpt lat="29.9890814535319805145263671875" lon="120.242583565413951873779296875">
        <ele>9</ele>
        <time>2026-07-24T12:06:59.000Z</time>
        <extensions>
          <ns3:TrackPointExtension>
            <ns3:hr>171</ns3:hr>
            <ns3:cad>83</ns3:cad>
          </ns3:TrackPointExtension>
        </extensions>
      </trkpt>
      <trkpt lat="29.98909897170960903167724609375" lon="120.24259840138256549835205078125">
        <ele>9.19999980926513671875</ele>
        <time>2026-07-24T12:07:00.000Z</time>
        <extensions>
          <ns3:TrackPointExtension>
            <ns3:hr>171</ns3:hr>
            <ns3:cad>84</ns3:cad>
          </ns3:TrackPointExtension>
        </extensions>
      </trkpt>
      <trkpt lat="29.98911791481077671051025390625" lon="120.242607034742832183837890625">
        <ele>9.19999980926513671875</ele>
        <time>2026-07-24T12:07:01.000Z</time>
        <extensions>
          <ns3:TrackPointExtension>
            <ns3:hr>171</ns3:hr>
            <ns3:cad>85</ns3:cad>
          </ns3:TrackPointExtension>
        </extensions>
      </trkpt>
      <trkpt lat="29.9891371093690395355224609375" lon="120.24262086488306522369384765625">
        <ele>9.3999996185302734375</ele>
        <time>2026-07-24T12:07:02.000Z</time>
        <extensions>
          <ns3:TrackPointExtension>
            <ns3:hr>171</ns3:hr>
            <ns3:cad>85</ns3:cad>
          </ns3:TrackPointExtension>
        </extensions>
      </trkpt>
      <trkpt lat="29.98915362171828746795654296875" lon="120.24262455292046070098876953125">
        <ele>9.3999996185302734375</ele>
        <time>2026-07-24T12:07:03.000Z</time>
        <extensions>
          <ns3:TrackPointExtension>
            <ns3:hr>171</ns3:hr>
            <ns3:cad>86</ns3:cad>
          </ns3:TrackPointExtension>
        </extensions>
      </trkpt>
      <trkpt lat="29.9891760013997554779052734375" lon="120.24264223873615264892578125">
        <ele>9.3999996185302734375</ele>
        <time>2026-07-24T12:07:04.000Z</time>
        <extensions>
          <ns3:TrackPointExtension>
            <ns3:hr>171</ns3:hr>
            <ns3:cad>86</ns3:cad>
          </ns3:TrackPointExtension>
        </extensions>
      </trkpt>
      <trkpt lat="29.989191591739654541015625" lon="120.242655314505100250244140625">
        <ele>9.19999980926513671875</ele>
        <time>2026-07-24T12:07:05.000Z</time>
        <extensions>
          <ns3:TrackPointExtension>
            <ns3:hr>171</ns3:hr>
            <ns3:cad>86</ns3:cad>
          </ns3:TrackPointExtension>
        </extensions>
      </trkpt>
      <trkpt lat="29.989209361374378204345703125" lon="120.2426682226359844207763671875">
        <ele>9.19999980926513671875</ele>
        <time>2026-07-24T12:07:06.000Z</time>
        <extensions>
          <ns3:TrackPointExtension>
            <ns3:hr>171</ns3:hr>
            <ns3:cad>86</ns3:cad>
          </ns3:TrackPointExtension>
        </extensions>
      </trkpt>
      <trkpt lat="29.989229477941989898681640625" lon="120.2426831424236297607421875">
        <ele>9.19999980926513671875</ele>
        <time>2026-07-24T12:07:07.000Z</time>
        <extensions>
          <ns3:TrackPointExtension>
            <ns3:hr>171</ns3:hr>
            <ns3:cad>86</ns3:cad>
          </ns3:TrackPointExtension>
        </extensions>
      </trkpt>
      <trkpt lat="29.9892467446625232696533203125" lon="120.242687165737152099609375">
        <ele>9</ele>
        <time>2026-07-24T12:07:08.000Z</time>
        <extensions>
          <ns3:TrackPointExtension>
            <ns3:hr>171</ns3:hr>
            <ns3:cad>86</ns3:cad>
          </ns3:TrackPointExtension>
        </extensions>
      </trkpt>
      <trkpt lat="29.9892708845436573028564453125" lon="120.24270300753414630889892578125">
        <ele>9</ele>
        <time>2026-07-24T12:07:09.000Z</time>
        <extensions>
          <ns3:TrackPointExtension>
            <ns3:hr>170</ns3:hr>
            <ns3:cad>84</ns3:cad>
          </ns3:TrackPointExtension>
        </extensions>
      </trkpt>
      <trkpt lat="29.98928672634065151214599609375" lon="120.2427121438086032867431640625">
        <ele>9</ele>
        <time>2026-07-24T12:07:10.000Z</time>
        <extensions>
          <ns3:TrackPointExtension>
            <ns3:hr>169</ns3:hr>
            <ns3:cad>84</ns3:cad>
          </ns3:TrackPointExtension>
        </extensions>
      </trkpt>
      <trkpt lat="29.98930893838405609130859375" lon="120.24272580631077289581298828125">
        <ele>8.80000019073486328125</ele>
        <time>2026-07-24T12:07:11.000Z</time>
        <extensions>
          <ns3:TrackPointExtension>
            <ns3:hr>169</ns3:hr>
            <ns3:cad>84</ns3:cad>
          </ns3:TrackPointExtension>
        </extensions>
      </trkpt>
      <trkpt lat="29.9893262051045894622802734375" lon="120.242740474641323089599609375">
        <ele>8.80000019073486328125</ele>
        <time>2026-07-24T12:07:12.000Z</time>
        <extensions>
          <ns3:TrackPointExtension>
            <ns3:hr>169</ns3:hr>
            <ns3:cad>84</ns3:cad>
          </ns3:TrackPointExtension>
        </extensions>
      </trkpt>
      <trkpt lat="29.98934539966285228729248046875" lon="120.2427513711154460906982421875">
        <ele>8.80000019073486328125</ele>
        <time>2026-07-24T12:07:13.000Z</time>
        <extensions>
          <ns3:TrackPointExtension>
            <ns3:hr>169</ns3:hr>
            <ns3:cad>85</ns3:cad>
          </ns3:TrackPointExtension>
        </extensions>
      </trkpt>
      <trkpt lat="29.9893661029636859893798828125" lon="120.24276654236018657684326171875">
        <ele>9</ele>
        <time>2026-07-24T12:07:14.000Z</time>
        <extensions>
          <ns3:TrackPointExtension>
            <ns3:hr>169</ns3:hr>
            <ns3:cad>84</ns3:cad>
          </ns3:TrackPointExtension>
        </extensions>
      </trkpt>
      <trkpt lat="29.98938135802745819091796875" lon="120.24277358315885066986083984375">
        <ele>9</ele>
        <time>2026-07-24T12:07:15.000Z</time>
        <extensions>
          <ns3:TrackPointExtension>
            <ns3:hr>170</ns3:hr>
            <ns3:cad>84</ns3:cad>
          </ns3:TrackPointExtension>
        </extensions>
      </trkpt>
      <trkpt lat="29.9894056655466556549072265625" lon="120.24278833530843257904052734375">
        <ele>8.80000019073486328125</ele>
        <time>2026-07-24T12:07:16.000Z</time>
        <extensions>
          <ns3:TrackPointExtension>
            <ns3:hr>169</ns3:hr>
            <ns3:cad>84</ns3:cad>
          </ns3:TrackPointExtension>
        </extensions>
      </trkpt>
      <trkpt lat="29.98942217789590358734130859375" lon="120.24280258454382419586181640625">
        <ele>8.80000019073486328125</ele>
        <time>2026-07-24T12:07:17.000Z</time>
        <extensions>
          <ns3:TrackPointExtension>
            <ns3:hr>169</ns3:hr>
            <ns3:cad>84</ns3:cad>
          </ns3:TrackPointExtension>
        </extensions>
      </trkpt>
      <trkpt lat="29.98944061808288097381591796875" lon="120.2428150735795497894287109375">
        <ele>8.80000019073486328125</ele>
        <time>2026-07-24T12:07:18.000Z</time>
        <extensions>
          <ns3:TrackPointExtension>
            <ns3:hr>169</ns3:hr>
            <ns3:cad>84</ns3:cad>
          </ns3:TrackPointExtension>
        </extensions>
      </trkpt>
      <trkpt lat="29.98945989646017551422119140625" lon="120.24283058010041713714599609375">
        <ele>8.80000019073486328125</ele>
        <time>2026-07-24T12:07:19.000Z</time>
        <extensions>
          <ns3:TrackPointExtension>
            <ns3:hr>169</ns3:hr>
            <ns3:cad>85</ns3:cad>
          </ns3:TrackPointExtension>
        </extensions>
      </trkpt>
      <trkpt lat="29.9894743971526622772216796875" lon="120.24283678270876407623291015625">
        <ele>8.80000019073486328125</ele>
        <time>2026-07-24T12:07:20.000Z</time>
        <extensions>
          <ns3:TrackPointExtension>
            <ns3:hr>169</ns3:hr>
            <ns3:cad>85</ns3:cad>
          </ns3:TrackPointExtension>
        </extensions>
      </trkpt>
      <trkpt lat="29.98949476517736911773681640625" lon="120.24285547435283660888671875">
        <ele>8.80000019073486328125</ele>
        <time>2026-07-24T12:07:21.000Z</time>
        <extensions>
          <ns3:TrackPointExtension>
            <ns3:hr>169</ns3:hr>
            <ns3:cad>85</ns3:cad>
          </ns3:TrackPointExtension>
        </extensions>
      </trkpt>
      <trkpt lat="29.98950851149857044219970703125" lon="120.242864526808261871337890625">
        <ele>8.80000019073486328125</ele>
        <time>2026-07-24T12:07:22.000Z</time>
        <extensions>
          <ns3:TrackPointExtension>
            <ns3:hr>168</ns3:hr>
            <ns3:cad>85</ns3:cad>
          </ns3:TrackPointExtension>
        </extensions>
      </trkpt>
      <trkpt lat="29.989529214799404144287109375" lon="120.2428804524242877960205078125">
        <ele>8.80000019073486328125</ele>
        <time>2026-07-24T12:07:23.000Z</time>
        <extensions>
          <ns3:TrackPointExtension>
            <ns3:hr>168</ns3:hr>
            <ns3:cad>86</ns3:cad>
          </ns3:TrackPointExtension>
        </extensions>
      </trkpt>
      <trkpt lat="29.98954287730157375335693359375" lon="120.24289009161293506622314453125">
        <ele>8.80000019073486328125</ele>
        <time>2026-07-24T12:07:24.000Z</time>
        <extensions>
          <ns3:TrackPointExtension>
            <ns3:hr>168</ns3:hr>
            <ns3:cad>86</ns3:cad>
          </ns3:TrackPointExtension>
        </extensions>
      </trkpt>
      <trkpt lat="29.98956416733562946319580078125" lon="120.24290350265800952911376953125">
        <ele>8.80000019073486328125</ele>
        <time>2026-07-24T12:07:25.000Z</time>
        <extensions>
          <ns3:TrackPointExtension>
            <ns3:hr>168</ns3:hr>
            <ns3:cad>86</ns3:cad>
          </ns3:TrackPointExtension>
        </extensions>
      </trkpt>
      <trkpt lat="29.98958394862711429595947265625" lon="120.242915488779544830322265625">
        <ele>8.80000019073486328125</ele>
        <time>2026-07-24T12:07:26.000Z</time>
        <extensions>
          <ns3:TrackPointExtension>
            <ns3:hr>168</ns3:hr>
            <ns3:cad>86</ns3:cad>
          </ns3:TrackPointExtension>
        </extensions>
      </trkpt>
      <trkpt lat="29.98960322700440883636474609375" lon="120.24292026646435260772705078125">
        <ele>8.80000019073486328125</ele>
        <time>2026-07-24T12:07:27.000Z</time>
        <extensions>
          <ns3:TrackPointExtension>
            <ns3:hr>168</ns3:hr>
            <ns3:cad>85</ns3:cad>
          </ns3:TrackPointExtension>
        </extensions>
      </trkpt>
      <trkpt lat="29.989626444876194000244140625" lon="120.24293325841426849365234375">
        <ele>8.80000019073486328125</ele>
        <time>2026-07-24T12:07:28.000Z</time>
        <extensions>
          <ns3:TrackPointExtension>
            <ns3:hr>168</ns3:hr>
            <ns3:cad>85</ns3:cad>
          </ns3:TrackPointExtension>
        </extensions>
      </trkpt>
      <trkpt lat="29.98964329250156879425048828125" lon="120.24294239468872547149658203125">
        <ele>8.80000019073486328125</ele>
        <time>2026-07-24T12:07:29.000Z</time>
        <extensions>
          <ns3:TrackPointExtension>
            <ns3:hr>168</ns3:hr>
            <ns3:cad>85</ns3:cad>
          </ns3:TrackPointExtension>
        </extensions>
      </trkpt>
      <trkpt lat="29.98966592364013195037841796875" lon="120.2429540455341339111328125">
        <ele>8.80000019073486328125</ele>
        <time>2026-07-24T12:07:30.000Z</time>
        <extensions>
          <ns3:TrackPointExtension>
            <ns3:hr>169</ns3:hr>
            <ns3:cad>85</ns3:cad>
          </ns3:TrackPointExtension>
        </extensions>
      </trkpt>
      <trkpt lat="29.98968419618904590606689453125" lon="120.2429693005979061126708984375">
        <ele>8.6000003814697265625</ele>
        <time>2026-07-24T12:07:31.000Z</time>
        <extensions>
          <ns3:TrackPointExtension>
            <ns3:hr>170</ns3:hr>
            <ns3:cad>85</ns3:cad>
          </ns3:TrackPointExtension>
        </extensions>
      </trkpt>
      <trkpt lat="29.98970313929021358489990234375" lon="120.24298019707202911376953125">
        <ele>8.6000003814697265625</ele>
        <time>2026-07-24T12:07:32.000Z</time>
        <extensions>
          <ns3:TrackPointExtension>
            <ns3:hr>170</ns3:hr>
            <ns3:cad>85</ns3:cad>
          </ns3:TrackPointExtension>
        </extensions>
      </trkpt>
      <trkpt lat="29.98972157947719097137451171875" lon="120.2429942786693572998046875">
        <ele>8.6000003814697265625</ele>
        <time>2026-07-24T12:07:33.000Z</time>
        <extensions>
          <ns3:TrackPointExtension>
            <ns3:hr>170</ns3:hr>
            <ns3:cad>85</ns3:cad>
          </ns3:TrackPointExtension>
        </extensions>
      </trkpt>
      <trkpt lat="29.98973809182643890380859375" lon="120.24300090037286281585693359375">
        <ele>8.6000003814697265625</ele>
        <time>2026-07-24T12:07:34.000Z</time>
        <extensions>
          <ns3:TrackPointExtension>
            <ns3:hr>170</ns3:hr>
            <ns3:cad>85</ns3:cad>
          </ns3:TrackPointExtension>
        </extensions>
      </trkpt>
      <trkpt lat="29.9897603876888751983642578125" lon="120.24301732890307903289794921875">
        <ele>8.6000003814697265625</ele>
        <time>2026-07-24T12:07:35.000Z</time>
        <extensions>
          <ns3:TrackPointExtension>
            <ns3:hr>170</ns3:hr>
            <ns3:cad>85</ns3:cad>
          </ns3:TrackPointExtension>
        </extensions>
      </trkpt>
      <trkpt lat="29.989774636924266815185546875" lon="120.24302579462528228759765625">
        <ele>8.6000003814697265625</ele>
        <time>2026-07-24T12:07:36.000Z</time>
        <extensions>
          <ns3:TrackPointExtension>
            <ns3:hr>169</ns3:hr>
            <ns3:cad>85</ns3:cad>
          </ns3:TrackPointExtension>
        </extensions>
      </trkpt>
      <trkpt lat="29.9897925741970539093017578125" lon="120.2430376969277858734130859375">
        <ele>8.80000019073486328125</ele>
        <time>2026-07-24T12:07:37.000Z</time>
        <extensions>
          <ns3:TrackPointExtension>
            <ns3:hr>170</ns3:hr>
            <ns3:cad>85</ns3:cad>
          </ns3:TrackPointExtension>
        </extensions>
      </trkpt>
      <trkpt lat="29.98980925418436527252197265625" lon="120.24305202998220920562744140625">
        <ele>8.80000019073486328125</ele>
        <time>2026-07-24T12:07:38.000Z</time>
        <extensions>
          <ns3:TrackPointExtension>
            <ns3:hr>170</ns3:hr>
            <ns3:cad>85</ns3:cad>
          </ns3:TrackPointExtension>
        </extensions>
      </trkpt>
      <trkpt lat="29.98982786200940608978271484375" lon="120.2430640161037445068359375">
        <ele>8.6000003814697265625</ele>
        <time>2026-07-24T12:07:39.000Z</time>
        <extensions>
          <ns3:TrackPointExtension>
            <ns3:hr>170</ns3:hr>
            <ns3:cad>85</ns3:cad>
          </ns3:TrackPointExtension>
        </extensions>
      </trkpt>
      <trkpt lat="29.9898546002805233001708984375" lon="120.24307717569172382354736328125">
        <ele>8.80000019073486328125</ele>
        <time>2026-07-24T12:07:40.000Z</time>
        <extensions>
          <ns3:TrackPointExtension>
            <ns3:hr>170</ns3:hr>
            <ns3:cad>85</ns3:cad>
          </ns3:TrackPointExtension>
        </extensions>
      </trkpt>
      <trkpt lat="29.989872537553310394287109375" lon="120.2430832944810390472412109375">
        <ele>8.6000003814697265625</ele>
        <time>2026-07-24T12:07:41.000Z</time>
        <extensions>
          <ns3:TrackPointExtension>
            <ns3:hr>170</ns3:hr>
            <ns3:cad>85</ns3:cad>
          </ns3:TrackPointExtension>
        </extensions>
      </trkpt>
      <trkpt lat="29.98989575542509555816650390625" lon="120.24309377186000347137451171875">
        <ele>8.6000003814697265625</ele>
        <time>2026-07-24T12:07:42.000Z</time>
        <extensions>
          <ns3:TrackPointExtension>
            <ns3:hr>170</ns3:hr>
            <ns3:cad>85</ns3:cad>
          </ns3:TrackPointExtension>
        </extensions>
      </trkpt>
      <trkpt lat="29.9899144470691680908203125" lon="120.2431087754666805267333984375">
        <ele>8.6000003814697265625</ele>
        <time>2026-07-24T12:07:43.000Z</time>
        <extensions>
          <ns3:TrackPointExtension>
            <ns3:hr>170</ns3:hr>
            <ns3:cad>85</ns3:cad>
          </ns3:TrackPointExtension>
        </extensions>
      </trkpt>
      <trkpt lat="29.9899313785135746002197265625" lon="120.24311556480824947357177734375">
        <ele>8.6000003814697265625</ele>
        <time>2026-07-24T12:07:44.000Z</time>
        <extensions>
          <ns3:TrackPointExtension>
            <ns3:hr>170</ns3:hr>
            <ns3:cad>84</ns3:cad>
          </ns3:TrackPointExtension>
        </extensions>
      </trkpt>
      <trkpt lat="29.98995476402342319488525390625" lon="120.24313165806233882904052734375">
        <ele>8.6000003814697265625</ele>
        <time>2026-07-24T12:07:45.000Z</time>
        <extensions>
          <ns3:TrackPointExtension>
            <ns3:hr>170</ns3:hr>
            <ns3:cad>83</ns3:cad>
          </ns3:TrackPointExtension>
        </extensions>
      </trkpt>
      <trkpt lat="29.98996675014495849609375" lon="120.24313953705132007598876953125">
        <ele>8.6000003814697265625</ele>
        <time>2026-07-24T12:07:46.000Z</time>
        <extensions>
          <ns3:TrackPointExtension>
            <ns3:hr>170</ns3:hr>
            <ns3:cad>83</ns3:cad>
          </ns3:TrackPointExtension>
        </extensions>
      </trkpt>
      <trkpt lat="29.989989213645458221435546875" lon="120.24315680377185344696044921875">
        <ele>8.6000003814697265625</ele>
        <time>2026-07-24T12:07:47.000Z</time>
        <extensions>
          <ns3:TrackPointExtension>
            <ns3:hr>170</ns3:hr>
            <ns3:cad>84</ns3:cad>
          </ns3:TrackPointExtension>
        </extensions>
      </trkpt>
      <trkpt lat="29.99000220559537410736083984375" lon="120.24316719733178615570068359375">
        <ele>8.6000003814697265625</ele>
        <time>2026-07-24T12:07:48.000Z</time>
        <extensions>
          <ns3:TrackPointExtension>
            <ns3:hr>170</ns3:hr>
            <ns3:cad>85</ns3:cad>
          </ns3:TrackPointExtension>
        </extensions>
      </trkpt>
      <trkpt lat="29.99002114869654178619384765625" lon="120.24317842908203601837158203125">
        <ele>8.6000003814697265625</ele>
        <time>2026-07-24T12:07:49.000Z</time>
        <extensions>
          <ns3:TrackPointExtension>
            <ns3:hr>169</ns3:hr>
            <ns3:cad>85</ns3:cad>
          </ns3:TrackPointExtension>
        </extensions>
      </trkpt>
      <trkpt lat="29.9900378286838531494140625" lon="120.24319636635482311248779296875">
        <ele>8.6000003814697265625</ele>
        <time>2026-07-24T12:07:50.000Z</time>
        <extensions>
          <ns3:TrackPointExtension>
            <ns3:hr>169</ns3:hr>
            <ns3:cad>85</ns3:cad>
          </ns3:TrackPointExtension>
        </extensions>
      </trkpt>
      <trkpt lat="29.9900527484714984893798828125" lon="120.2432056702673435211181640625">
        <ele>8.6000003814697265625</ele>
        <time>2026-07-24T12:07:51.000Z</time>
        <extensions>
          <ns3:TrackPointExtension>
            <ns3:hr>169</ns3:hr>
            <ns3:cad>85</ns3:cad>
          </ns3:TrackPointExtension>
        </extensions>
      </trkpt>
      <trkpt lat="29.990077726542949676513671875" lon="120.24322092533111572265625">
        <ele>8.6000003814697265625</ele>
        <time>2026-07-24T12:07:52.000Z</time>
        <extensions>
          <ns3:TrackPointExtension>
            <ns3:hr>168</ns3:hr>
            <ns3:cad>86</ns3:cad>
          </ns3:TrackPointExtension>
        </extensions>
      </trkpt>
      <trkpt lat="29.99009088613092899322509765625" lon="120.2432284690439701080322265625">
        <ele>8.6000003814697265625</ele>
        <time>2026-07-24T12:07:53.000Z</time>
        <extensions>
          <ns3:TrackPointExtension>
            <ns3:hr>168</ns3:hr>
            <ns3:cad>86</ns3:cad>
          </ns3:TrackPointExtension>
        </extensions>
      </trkpt>
      <trkpt lat="29.99011267907917499542236328125" lon="120.24324581958353519439697265625">
        <ele>8.6000003814697265625</ele>
        <time>2026-07-24T12:07:54.000Z</time>
        <extensions>
          <ns3:TrackPointExtension>
            <ns3:hr>169</ns3:hr>
            <ns3:cad>85</ns3:cad>
          </ns3:TrackPointExtension>
        </extensions>
      </trkpt>
      <trkpt lat="29.99013044871389865875244140625" lon="120.24325939826667308807373046875">
        <ele>8.6000003814697265625</ele>
        <time>2026-07-24T12:07:55.000Z</time>
        <extensions>
          <ns3:TrackPointExtension>
            <ns3:hr>169</ns3:hr>
            <ns3:cad>85</ns3:cad>
          </ns3:TrackPointExtension>
        </extensions>
      </trkpt>
      <trkpt lat="29.99014888890087604522705078125" lon="120.2432680316269397735595703125">
        <ele>8.6000003814697265625</ele>
        <time>2026-07-24T12:07:56.000Z</time>
        <extensions>
          <ns3:TrackPointExtension>
            <ns3:hr>169</ns3:hr>
            <ns3:cad>85</ns3:cad>
          </ns3:TrackPointExtension>
        </extensions>
      </trkpt>
      <trkpt lat="29.99016867019236087799072265625" lon="120.243290327489376068115234375">
        <ele>8.6000003814697265625</ele>
        <time>2026-07-24T12:07:57.000Z</time>
        <extensions>
          <ns3:TrackPointExtension>
            <ns3:hr>169</ns3:hr>
            <ns3:cad>85</ns3:cad>
          </ns3:TrackPointExtension>
        </extensions>
      </trkpt>
      <trkpt lat="29.9901882000267505645751953125" lon="120.24330164305865764617919921875">
        <ele>8.80000019073486328125</ele>
        <time>2026-07-24T12:07:58.000Z</time>
        <extensions>
          <ns3:TrackPointExtension>
            <ns3:hr>169</ns3:hr>
            <ns3:cad>85</ns3:cad>
          </ns3:TrackPointExtension>
        </extensions>
      </trkpt>
      <trkpt lat="29.99020488001406192779541015625" lon="120.243315808475017547607421875">
        <ele>8.80000019073486328125</ele>
        <time>2026-07-24T12:07:59.000Z</time>
        <extensions>
          <ns3:TrackPointExtension>
            <ns3:hr>170</ns3:hr>
            <ns3:cad>85</ns3:cad>
          </ns3:TrackPointExtension>
        </extensions>
      </trkpt>
      <trkpt lat="29.99022164382040500640869140625" lon="120.2433290518820285797119140625">
        <ele>8.80000019073486328125</ele>
        <time>2026-07-24T12:08:00.000Z</time>
        <extensions>
          <ns3:TrackPointExtension>
            <ns3:hr>169</ns3:hr>
            <ns3:cad>83</ns3:cad>
          </ns3:TrackPointExtension>
        </extensions>
      </trkpt>
      <trkpt lat="29.99024125747382640838623046875" lon="120.243339277803897857666015625">
        <ele>9</ele>
        <time>2026-07-24T12:08:01.000Z</time>
        <extensions>
          <ns3:TrackPointExtension>
            <ns3:hr>169</ns3:hr>
            <ns3:cad>83</ns3:cad>
          </ns3:TrackPointExtension>
        </extensions>
      </trkpt>
      <trkpt lat="29.99026372097432613372802734375" lon="120.2433545328676700592041015625">
        <ele>8.80000019073486328125</ele>
        <time>2026-07-24T12:08:02.000Z</time>
        <extensions>
          <ns3:TrackPointExtension>
            <ns3:hr>170</ns3:hr>
            <ns3:cad>83</ns3:cad>
          </ns3:TrackPointExtension>
        </extensions>
      </trkpt>
      <trkpt lat="29.99027788639068603515625" lon="120.243363082408905029296875">
        <ele>8.6000003814697265625</ele>
        <time>2026-07-24T12:08:03.000Z</time>
        <extensions>
          <ns3:TrackPointExtension>
            <ns3:hr>170</ns3:hr>
            <ns3:cad>83</ns3:cad>
          </ns3:TrackPointExtension>
        </extensions>
      </trkpt>
      <trkpt lat="29.9902971647679805755615234375" lon="120.24337640963494777679443359375">
        <ele>8.3999996185302734375</ele>
        <time>2026-07-24T12:08:04.000Z</time>
        <extensions>
          <ns3:TrackPointExtension>
            <ns3:hr>170</ns3:hr>
            <ns3:cad>83</ns3:cad>
          </ns3:TrackPointExtension>
        </extensions>
      </trkpt>
      <trkpt lat="29.99031434766948223114013671875" lon="120.2433897368609905242919921875">
        <ele>8.3999996185302734375</ele>
        <time>2026-07-24T12:08:05.000Z</time>
        <extensions>
          <ns3:TrackPointExtension>
            <ns3:hr>170</ns3:hr>
            <ns3:cad>83</ns3:cad>
          </ns3:TrackPointExtension>
        </extensions>
      </trkpt>
      <trkpt lat="29.9903337098658084869384765625" lon="120.2434011362493038177490234375">
        <ele>8.3999996185302734375</ele>
        <time>2026-07-24T12:08:06.000Z</time>
        <extensions>
          <ns3:TrackPointExtension>
            <ns3:hr>169</ns3:hr>
            <ns3:cad>83</ns3:cad>
          </ns3:TrackPointExtension>
        </extensions>
      </trkpt>
      <trkpt lat="29.99035223387181758880615234375" lon="120.2434175647795200347900390625">
        <ele>8.3999996185302734375</ele>
        <time>2026-07-24T12:08:07.000Z</time>
        <extensions>
          <ns3:TrackPointExtension>
            <ns3:hr>170</ns3:hr>
            <ns3:cad>84</ns3:cad>
          </ns3:TrackPointExtension>
        </extensions>
      </trkpt>
      <trkpt lat="29.99037318862974643707275390625" lon="120.2434286288917064666748046875">
        <ele>8.3999996185302734375</ele>
        <time>2026-07-24T12:08:08.000Z</time>
        <extensions>
          <ns3:TrackPointExtension>
            <ns3:hr>170</ns3:hr>
            <ns3:cad>85</ns3:cad>
          </ns3:TrackPointExtension>
        </extensions>
      </trkpt>
      <trkpt lat="29.99039531685411930084228515625" lon="120.24344681762158870697021484375">
        <ele>8.3999996185302734375</ele>
        <time>2026-07-24T12:08:09.000Z</time>
        <extensions>
          <ns3:TrackPointExtension>
            <ns3:hr>170</ns3:hr>
            <ns3:cad>85</ns3:cad>
          </ns3:TrackPointExtension>
        </extensions>
      </trkpt>
      <trkpt lat="29.9904091469943523406982421875" lon="120.24345670826733112335205078125">
        <ele>8.3999996185302734375</ele>
        <time>2026-07-24T12:08:10.000Z</time>
        <extensions>
          <ns3:TrackPointExtension>
            <ns3:hr>171</ns3:hr>
            <ns3:cad>86</ns3:cad>
          </ns3:TrackPointExtension>
        </extensions>
      </trkpt>
      <trkpt lat="29.99043102376163005828857421875" lon="120.2434690296649932861328125">
        <ele>8.3999996185302734375</ele>
        <time>2026-07-24T12:08:11.000Z</time>
        <extensions>
          <ns3:TrackPointExtension>
            <ns3:hr>171</ns3:hr>
            <ns3:cad>86</ns3:cad>
          </ns3:TrackPointExtension>
        </extensions>
      </trkpt>
      <trkpt lat="29.990446530282497406005859375" lon="120.24348403327167034149169921875">
        <ele>8.3999996185302734375</ele>
        <time>2026-07-24T12:08:12.000Z</time>
        <extensions>
          <ns3:TrackPointExtension>
            <ns3:hr>171</ns3:hr>
            <ns3:cad>85</ns3:cad>
          </ns3:TrackPointExtension>
        </extensions>
      </trkpt>
      <trkpt lat="29.9904631264507770538330078125" lon="120.243492834270000457763671875">
        <ele>8.3999996185302734375</ele>
        <time>2026-07-24T12:08:13.000Z</time>
        <extensions>
          <ns3:TrackPointExtension>
            <ns3:hr>172</ns3:hr>
            <ns3:cad>85</ns3:cad>
          </ns3:TrackPointExtension>
        </extensions>
      </trkpt>
      <trkpt lat="29.99048315919935703277587890625" lon="120.24350725114345550537109375">
        <ele>8.3999996185302734375</ele>
        <time>2026-07-24T12:08:14.000Z</time>
        <extensions>
          <ns3:TrackPointExtension>
            <ns3:hr>172</ns3:hr>
            <ns3:cad>85</ns3:cad>
          </ns3:TrackPointExtension>
        </extensions>
      </trkpt>
      <trkpt lat="29.99049841426312923431396484375" lon="120.24351596832275390625">
        <ele>8.3999996185302734375</ele>
        <time>2026-07-24T12:08:15.000Z</time>
        <extensions>
          <ns3:TrackPointExtension>
            <ns3:hr>172</ns3:hr>
            <ns3:cad>85</ns3:cad>
          </ns3:TrackPointExtension>
        </extensions>
      </trkpt>
      <trkpt lat="29.99052054248750209808349609375" lon="120.24353600107133388519287109375">
        <ele>8.3999996185302734375</ele>
        <time>2026-07-24T12:08:16.000Z</time>
        <extensions>
          <ns3:TrackPointExtension>
            <ns3:hr>172</ns3:hr>
            <ns3:cad>84</ns3:cad>
          </ns3:TrackPointExtension>
        </extensions>
      </trkpt>
      <trkpt lat="29.990532360970973968505859375" lon="120.243544466793537139892578125">
        <ele>8.3999996185302734375</ele>
        <time>2026-07-24T12:08:17.000Z</time>
        <extensions>
          <ns3:TrackPointExtension>
            <ns3:hr>172</ns3:hr>
            <ns3:cad>85</ns3:cad>
          </ns3:TrackPointExtension>
        </extensions>
      </trkpt>
      <trkpt lat="29.99055239371955394744873046875" lon="120.24355896748602390289306640625">
        <ele>8.3999996185302734375</ele>
        <time>2026-07-24T12:08:18.000Z</time>
        <extensions>
          <ns3:TrackPointExtension>
            <ns3:hr>173</ns3:hr>
            <ns3:cad>85</ns3:cad>
          </ns3:TrackPointExtension>
        </extensions>
      </trkpt>
      <trkpt lat="29.9905689060688018798828125" lon="120.24357154034078121185302734375">
        <ele>8.3999996185302734375</ele>
        <time>2026-07-24T12:08:19.000Z</time>
        <extensions>
          <ns3:TrackPointExtension>
            <ns3:hr>173</ns3:hr>
            <ns3:cad>86</ns3:cad>
          </ns3:TrackPointExtension>
        </extensions>
      </trkpt>
      <trkpt lat="29.990588687360286712646484375" lon="120.2435808442533016204833984375">
        <ele>8.3999996185302734375</ele>
        <time>2026-07-24T12:08:20.000Z</time>
        <extensions>
          <ns3:TrackPointExtension>
            <ns3:hr>174</ns3:hr>
            <ns3:cad>86</ns3:cad>
          </ns3:TrackPointExtension>
        </extensions>
      </trkpt>
      <trkpt lat="29.9906093068420886993408203125" lon="120.2435950934886932373046875">
        <ele>8.3999996185302734375</ele>
        <time>2026-07-24T12:08:21.000Z</time>
        <extensions>
          <ns3:TrackPointExtension>
            <ns3:hr>174</ns3:hr>
            <ns3:cad>86</ns3:cad>
          </ns3:TrackPointExtension>
        </extensions>
      </trkpt>
      <trkpt lat="29.990628249943256378173828125" lon="120.24360607378184795379638671875">
        <ele>8.3999996185302734375</ele>
        <time>2026-07-24T12:08:22.000Z</time>
        <extensions>
          <ns3:TrackPointExtension>
            <ns3:hr>174</ns3:hr>
            <ns3:cad>86</ns3:cad>
          </ns3:TrackPointExtension>
        </extensions>
      </trkpt>
      <trkpt lat="29.99065130017697811126708984375" lon="120.2436200715601444244384765625">
        <ele>8.3999996185302734375</ele>
        <time>2026-07-24T12:08:23.000Z</time>
        <extensions>
          <ns3:TrackPointExtension>
            <ns3:hr>174</ns3:hr>
            <ns3:cad>86</ns3:cad>
          </ns3:TrackPointExtension>
        </extensions>
      </trkpt>
      <trkpt lat="29.99066990800201892852783203125" lon="120.243626944720745086669921875">
        <ele>8.3999996185302734375</ele>
        <time>2026-07-24T12:08:24.000Z</time>
        <extensions>
          <ns3:TrackPointExtension>
            <ns3:hr>174</ns3:hr>
            <ns3:cad>86</ns3:cad>
          </ns3:TrackPointExtension>
        </extensions>
      </trkpt>
      <trkpt lat="29.99069320969283580780029296875" lon="120.24364563636481761932373046875">
        <ele>8.3999996185302734375</ele>
        <time>2026-07-24T12:08:25.000Z</time>
        <extensions>
          <ns3:TrackPointExtension>
            <ns3:hr>174</ns3:hr>
            <ns3:cad>87</ns3:cad>
          </ns3:TrackPointExtension>
        </extensions>
      </trkpt>
      <trkpt lat="29.99070896767079830169677734375" lon="120.243658460676670074462890625">
        <ele>8.3999996185302734375</ele>
        <time>2026-07-24T12:08:26.000Z</time>
        <extensions>
          <ns3:TrackPointExtension>
            <ns3:hr>173</ns3:hr>
            <ns3:cad>87</ns3:cad>
          </ns3:TrackPointExtension>
        </extensions>
      </trkpt>
      <trkpt lat="29.9907303415238857269287109375" lon="120.2436737157404422760009765625">
        <ele>8.3999996185302734375</ele>
        <time>2026-07-24T12:08:27.000Z</time>
        <extensions>
          <ns3:TrackPointExtension>
            <ns3:hr>174</ns3:hr>
            <ns3:cad>87</ns3:cad>
          </ns3:TrackPointExtension>
        </extensions>
      </trkpt>
      <trkpt lat="29.99074953608214855194091796875" lon="120.243689976632595062255859375">
        <ele>8.3999996185302734375</ele>
        <time>2026-07-24T12:08:28.000Z</time>
        <extensions>
          <ns3:TrackPointExtension>
            <ns3:hr>174</ns3:hr>
            <ns3:cad>86</ns3:cad>
          </ns3:TrackPointExtension>
        </extensions>
      </trkpt>
      <trkpt lat="29.9907638691365718841552734375" lon="120.2436948381364345550537109375">
        <ele>8.3999996185302734375</ele>
        <time>2026-07-24T12:08:29.000Z</time>
        <extensions>
          <ns3:TrackPointExtension>
            <ns3:hr>173</ns3:hr>
            <ns3:cad>86</ns3:cad>
          </ns3:TrackPointExtension>
        </extensions>
      </trkpt>
      <trkpt lat="29.99078474007546901702880859375" lon="120.24371168576180934906005859375">
        <ele>8.3999996185302734375</ele>
        <time>2026-07-24T12:08:30.000Z</time>
        <extensions>
          <ns3:TrackPointExtension>
            <ns3:hr>173</ns3:hr>
            <ns3:cad>86</ns3:cad>
          </ns3:TrackPointExtension>
        </extensions>
      </trkpt>
      <trkpt lat="29.99079613946378231048583984375" lon="120.243720822036266326904296875">
        <ele>8.3999996185302734375</ele>
        <time>2026-07-24T12:08:31.000Z</time>
        <extensions>
          <ns3:TrackPointExtension>
            <ns3:hr>173</ns3:hr>
            <ns3:cad>85</ns3:cad>
          </ns3:TrackPointExtension>
        </extensions>
      </trkpt>
      <trkpt lat="29.9908165074884891510009765625" lon="120.24373431690037250518798828125">
        <ele>8.3999996185302734375</ele>
        <time>2026-07-24T12:08:32.000Z</time>
        <extensions>
          <ns3:TrackPointExtension>
            <ns3:hr>173</ns3:hr>
            <ns3:cad>85</ns3:cad>
          </ns3:TrackPointExtension>
        </extensions>
      </trkpt>
      <trkpt lat="29.990834109485149383544921875" lon="120.243742279708385467529296875">
        <ele>8.3999996185302734375</ele>
        <time>2026-07-24T12:08:33.000Z</time>
        <extensions>
          <ns3:TrackPointExtension>
            <ns3:hr>173</ns3:hr>
            <ns3:cad>85</ns3:cad>
          </ns3:TrackPointExtension>
        </extensions>
      </trkpt>
      <trkpt lat="29.99084978364408016204833984375" lon="120.24374873377382755279541015625">
        <ele>8.3999996185302734375</ele>
        <time>2026-07-24T12:08:34.000Z</time>
        <extensions>
          <ns3:TrackPointExtension>
            <ns3:hr>172</ns3:hr>
            <ns3:cad>85</ns3:cad>
          </ns3:TrackPointExtension>
        </extensions>
      </trkpt>
      <trkpt lat="29.99087073840200901031494140625" lon="120.2437640726566314697265625">
        <ele>8.3999996185302734375</ele>
        <time>2026-07-24T12:08:35.000Z</time>
        <extensions>
          <ns3:TrackPointExtension>
            <ns3:hr>172</ns3:hr>
            <ns3:cad>85</ns3:cad>
          </ns3:TrackPointExtension>
        </extensions>
      </trkpt>
      <trkpt lat="29.9908855743706226348876953125" lon="120.24377346038818359375">
        <ele>8.3999996185302734375</ele>
        <time>2026-07-24T12:08:36.000Z</time>
        <extensions>
          <ns3:TrackPointExtension>
            <ns3:hr>172</ns3:hr>
            <ns3:cad>85</ns3:cad>
          </ns3:TrackPointExtension>
        </extensions>
      </trkpt>
      <trkpt lat="29.99090443365275859832763671875" lon="120.24378888309001922607421875">
        <ele>8.3999996185302734375</ele>
        <time>2026-07-24T12:08:37.000Z</time>
        <extensions>
          <ns3:TrackPointExtension>
            <ns3:hr>173</ns3:hr>
            <ns3:cad>85</ns3:cad>
          </ns3:TrackPointExtension>
        </extensions>
      </trkpt>
      <trkpt lat="29.9909191019833087921142578125" lon="120.243802964687347412109375">
        <ele>8.3999996185302734375</ele>
        <time>2026-07-24T12:08:38.000Z</time>
        <extensions>
          <ns3:TrackPointExtension>
            <ns3:hr>172</ns3:hr>
            <ns3:cad>85</ns3:cad>
          </ns3:TrackPointExtension>
        </extensions>
      </trkpt>
      <trkpt lat="29.9909335188567638397216796875" lon="120.243816040456295013427734375">
        <ele>8.3999996185302734375</ele>
        <time>2026-07-24T12:08:39.000Z</time>
        <extensions>
          <ns3:TrackPointExtension>
            <ns3:hr>172</ns3:hr>
            <ns3:cad>86</ns3:cad>
          </ns3:TrackPointExtension>
        </extensions>
      </trkpt>
      <trkpt lat="29.99094684608280658721923828125" lon="120.24382785893976688385009765625">
        <ele>8.3999996185302734375</ele>
        <time>2026-07-24T12:08:40.000Z</time>
        <extensions>
          <ns3:TrackPointExtension>
            <ns3:hr>172</ns3:hr>
            <ns3:cad>86</ns3:cad>
          </ns3:TrackPointExtension>
        </extensions>
      </trkpt>
      <trkpt lat="29.99096193350851535797119140625" lon="120.2438366599380970001220703125">
        <ele>8.3999996185302734375</ele>
        <time>2026-07-24T12:08:41.000Z</time>
        <extensions>
          <ns3:TrackPointExtension>
            <ns3:hr>173</ns3:hr>
            <ns3:cad>86</ns3:cad>
          </ns3:TrackPointExtension>
        </extensions>
      </trkpt>
      <trkpt lat="29.990976937115192413330078125" lon="120.2438497357070446014404296875">
        <ele>8.3999996185302734375</ele>
        <time>2026-07-24T12:08:42.000Z</time>
        <extensions>
          <ns3:TrackPointExtension>
            <ns3:hr>172</ns3:hr>
            <ns3:cad>87</ns3:cad>
          </ns3:TrackPointExtension>
        </extensions>
      </trkpt>
      <trkpt lat="29.990994371473789215087890625" lon="120.24385836906731128692626953125">
        <ele>8.3999996185302734375</ele>
        <time>2026-07-24T12:08:43.000Z</time>
        <extensions>
          <ns3:TrackPointExtension>
            <ns3:hr>172</ns3:hr>
            <ns3:cad>87</ns3:cad>
          </ns3:TrackPointExtension>
        </extensions>
      </trkpt>
      <trkpt lat="29.99101121909916400909423828125" lon="120.24386934936046600341796875">
        <ele>8.3999996185302734375</ele>
        <time>2026-07-24T12:08:44.000Z</time>
        <extensions>
          <ns3:TrackPointExtension>
            <ns3:hr>173</ns3:hr>
            <ns3:cad>86</ns3:cad>
          </ns3:TrackPointExtension>
        </extensions>
      </trkpt>
      <trkpt lat="29.9910277314484119415283203125" lon="120.2438778989017009735107421875">
        <ele>8.3999996185302734375</ele>
        <time>2026-07-24T12:08:45.000Z</time>
        <extensions>
          <ns3:TrackPointExtension>
            <ns3:hr>173</ns3:hr>
            <ns3:cad>86</ns3:cad>
          </ns3:TrackPointExtension>
        </extensions>
      </trkpt>
      <trkpt lat="29.99104558490216732025146484375" lon="120.24389156140387058258056640625">
        <ele>8.3999996185302734375</ele>
        <time>2026-07-24T12:08:46.000Z</time>
        <extensions>
          <ns3:TrackPointExtension>
            <ns3:hr>173</ns3:hr>
            <ns3:cad>86</ns3:cad>
          </ns3:TrackPointExtension>
        </extensions>
      </trkpt>
      <trkpt lat="29.99106134288012981414794921875" lon="120.2439027093350887298583984375">
        <ele>8.3999996185302734375</ele>
        <time>2026-07-24T12:08:47.000Z</time>
        <extensions>
          <ns3:TrackPointExtension>
            <ns3:hr>173</ns3:hr>
            <ns3:cad>86</ns3:cad>
          </ns3:TrackPointExtension>
        </extensions>
      </trkpt>
      <trkpt lat="29.9910800345242023468017578125" lon="120.2439181320369243621826171875">
        <ele>8.3999996185302734375</ele>
        <time>2026-07-24T12:08:48.000Z</time>
        <extensions>
          <ns3:TrackPointExtension>
            <ns3:hr>173</ns3:hr>
            <ns3:cad>86</ns3:cad>
          </ns3:TrackPointExtension>
        </extensions>
      </trkpt>
      <trkpt lat="29.9910957925021648406982421875" lon="120.24393238127231597900390625">
        <ele>8.3999996185302734375</ele>
        <time>2026-07-24T12:08:49.000Z</time>
        <extensions>
          <ns3:TrackPointExtension>
            <ns3:hr>172</ns3:hr>
            <ns3:cad>86</ns3:cad>
          </ns3:TrackPointExtension>
        </extensions>
      </trkpt>
      <trkpt lat="29.99111532233655452728271484375" lon="120.243942774832248687744140625">
        <ele>8.3999996185302734375</ele>
        <time>2026-07-24T12:08:50.000Z</time>
        <extensions>
          <ns3:TrackPointExtension>
            <ns3:hr>171</ns3:hr>
            <ns3:cad>86</ns3:cad>
          </ns3:TrackPointExtension>
        </extensions>
      </trkpt>
      <trkpt lat="29.99113543890416622161865234375" lon="120.24395920336246490478515625">
        <ele>8.3999996185302734375</ele>
        <time>2026-07-24T12:08:51.000Z</time>
        <extensions>
          <ns3:TrackPointExtension>
            <ns3:hr>171</ns3:hr>
            <ns3:cad>86</ns3:cad>
          </ns3:TrackPointExtension>
        </extensions>
      </trkpt>
      <trkpt lat="29.99114918522536754608154296875" lon="120.2439667470753192901611328125">
        <ele>8.3999996185302734375</ele>
        <time>2026-07-24T12:08:52.000Z</time>
        <extensions>
          <ns3:TrackPointExtension>
            <ns3:hr>170</ns3:hr>
            <ns3:cad>86</ns3:cad>
          </ns3:TrackPointExtension>
        </extensions>
      </trkpt>
      <trkpt lat="29.9911668710410594940185546875" lon="120.24398158304393291473388671875">
        <ele>8.3999996185302734375</ele>
        <time>2026-07-24T12:08:53.000Z</time>
        <extensions>
          <ns3:TrackPointExtension>
            <ns3:hr>170</ns3:hr>
            <ns3:cad>86</ns3:cad>
          </ns3:TrackPointExtension>
        </extensions>
      </trkpt>
      <trkpt lat="29.99117718078196048736572265625" lon="120.2439871989190578460693359375">
        <ele>8.3999996185302734375</ele>
        <time>2026-07-24T12:08:54.000Z</time>
        <extensions>
          <ns3:TrackPointExtension>
            <ns3:hr>170</ns3:hr>
            <ns3:cad>86</ns3:cad>
          </ns3:TrackPointExtension>
        </extensions>
      </trkpt>
      <trkpt lat="29.99119629152119159698486328125" lon="120.24400019086897373199462890625">
        <ele>8.3999996185302734375</ele>
        <time>2026-07-24T12:08:55.000Z</time>
        <extensions>
          <ns3:TrackPointExtension>
            <ns3:hr>170</ns3:hr>
            <ns3:cad>86</ns3:cad>
          </ns3:TrackPointExtension>
        </extensions>
      </trkpt>
      <trkpt lat="29.99120886437594890594482421875" lon="120.244009159505367279052734375">
        <ele>8.3999996185302734375</ele>
        <time>2026-07-24T12:08:56.000Z</time>
        <extensions>
          <ns3:TrackPointExtension>
            <ns3:hr>170</ns3:hr>
            <ns3:cad>86</ns3:cad>
          </ns3:TrackPointExtension>
        </extensions>
      </trkpt>
      <trkpt lat="29.99122529290616512298583984375" lon="120.24401913397014141082763671875">
        <ele>8.3999996185302734375</ele>
        <time>2026-07-24T12:08:57.000Z</time>
        <extensions>
          <ns3:TrackPointExtension>
            <ns3:hr>169</ns3:hr>
            <ns3:cad>86</ns3:cad>
          </ns3:TrackPointExtension>
        </extensions>
      </trkpt>
      <trkpt lat="29.99124205671250820159912109375" lon="120.24403187446296215057373046875">
        <ele>8.3999996185302734375</ele>
        <time>2026-07-24T12:08:58.000Z</time>
        <extensions>
          <ns3:TrackPointExtension>
            <ns3:hr>169</ns3:hr>
            <ns3:cad>86</ns3:cad>
          </ns3:TrackPointExtension>
        </extensions>
      </trkpt>
      <trkpt lat="29.99125764705240726470947265625" lon="120.2440384961664676666259765625">
        <ele>8.3999996185302734375</ele>
        <time>2026-07-24T12:08:59.000Z</time>
        <extensions>
          <ns3:TrackPointExtension>
            <ns3:hr>169</ns3:hr>
            <ns3:cad>87</ns3:cad>
          </ns3:TrackPointExtension>
        </extensions>
      </trkpt>
      <trkpt lat="29.99127759598195552825927734375" lon="120.2440532483160495758056640625">
        <ele>8.3999996185302734375</ele>
        <time>2026-07-24T12:09:00.000Z</time>
        <extensions>
          <ns3:TrackPointExtension>
            <ns3:hr>168</ns3:hr>
            <ns3:cad>87</ns3:cad>
          </ns3:TrackPointExtension>
        </extensions>
      </trkpt>
      <trkpt lat="29.99128933064639568328857421875" lon="120.24406271986663341522216796875">
        <ele>8.3999996185302734375</ele>
        <time>2026-07-24T12:09:01.000Z</time>
        <extensions>
          <ns3:TrackPointExtension>
            <ns3:hr>168</ns3:hr>
            <ns3:cad>87</ns3:cad>
          </ns3:TrackPointExtension>
        </extensions>
      </trkpt>
      <trkpt lat="29.991305172443389892578125" lon="120.244076550006866455078125">
        <ele>8.6000003814697265625</ele>
        <time>2026-07-24T12:09:02.000Z</time>
        <extensions>
          <ns3:TrackPointExtension>
            <ns3:hr>168</ns3:hr>
            <ns3:cad>87</ns3:cad>
          </ns3:TrackPointExtension>
        </extensions>
      </trkpt>
      <trkpt lat="29.99131782911717891693115234375" lon="120.2440886199474334716796875">
        <ele>8.3999996185302734375</ele>
        <time>2026-07-24T12:09:03.000Z</time>
        <extensions>
          <ns3:TrackPointExtension>
            <ns3:hr>168</ns3:hr>
            <ns3:cad>87</ns3:cad>
          </ns3:TrackPointExtension>
        </extensions>
      </trkpt>
      <trkpt lat="29.991337358951568603515625" lon="120.2440981753170490264892578125">
        <ele>8.3999996185302734375</ele>
        <time>2026-07-24T12:09:04.000Z</time>
        <extensions>
          <ns3:TrackPointExtension>
            <ns3:hr>168</ns3:hr>
            <ns3:cad>86</ns3:cad>
          </ns3:TrackPointExtension>
        </extensions>
      </trkpt>
      <trkpt lat="29.99135571531951427459716796875" lon="120.24411066435277462005615234375">
        <ele>8.3999996185302734375</ele>
        <time>2026-07-24T12:09:05.000Z</time>
        <extensions>
          <ns3:TrackPointExtension>
            <ns3:hr>168</ns3:hr>
            <ns3:cad>85</ns3:cad>
          </ns3:TrackPointExtension>
        </extensions>
      </trkpt>
      <trkpt lat="29.9913737364113330841064453125" lon="120.24411611258983612060546875">
        <ele>8.3999996185302734375</ele>
        <time>2026-07-24T12:09:06.000Z</time>
        <extensions>
          <ns3:TrackPointExtension>
            <ns3:hr>168</ns3:hr>
            <ns3:cad>85</ns3:cad>
          </ns3:TrackPointExtension>
        </extensions>
      </trkpt>
      <trkpt lat="29.9913941882550716400146484375" lon="120.2441313676536083221435546875">
        <ele>8.3999996185302734375</ele>
        <time>2026-07-24T12:09:07.000Z</time>
        <extensions>
          <ns3:TrackPointExtension>
            <ns3:hr>169</ns3:hr>
            <ns3:cad>86</ns3:cad>
          </ns3:TrackPointExtension>
        </extensions>
      </trkpt>
      <trkpt lat="29.99140818603336811065673828125" lon="120.24414083920419216156005859375">
        <ele>8.3999996185302734375</ele>
        <time>2026-07-24T12:09:08.000Z</time>
        <extensions>
          <ns3:TrackPointExtension>
            <ns3:hr>168</ns3:hr>
            <ns3:cad>86</ns3:cad>
          </ns3:TrackPointExtension>
        </extensions>
      </trkpt>
      <trkpt lat="29.9914300628006458282470703125" lon="120.2441622130572795867919921875">
        <ele>8.3999996185302734375</ele>
        <time>2026-07-24T12:09:09.000Z</time>
        <extensions>
          <ns3:TrackPointExtension>
            <ns3:hr>168</ns3:hr>
            <ns3:cad>87</ns3:cad>
          </ns3:TrackPointExtension>
        </extensions>
      </trkpt>
      <trkpt lat="29.991444647312164306640625" lon="120.24417419917881488800048828125">
        <ele>8.3999996185302734375</ele>
        <time>2026-07-24T12:09:10.000Z</time>
        <extensions>
          <ns3:TrackPointExtension>
            <ns3:hr>168</ns3:hr>
            <ns3:cad>87</ns3:cad>
          </ns3:TrackPointExtension>
        </extensions>
      </trkpt>
      <trkpt lat="29.99146367423236370086669921875" lon="120.24418987333774566650390625">
        <ele>8.6000003814697265625</ele>
        <time>2026-07-24T12:09:11.000Z</time>
        <extensions>
          <ns3:TrackPointExtension>
            <ns3:hr>168</ns3:hr>
            <ns3:cad>86</ns3:cad>
          </ns3:TrackPointExtension>
        </extensions>
      </trkpt>
      <trkpt lat="29.99147557653486728668212890625" lon="120.244205296039581298828125">
        <ele>8.6000003814697265625</ele>
        <time>2026-07-24T12:09:12.000Z</time>
        <extensions>
          <ns3:TrackPointExtension>
            <ns3:hr>169</ns3:hr>
            <ns3:cad>86</ns3:cad>
          </ns3:TrackPointExtension>
        </extensions>
      </trkpt>
      <trkpt lat="29.99149032868444919586181640625" lon="120.2442182041704654693603515625">
        <ele>8.6000003814697265625</ele>
        <time>2026-07-24T12:09:13.000Z</time>
        <extensions>
          <ns3:TrackPointExtension>
            <ns3:hr>169</ns3:hr>
            <ns3:cad>86</ns3:cad>
          </ns3:TrackPointExtension>
        </extensions>
      </trkpt>
      <trkpt lat="29.99150793068110942840576171875" lon="120.244230441749095916748046875">
        <ele>8.6000003814697265625</ele>
        <time>2026-07-24T12:09:14.000Z</time>
        <extensions>
          <ns3:TrackPointExtension>
            <ns3:hr>169</ns3:hr>
            <ns3:cad>86</ns3:cad>
          </ns3:TrackPointExtension>
        </extensions>
      </trkpt>
      <trkpt lat="29.99152335338294506072998046875" lon="120.2442383207380771636962890625">
        <ele>8.6000003814697265625</ele>
        <time>2026-07-24T12:09:15.000Z</time>
        <extensions>
          <ns3:TrackPointExtension>
            <ns3:hr>169</ns3:hr>
            <ns3:cad>86</ns3:cad>
          </ns3:TrackPointExtension>
        </extensions>
      </trkpt>
      <trkpt lat="29.99154196120798587799072265625" lon="120.2442507259547710418701171875">
        <ele>8.6000003814697265625</ele>
        <time>2026-07-24T12:09:16.000Z</time>
        <extensions>
          <ns3:TrackPointExtension>
            <ns3:hr>169</ns3:hr>
            <ns3:cad>87</ns3:cad>
          </ns3:TrackPointExtension>
        </extensions>
      </trkpt>
      <trkpt lat="29.99155528843402862548828125" lon="120.2442577667534351348876953125">
        <ele>8.3999996185302734375</ele>
        <time>2026-07-24T12:09:17.000Z</time>
        <extensions>
          <ns3:TrackPointExtension>
            <ns3:hr>168</ns3:hr>
            <ns3:cad>87</ns3:cad>
          </ns3:TrackPointExtension>
        </extensions>
      </trkpt>
      <trkpt lat="29.99157548882067203521728515625" lon="120.24427260272204875946044921875">
        <ele>8.6000003814697265625</ele>
        <time>2026-07-24T12:09:18.000Z</time>
        <extensions>
          <ns3:TrackPointExtension>
            <ns3:hr>169</ns3:hr>
            <ns3:cad>87</ns3:cad>
          </ns3:TrackPointExtension>
        </extensions>
      </trkpt>
      <trkpt lat="29.99158772639930248260498046875" lon="120.2442832477390766143798828125">
        <ele>8.6000003814697265625</ele>
        <time>2026-07-24T12:09:19.000Z</time>
        <extensions>
          <ns3:TrackPointExtension>
            <ns3:hr>169</ns3:hr>
            <ns3:cad>87</ns3:cad>
          </ns3:TrackPointExtension>
        </extensions>
      </trkpt>
      <trkpt lat="29.99160482548177242279052734375" lon="120.24429707787930965423583984375">
        <ele>8.6000003814697265625</ele>
        <time>2026-07-24T12:09:20.000Z</time>
        <extensions>
          <ns3:TrackPointExtension>
            <ns3:hr>168</ns3:hr>
            <ns3:cad>86</ns3:cad>
          </ns3:TrackPointExtension>
        </extensions>
      </trkpt>
      <trkpt lat="29.991622678935527801513671875" lon="120.244310237467288970947265625">
        <ele>8.6000003814697265625</ele>
        <time>2026-07-24T12:09:21.000Z</time>
        <extensions>
          <ns3:TrackPointExtension>
            <ns3:hr>169</ns3:hr>
            <ns3:cad>86</ns3:cad>
          </ns3:TrackPointExtension>
        </extensions>
      </trkpt>
      <trkpt lat="29.9916426278650760650634765625" lon="120.24432155303657054901123046875">
        <ele>8.6000003814697265625</ele>
        <time>2026-07-24T12:09:22.000Z</time>
        <extensions>
          <ns3:TrackPointExtension>
            <ns3:hr>169</ns3:hr>
            <ns3:cad>86</ns3:cad>
          </ns3:TrackPointExtension>
        </extensions>
      </trkpt>
      <trkpt lat="29.99166064895689487457275390625" lon="120.24433672428131103515625">
        <ele>8.6000003814697265625</ele>
        <time>2026-07-24T12:09:23.000Z</time>
        <extensions>
          <ns3:TrackPointExtension>
            <ns3:hr>169</ns3:hr>
            <ns3:cad>87</ns3:cad>
          </ns3:TrackPointExtension>
        </extensions>
      </trkpt>
      <trkpt lat="29.991678334772586822509765625" lon="120.24434384889900684356689453125">
        <ele>8.6000003814697265625</ele>
        <time>2026-07-24T12:09:24.000Z</time>
        <extensions>
          <ns3:TrackPointExtension>
            <ns3:hr>169</ns3:hr>
            <ns3:cad>87</ns3:cad>
          </ns3:TrackPointExtension>
        </extensions>
      </trkpt>
      <trkpt lat="29.9917006306350231170654296875" lon="120.2443549968302249908447265625">
        <ele>8.6000003814697265625</ele>
        <time>2026-07-24T12:09:25.000Z</time>
        <extensions>
          <ns3:TrackPointExtension>
            <ns3:hr>170</ns3:hr>
            <ns3:cad>87</ns3:cad>
          </ns3:TrackPointExtension>
        </extensions>
      </trkpt>
      <trkpt lat="29.9917177297174930572509765625" lon="120.24436262436211109161376953125">
        <ele>8.6000003814697265625</ele>
        <time>2026-07-24T12:09:26.000Z</time>
        <extensions>
          <ns3:TrackPointExtension>
            <ns3:hr>170</ns3:hr>
            <ns3:cad>87</ns3:cad>
          </ns3:TrackPointExtension>
        </extensions>
      </trkpt>
      <trkpt lat="29.9917401932179927825927734375" lon="120.244379974901676177978515625">
        <ele>8.3999996185302734375</ele>
        <time>2026-07-24T12:09:27.000Z</time>
        <extensions>
          <ns3:TrackPointExtension>
            <ns3:hr>171</ns3:hr>
            <ns3:cad>87</ns3:cad>
          </ns3:TrackPointExtension>
        </extensions>
      </trkpt>
      <trkpt lat="29.99175846576690673828125" lon="120.24439900182187557220458984375">
        <ele>8.3999996185302734375</ele>
        <time>2026-07-24T12:09:28.000Z</time>
        <extensions>
          <ns3:TrackPointExtension>
            <ns3:hr>171</ns3:hr>
            <ns3:cad>87</ns3:cad>
          </ns3:TrackPointExtension>
        </extensions>
      </trkpt>
      <trkpt lat="29.99178101308643817901611328125" lon="120.24441056884825229644775390625">
        <ele>8.3999996185302734375</ele>
        <time>2026-07-24T12:09:29.000Z</time>
        <extensions>
          <ns3:TrackPointExtension>
            <ns3:hr>172</ns3:hr>
            <ns3:cad>87</ns3:cad>
          </ns3:TrackPointExtension>
        </extensions>
      </trkpt>
      <trkpt lat="29.9917998723685741424560546875" lon="120.2444270811975002288818359375">
        <ele>8.3999996185302734375</ele>
        <time>2026-07-24T12:09:30.000Z</time>
        <extensions>
          <ns3:TrackPointExtension>
            <ns3:hr>172</ns3:hr>
            <ns3:cad>87</ns3:cad>
          </ns3:TrackPointExtension>
        </extensions>
      </trkpt>
      <trkpt lat="29.99181680381298065185546875" lon="120.24443504400551319122314453125">
        <ele>8.3999996185302734375</ele>
        <time>2026-07-24T12:09:31.000Z</time>
        <extensions>
          <ns3:TrackPointExtension>
            <ns3:hr>172</ns3:hr>
            <ns3:cad>86</ns3:cad>
          </ns3:TrackPointExtension>
        </extensions>
      </trkpt>
      <trkpt lat="29.99183767475187778472900390625" lon="120.24445264600217342376708984375">
        <ele>8.6000003814697265625</ele>
        <time>2026-07-24T12:09:32.000Z</time>
        <extensions>
          <ns3:TrackPointExtension>
            <ns3:hr>171</ns3:hr>
            <ns3:cad>86</ns3:cad>
          </ns3:TrackPointExtension>
        </extensions>
      </trkpt>
      <trkpt lat="29.99185460619628429412841796875" lon="120.24446706287562847137451171875">
        <ele>8.6000003814697265625</ele>
        <time>2026-07-24T12:09:33.000Z</time>
        <extensions>
          <ns3:TrackPointExtension>
            <ns3:hr>171</ns3:hr>
            <ns3:cad>86</ns3:cad>
          </ns3:TrackPointExtension>
        </extensions>
      </trkpt>
      <trkpt lat="29.99187338165938854217529296875" lon="120.24448483251035213470458984375">
        <ele>8.3999996185302734375</ele>
        <time>2026-07-24T12:09:34.000Z</time>
        <extensions>
          <ns3:TrackPointExtension>
            <ns3:hr>171</ns3:hr>
            <ns3:cad>86</ns3:cad>
          </ns3:TrackPointExtension>
        </extensions>
      </trkpt>
      <trkpt lat="29.99188863672316074371337890625" lon="120.24450042285025119781494140625">
        <ele>8.3999996185302734375</ele>
        <time>2026-07-24T12:09:35.000Z</time>
        <extensions>
          <ns3:TrackPointExtension>
            <ns3:hr>171</ns3:hr>
            <ns3:cad>86</ns3:cad>
          </ns3:TrackPointExtension>
        </extensions>
      </trkpt>
      <trkpt lat="29.99190389178693294525146484375" lon="120.24451534263789653778076171875">
        <ele>8.3999996185302734375</ele>
        <time>2026-07-24T12:09:36.000Z</time>
        <extensions>
          <ns3:TrackPointExtension>
            <ns3:hr>171</ns3:hr>
            <ns3:cad>86</ns3:cad>
          </ns3:TrackPointExtension>
        </extensions>
      </trkpt>
      <trkpt lat="29.99191897921264171600341796875" lon="120.2445310167968273162841796875">
        <ele>8.3999996185302734375</ele>
        <time>2026-07-24T12:09:37.000Z</time>
        <extensions>
          <ns3:TrackPointExtension>
            <ns3:hr>171</ns3:hr>
            <ns3:cad>86</ns3:cad>
          </ns3:TrackPointExtension>
        </extensions>
      </trkpt>
      <trkpt lat="29.9919287860393524169921875" lon="120.24454199708998203277587890625">
        <ele>8.3999996185302734375</ele>
        <time>2026-07-24T12:09:38.000Z</time>
        <extensions>
          <ns3:TrackPointExtension>
            <ns3:hr>171</ns3:hr>
            <ns3:cad>86</ns3:cad>
          </ns3:TrackPointExtension>
        </extensions>
      </trkpt>
      <trkpt lat="29.99194680713117122650146484375" lon="120.24455775506794452667236328125">
        <ele>8.6000003814697265625</ele>
        <time>2026-07-24T12:09:39.000Z</time>
        <extensions>
          <ns3:TrackPointExtension>
            <ns3:hr>171</ns3:hr>
            <ns3:cad>86</ns3:cad>
          </ns3:TrackPointExtension>
        </extensions>
      </trkpt>
      <trkpt lat="29.991961978375911712646484375" lon="120.244564376771450042724609375">
        <ele>8.6000003814697265625</ele>
        <time>2026-07-24T12:09:40.000Z</time>
        <extensions>
          <ns3:TrackPointExtension>
            <ns3:hr>171</ns3:hr>
            <ns3:cad>86</ns3:cad>
          </ns3:TrackPointExtension>
        </extensions>
      </trkpt>
      <trkpt lat="29.991980083286762237548828125" lon="120.24457787163555622100830078125">
        <ele>8.6000003814697265625</ele>
        <time>2026-07-24T12:09:41.000Z</time>
        <extensions>
          <ns3:TrackPointExtension>
            <ns3:hr>171</ns3:hr>
            <ns3:cad>86</ns3:cad>
          </ns3:TrackPointExtension>
        </extensions>
      </trkpt>
      <trkpt lat="29.99199676327407360076904296875" lon="120.24458675645291805267333984375">
        <ele>8.6000003814697265625</ele>
        <time>2026-07-24T12:09:42.000Z</time>
        <extensions>
          <ns3:TrackPointExtension>
            <ns3:hr>170</ns3:hr>
            <ns3:cad>87</ns3:cad>
          </ns3:TrackPointExtension>
        </extensions>
      </trkpt>
      <trkpt lat="29.99201939441263675689697265625" lon="120.2445974014699459075927734375">
        <ele>8.6000003814697265625</ele>
        <time>2026-07-24T12:09:43.000Z</time>
        <extensions>
          <ns3:TrackPointExtension>
            <ns3:hr>170</ns3:hr>
            <ns3:cad>87</ns3:cad>
          </ns3:TrackPointExtension>
        </extensions>
      </trkpt>
      <trkpt lat="29.99203532002866268157958984375" lon="120.24461005814373493194580078125">
        <ele>8.80000019073486328125</ele>
        <time>2026-07-24T12:09:44.000Z</time>
        <extensions>
          <ns3:TrackPointExtension>
            <ns3:hr>170</ns3:hr>
            <ns3:cad>87</ns3:cad>
          </ns3:TrackPointExtension>
        </extensions>
      </trkpt>
      <trkpt lat="29.99205686151981353759765625" lon="120.2446202002465724945068359375">
        <ele>8.80000019073486328125</ele>
        <time>2026-07-24T12:09:45.000Z</time>
        <extensions>
          <ns3:TrackPointExtension>
            <ns3:hr>170</ns3:hr>
            <ns3:cad>86</ns3:cad>
          </ns3:TrackPointExtension>
        </extensions>
      </trkpt>
      <trkpt lat="29.99207831919193267822265625" lon="120.2446312643587589263916015625">
        <ele>9</ele>
        <time>2026-07-24T12:09:46.000Z</time>
        <extensions>
          <ns3:TrackPointExtension>
            <ns3:hr>170</ns3:hr>
            <ns3:cad>86</ns3:cad>
          </ns3:TrackPointExtension>
        </extensions>
      </trkpt>
      <trkpt lat="29.9920962564647197723388671875" lon="120.244638137519359588623046875">
        <ele>9</ele>
        <time>2026-07-24T12:09:47.000Z</time>
        <extensions>
          <ns3:TrackPointExtension>
            <ns3:hr>170</ns3:hr>
            <ns3:cad>86</ns3:cad>
          </ns3:TrackPointExtension>
        </extensions>
      </trkpt>
      <trkpt lat="29.9921160377562046051025390625" lon="120.24465255439281463623046875">
        <ele>8.80000019073486328125</ele>
        <time>2026-07-24T12:09:48.000Z</time>
        <extensions>
          <ns3:TrackPointExtension>
            <ns3:hr>170</ns3:hr>
            <ns3:cad>86</ns3:cad>
          </ns3:TrackPointExtension>
        </extensions>
      </trkpt>
      <trkpt lat="29.9921297840774059295654296875" lon="120.24466202594339847564697265625">
        <ele>8.80000019073486328125</ele>
        <time>2026-07-24T12:09:49.000Z</time>
        <extensions>
          <ns3:TrackPointExtension>
            <ns3:hr>170</ns3:hr>
            <ns3:cad>86</ns3:cad>
          </ns3:TrackPointExtension>
        </extensions>
      </trkpt>
      <trkpt lat="29.99214797280728816986083984375" lon="120.24467610754072666168212890625">
        <ele>8.80000019073486328125</ele>
        <time>2026-07-24T12:09:50.000Z</time>
        <extensions>
          <ns3:TrackPointExtension>
            <ns3:hr>171</ns3:hr>
            <ns3:cad>86</ns3:cad>
          </ns3:TrackPointExtension>
        </extensions>
      </trkpt>
      <trkpt lat="29.99216280877590179443359375" lon="120.24468733929097652435302734375">
        <ele>8.80000019073486328125</ele>
        <time>2026-07-24T12:09:51.000Z</time>
        <extensions>
          <ns3:TrackPointExtension>
            <ns3:hr>170</ns3:hr>
            <ns3:cad>86</ns3:cad>
          </ns3:TrackPointExtension>
        </extensions>
      </trkpt>
      <trkpt lat="29.9921800754964351654052734375" lon="120.244699828326702117919921875">
        <ele>8.80000019073486328125</ele>
        <time>2026-07-24T12:09:52.000Z</time>
        <extensions>
          <ns3:TrackPointExtension>
            <ns3:hr>170</ns3:hr>
            <ns3:cad>86</ns3:cad>
          </ns3:TrackPointExtension>
        </extensions>
      </trkpt>
      <trkpt lat="29.99219994060695171356201171875" lon="120.2447147481143474578857421875">
        <ele>8.80000019073486328125</ele>
        <time>2026-07-24T12:09:53.000Z</time>
        <extensions>
          <ns3:TrackPointExtension>
            <ns3:hr>170</ns3:hr>
            <ns3:cad>86</ns3:cad>
          </ns3:TrackPointExtension>
        </extensions>
      </trkpt>
      <trkpt lat="29.99221687205135822296142578125" lon="120.244724638760089874267578125">
        <ele>8.80000019073486328125</ele>
        <time>2026-07-24T12:09:54.000Z</time>
        <extensions>
          <ns3:TrackPointExtension>
            <ns3:hr>170</ns3:hr>
            <ns3:cad>86</ns3:cad>
          </ns3:TrackPointExtension>
        </extensions>
      </trkpt>
      <trkpt lat="29.99223648570477962493896484375" lon="120.24474165402352809906005859375">
        <ele>8.80000019073486328125</ele>
        <time>2026-07-24T12:09:55.000Z</time>
        <extensions>
          <ns3:TrackPointExtension>
            <ns3:hr>170</ns3:hr>
            <ns3:cad>86</ns3:cad>
          </ns3:TrackPointExtension>
        </extensions>
      </trkpt>
      <trkpt lat="29.9922521598637104034423828125" lon="120.24475288577377796173095703125">
        <ele>8.80000019073486328125</ele>
        <time>2026-07-24T12:09:56.000Z</time>
        <extensions>
          <ns3:TrackPointExtension>
            <ns3:hr>170</ns3:hr>
            <ns3:cad>86</ns3:cad>
          </ns3:TrackPointExtension>
        </extensions>
      </trkpt>
      <trkpt lat="29.9922732822597026824951171875" lon="120.24476663209497928619384765625">
        <ele>8.80000019073486328125</ele>
        <time>2026-07-24T12:09:57.000Z</time>
        <extensions>
          <ns3:TrackPointExtension>
            <ns3:hr>171</ns3:hr>
            <ns3:cad>86</ns3:cad>
          </ns3:TrackPointExtension>
        </extensions>
      </trkpt>
      <trkpt lat="29.99228761531412601470947265625" lon="120.24477593600749969482421875">
        <ele>8.80000019073486328125</ele>
        <time>2026-07-24T12:09:58.000Z</time>
        <extensions>
          <ns3:TrackPointExtension>
            <ns3:hr>171</ns3:hr>
            <ns3:cad>86</ns3:cad>
          </ns3:TrackPointExtension>
        </extensions>
      </trkpt>
      <trkpt lat="29.992308318614959716796875" lon="120.2447851561009883880615234375">
        <ele>8.80000019073486328125</ele>
        <time>2026-07-24T12:09:59.000Z</time>
        <extensions>
          <ns3:TrackPointExtension>
            <ns3:hr>171</ns3:hr>
            <ns3:cad>86</ns3:cad>
          </ns3:TrackPointExtension>
        </extensions>
      </trkpt>
      <trkpt lat="29.9923208914697170257568359375" lon="120.244797728955745697021484375">
        <ele>8.80000019073486328125</ele>
        <time>2026-07-24T12:10:00.000Z</time>
        <extensions>
          <ns3:TrackPointExtension>
            <ns3:hr>171</ns3:hr>
            <ns3:cad>86</ns3:cad>
          </ns3:TrackPointExtension>
        </extensions>
      </trkpt>
      <trkpt lat="29.99234025366604328155517578125" lon="120.24479915387928485870361328125">
        <ele>8.80000019073486328125</ele>
        <time>2026-07-24T12:10:01.000Z</time>
        <extensions>
          <ns3:TrackPointExtension>
            <ns3:hr>170</ns3:hr>
            <ns3:cad>87</ns3:cad>
          </ns3:TrackPointExtension>
        </extensions>
      </trkpt>
      <trkpt lat="29.9923617951571941375732421875" lon="120.24480820633471012115478515625">
        <ele>8.80000019073486328125</ele>
        <time>2026-07-24T12:10:02.000Z</time>
        <extensions>
          <ns3:TrackPointExtension>
            <ns3:hr>171</ns3:hr>
            <ns3:cad>87</ns3:cad>
          </ns3:TrackPointExtension>
        </extensions>
      </trkpt>
      <trkpt lat="29.99237679876387119293212890625" lon="120.2448139898478984832763671875">
        <ele>8.80000019073486328125</ele>
        <time>2026-07-24T12:10:03.000Z</time>
        <extensions>
          <ns3:TrackPointExtension>
            <ns3:hr>171</ns3:hr>
            <ns3:cad>87</ns3:cad>
          </ns3:TrackPointExtension>
        </extensions>
      </trkpt>
      <trkpt lat="29.9923939816653728485107421875" lon="120.24482379667460918426513671875">
        <ele>8.80000019073486328125</ele>
        <time>2026-07-24T12:10:04.000Z</time>
        <extensions>
          <ns3:TrackPointExtension>
            <ns3:hr>170</ns3:hr>
            <ns3:cad>86</ns3:cad>
          </ns3:TrackPointExtension>
        </extensions>
      </trkpt>
      <trkpt lat="29.99241233803331851959228515625" lon="120.2448408119380474090576171875">
        <ele>8.80000019073486328125</ele>
        <time>2026-07-24T12:10:05.000Z</time>
        <extensions>
          <ns3:TrackPointExtension>
            <ns3:hr>170</ns3:hr>
            <ns3:cad>84</ns3:cad>
          </ns3:TrackPointExtension>
        </extensions>
      </trkpt>
      <trkpt lat="29.992422647774219512939453125" lon="120.2448485232889652252197265625">
        <ele>8.80000019073486328125</ele>
        <time>2026-07-24T12:10:06.000Z</time>
        <extensions>
          <ns3:TrackPointExtension>
            <ns3:hr>170</ns3:hr>
            <ns3:cad>84</ns3:cad>
          </ns3:TrackPointExtension>
        </extensions>
      </trkpt>
      <trkpt lat="29.9924368970096111297607421875" lon="120.24485346861183643341064453125">
        <ele>8.80000019073486328125</ele>
        <time>2026-07-24T12:10:07.000Z</time>
        <extensions>
          <ns3:TrackPointExtension>
            <ns3:hr>170</ns3:hr>
            <ns3:cad>82</ns3:cad>
          </ns3:TrackPointExtension>
        </extensions>
      </trkpt>
      <trkpt lat="29.9924550019204616546630859375" lon="120.24485833011567592620849609375">
        <ele>8.80000019073486328125</ele>
        <time>2026-07-24T12:10:08.000Z</time>
        <extensions>
          <ns3:TrackPointExtension>
            <ns3:hr>171</ns3:hr>
            <ns3:cad>82</ns3:cad>
          </ns3:TrackPointExtension>
        </extensions>
      </trkpt>
      <trkpt lat="29.9924707598984241485595703125" lon="120.2448664605617523193359375">
        <ele>8.80000019073486328125</ele>
        <time>2026-07-24T12:10:09.000Z</time>
        <extensions>
          <ns3:TrackPointExtension>
            <ns3:hr>171</ns3:hr>
            <ns3:cad>82</ns3:cad>
          </ns3:TrackPointExtension>
        </extensions>
      </trkpt>
      <trkpt lat="29.9924893677234649658203125" lon="120.2448736689984798431396484375">
        <ele>8.80000019073486328125</ele>
        <time>2026-07-24T12:10:10.000Z</time>
        <extensions>
          <ns3:TrackPointExtension>
            <ns3:hr>170</ns3:hr>
            <ns3:cad>81</ns3:cad>
          </ns3:TrackPointExtension>
        </extensions>
      </trkpt>
      <trkpt lat="29.99250386841595172882080078125" lon="120.2448914386332035064697265625">
        <ele>8.80000019073486328125</ele>
        <time>2026-07-24T12:10:11.000Z</time>
        <extensions>
          <ns3:TrackPointExtension>
            <ns3:hr>170</ns3:hr>
            <ns3:cad>80</ns3:cad>
          </ns3:TrackPointExtension>
        </extensions>
      </trkpt>
      <trkpt lat="29.99251811765134334564208984375" lon="120.2449040114879608154296875">
        <ele>8.80000019073486328125</ele>
        <time>2026-07-24T12:10:12.000Z</time>
        <extensions>
          <ns3:TrackPointExtension>
            <ns3:hr>170</ns3:hr>
            <ns3:cad>79</ns3:cad>
          </ns3:TrackPointExtension>
        </extensions>
      </trkpt>
      <trkpt lat="29.9925361387431621551513671875" lon="120.2449299953877925872802734375">
        <ele>8.80000019073486328125</ele>
        <time>2026-07-24T12:10:13.000Z</time>
        <extensions>
          <ns3:TrackPointExtension>
            <ns3:hr>170</ns3:hr>
            <ns3:cad>79</ns3:cad>
          </ns3:TrackPointExtension>
        </extensions>
      </trkpt>
      <trkpt lat="29.99254862777888774871826171875" lon="120.24494181387126445770263671875">
        <ele>8.80000019073486328125</ele>
        <time>2026-07-24T12:10:14.000Z</time>
        <extensions>
          <ns3:TrackPointExtension>
            <ns3:hr>169</ns3:hr>
            <ns3:cad>79</ns3:cad>
          </ns3:TrackPointExtension>
        </extensions>
      </trkpt>
      <trkpt lat="29.99256514012813568115234375" lon="120.2449521236121654510498046875">
        <ele>8.80000019073486328125</ele>
        <time>2026-07-24T12:10:15.000Z</time>
        <extensions>
          <ns3:TrackPointExtension>
            <ns3:hr>169</ns3:hr>
            <ns3:cad>81</ns3:cad>
          </ns3:TrackPointExtension>
        </extensions>
      </trkpt>
      <trkpt lat="29.99258316121995449066162109375" lon="120.2449678815901279449462890625">
        <ele>8.80000019073486328125</ele>
        <time>2026-07-24T12:10:16.000Z</time>
        <extensions>
          <ns3:TrackPointExtension>
            <ns3:hr>169</ns3:hr>
            <ns3:cad>83</ns3:cad>
          </ns3:TrackPointExtension>
        </extensions>
      </trkpt>
      <trkpt lat="29.9925998412072658538818359375" lon="120.24497701786458492279052734375">
        <ele>8.80000019073486328125</ele>
        <time>2026-07-24T12:10:17.000Z</time>
        <extensions>
          <ns3:TrackPointExtension>
            <ns3:hr>169</ns3:hr>
            <ns3:cad>84</ns3:cad>
          </ns3:TrackPointExtension>
        </extensions>
      </trkpt>
      <trkpt lat="29.99262012541294097900390625" lon="120.2449890039861202239990234375">
        <ele>8.80000019073486328125</ele>
        <time>2026-07-24T12:10:18.000Z</time>
        <extensions>
          <ns3:TrackPointExtension>
            <ns3:hr>169</ns3:hr>
            <ns3:cad>84</ns3:cad>
          </ns3:TrackPointExtension>
        </extensions>
      </trkpt>
      <trkpt lat="29.9926343746483325958251953125" lon="120.24499713443219661712646484375">
        <ele>8.80000019073486328125</ele>
        <time>2026-07-24T12:10:19.000Z</time>
        <extensions>
          <ns3:TrackPointExtension>
            <ns3:hr>169</ns3:hr>
            <ns3:cad>84</ns3:cad>
          </ns3:TrackPointExtension>
        </extensions>
      </trkpt>
      <trkpt lat="29.992656670510768890380859375" lon="120.24501373060047626495361328125">
        <ele>8.80000019073486328125</ele>
        <time>2026-07-24T12:10:20.000Z</time>
        <extensions>
          <ns3:TrackPointExtension>
            <ns3:hr>169</ns3:hr>
            <ns3:cad>85</ns3:cad>
          </ns3:TrackPointExtension>
        </extensions>
      </trkpt>
      <trkpt lat="29.99267234466969966888427734375" lon="120.2450268901884555816650390625">
        <ele>8.80000019073486328125</ele>
        <time>2026-07-24T12:10:21.000Z</time>
        <extensions>
          <ns3:TrackPointExtension>
            <ns3:hr>169</ns3:hr>
            <ns3:cad>85</ns3:cad>
          </ns3:TrackPointExtension>
        </extensions>
      </trkpt>
      <trkpt lat="29.992690868675708770751953125" lon="120.24503602646291255950927734375">
        <ele>8.80000019073486328125</ele>
        <time>2026-07-24T12:10:22.000Z</time>
        <extensions>
          <ns3:TrackPointExtension>
            <ns3:hr>168</ns3:hr>
            <ns3:cad>85</ns3:cad>
          </ns3:TrackPointExtension>
        </extensions>
      </trkpt>
      <trkpt lat="29.992711655795574188232421875" lon="120.24504893459379673004150390625">
        <ele>8.80000019073486328125</ele>
        <time>2026-07-24T12:10:23.000Z</time>
        <extensions>
          <ns3:TrackPointExtension>
            <ns3:hr>168</ns3:hr>
            <ns3:cad>85</ns3:cad>
          </ns3:TrackPointExtension>
        </extensions>
      </trkpt>
      <trkpt lat="29.99272967688739299774169921875" lon="120.24505647830665111541748046875">
        <ele>8.80000019073486328125</ele>
        <time>2026-07-24T12:10:24.000Z</time>
        <extensions>
          <ns3:TrackPointExtension>
            <ns3:hr>168</ns3:hr>
            <ns3:cad>85</ns3:cad>
          </ns3:TrackPointExtension>
        </extensions>
      </trkpt>
      <trkpt lat="29.9927575886249542236328125" lon="120.245078019797801971435546875">
        <ele>8.80000019073486328125</ele>
        <time>2026-07-24T12:10:25.000Z</time>
        <extensions>
          <ns3:TrackPointExtension>
            <ns3:hr>168</ns3:hr>
            <ns3:cad>85</ns3:cad>
          </ns3:TrackPointExtension>
        </extensions>
      </trkpt>
      <trkpt lat="29.992773346602916717529296875" lon="120.2450890839099884033203125">
        <ele>8.80000019073486328125</ele>
        <time>2026-07-24T12:10:26.000Z</time>
        <extensions>
          <ns3:TrackPointExtension>
            <ns3:hr>168</ns3:hr>
            <ns3:cad>85</ns3:cad>
          </ns3:TrackPointExtension>
        </extensions>
      </trkpt>
      <trkpt lat="29.9927951395511627197265625" lon="120.2451038360595703125">
        <ele>9</ele>
        <time>2026-07-24T12:10:27.000Z</time>
        <extensions>
          <ns3:TrackPointExtension>
            <ns3:hr>169</ns3:hr>
            <ns3:cad>86</ns3:cad>
          </ns3:TrackPointExtension>
        </extensions>
      </trkpt>
      <trkpt lat="29.9928154237568378448486328125" lon="120.24511833675205707550048828125">
        <ele>9</ele>
        <time>2026-07-24T12:10:28.000Z</time>
        <extensions>
          <ns3:TrackPointExtension>
            <ns3:hr>168</ns3:hr>
            <ns3:cad>86</ns3:cad>
          </ns3:TrackPointExtension>
        </extensions>
      </trkpt>
      <trkpt lat="29.99283310957252979278564453125" lon="120.24512772448360919952392578125">
        <ele>9</ele>
        <time>2026-07-24T12:10:29.000Z</time>
        <extensions>
          <ns3:TrackPointExtension>
            <ns3:hr>168</ns3:hr>
            <ns3:cad>86</ns3:cad>
          </ns3:TrackPointExtension>
        </extensions>
      </trkpt>
      <trkpt lat="29.9928559921681880950927734375" lon="120.2451445721089839935302734375">
        <ele>9</ele>
        <time>2026-07-24T12:10:30.000Z</time>
        <extensions>
          <ns3:TrackPointExtension>
            <ns3:hr>168</ns3:hr>
            <ns3:cad>85</ns3:cad>
          </ns3:TrackPointExtension>
        </extensions>
      </trkpt>
      <trkpt lat="29.992871247231960296630859375" lon="120.245150439441204071044921875">
        <ele>9</ele>
        <time>2026-07-24T12:10:31.000Z</time>
        <extensions>
          <ns3:TrackPointExtension>
            <ns3:hr>169</ns3:hr>
            <ns3:cad>84</ns3:cad>
          </ns3:TrackPointExtension>
        </extensions>
      </trkpt>
      <trkpt lat="29.99289630912244319915771484375" lon="120.24516711942851543426513671875">
        <ele>9</ele>
        <time>2026-07-24T12:10:32.000Z</time>
        <extensions>
          <ns3:TrackPointExtension>
            <ns3:hr>168</ns3:hr>
            <ns3:cad>84</ns3:cad>
          </ns3:TrackPointExtension>
        </extensions>
      </trkpt>
      <trkpt lat="29.99291508458554744720458984375" lon="120.2451770938932895660400390625">
        <ele>9</ele>
        <time>2026-07-24T12:10:33.000Z</time>
        <extensions>
          <ns3:TrackPointExtension>
            <ns3:hr>168</ns3:hr>
            <ns3:cad>84</ns3:cad>
          </ns3:TrackPointExtension>
        </extensions>
      </trkpt>
      <trkpt lat="29.99293151311576366424560546875" lon="120.24518924765288829803466796875">
        <ele>9</ele>
        <time>2026-07-24T12:10:34.000Z</time>
        <extensions>
          <ns3:TrackPointExtension>
            <ns3:hr>169</ns3:hr>
            <ns3:cad>84</ns3:cad>
          </ns3:TrackPointExtension>
        </extensions>
      </trkpt>
      <trkpt lat="29.992951713502407073974609375" lon="120.24520399980247020721435546875">
        <ele>8.80000019073486328125</ele>
        <time>2026-07-24T12:10:35.000Z</time>
        <extensions>
          <ns3:TrackPointExtension>
            <ns3:hr>168</ns3:hr>
            <ns3:cad>84</ns3:cad>
          </ns3:TrackPointExtension>
        </extensions>
      </trkpt>
      <trkpt lat="29.99297023750841617584228515625" lon="120.24521254934370517730712890625">
        <ele>8.80000019073486328125</ele>
        <time>2026-07-24T12:10:36.000Z</time>
        <extensions>
          <ns3:TrackPointExtension>
            <ns3:hr>168</ns3:hr>
            <ns3:cad>84</ns3:cad>
          </ns3:TrackPointExtension>
        </extensions>
      </trkpt>
      <trkpt lat="29.9929958023130893707275390625" lon="120.24522847495973110198974609375">
        <ele>8.80000019073486328125</ele>
        <time>2026-07-24T12:10:37.000Z</time>
        <extensions>
          <ns3:TrackPointExtension>
            <ns3:hr>169</ns3:hr>
            <ns3:cad>84</ns3:cad>
          </ns3:TrackPointExtension>
        </extensions>
      </trkpt>
      <trkpt lat="29.993010051548480987548828125" lon="120.2452366054058074951171875">
        <ele>8.80000019073486328125</ele>
        <time>2026-07-24T12:10:38.000Z</time>
        <extensions>
          <ns3:TrackPointExtension>
            <ns3:hr>169</ns3:hr>
            <ns3:cad>84</ns3:cad>
          </ns3:TrackPointExtension>
        </extensions>
      </trkpt>
      <trkpt lat="29.99303184449672698974609375" lon="120.24524942971765995025634765625">
        <ele>8.80000019073486328125</ele>
        <time>2026-07-24T12:10:39.000Z</time>
        <extensions>
          <ns3:TrackPointExtension>
            <ns3:hr>169</ns3:hr>
            <ns3:cad>84</ns3:cad>
          </ns3:TrackPointExtension>
        </extensions>
      </trkpt>
      <trkpt lat="29.993052296340465545654296875" lon="120.24526082910597324371337890625">
        <ele>8.80000019073486328125</ele>
        <time>2026-07-24T12:10:40.000Z</time>
        <extensions>
          <ns3:TrackPointExtension>
            <ns3:hr>169</ns3:hr>
            <ns3:cad>84</ns3:cad>
          </ns3:TrackPointExtension>
        </extensions>
      </trkpt>
      <trkpt lat="29.99307098798453807830810546875" lon="120.245267115533351898193359375">
        <ele>8.80000019073486328125</ele>
        <time>2026-07-24T12:10:41.000Z</time>
        <extensions>
          <ns3:TrackPointExtension>
            <ns3:hr>168</ns3:hr>
            <ns3:cad>84</ns3:cad>
          </ns3:TrackPointExtension>
        </extensions>
      </trkpt>
      <trkpt lat="29.993092529475688934326171875" lon="120.24528496898710727691650390625">
        <ele>8.80000019073486328125</ele>
        <time>2026-07-24T12:10:42.000Z</time>
        <extensions>
          <ns3:TrackPointExtension>
            <ns3:hr>168</ns3:hr>
            <ns3:cad>85</ns3:cad>
          </ns3:TrackPointExtension>
        </extensions>
      </trkpt>
      <trkpt lat="29.99310920946300029754638671875" lon="120.24529150687158107757568359375">
        <ele>8.80000019073486328125</ele>
        <time>2026-07-24T12:10:43.000Z</time>
        <extensions>
          <ns3:TrackPointExtension>
            <ns3:hr>168</ns3:hr>
            <ns3:cad>85</ns3:cad>
          </ns3:TrackPointExtension>
        </extensions>
      </trkpt>
      <trkpt lat="29.99313418753445148468017578125" lon="120.24530374445021152496337890625">
        <ele>8.80000019073486328125</ele>
        <time>2026-07-24T12:10:44.000Z</time>
        <extensions>
          <ns3:TrackPointExtension>
            <ns3:hr>168</ns3:hr>
            <ns3:cad>85</ns3:cad>
          </ns3:TrackPointExtension>
        </extensions>
      </trkpt>
      <trkpt lat="29.9931506998836994171142578125" lon="120.24531044997274875640869140625">
        <ele>8.80000019073486328125</ele>
        <time>2026-07-24T12:10:45.000Z</time>
        <extensions>
          <ns3:TrackPointExtension>
            <ns3:hr>168</ns3:hr>
            <ns3:cad>85</ns3:cad>
          </ns3:TrackPointExtension>
        </extensions>
      </trkpt>
      <trkpt lat="29.9931758455932140350341796875" lon="120.2453205920755863189697265625">
        <ele>8.80000019073486328125</ele>
        <time>2026-07-24T12:10:46.000Z</time>
        <extensions>
          <ns3:TrackPointExtension>
            <ns3:hr>169</ns3:hr>
            <ns3:cad>85</ns3:cad>
          </ns3:TrackPointExtension>
        </extensions>
      </trkpt>
      <trkpt lat="29.9931946210563182830810546875" lon="120.245334170758724212646484375">
        <ele>9</ele>
        <time>2026-07-24T12:10:47.000Z</time>
        <extensions>
          <ns3:TrackPointExtension>
            <ns3:hr>169</ns3:hr>
            <ns3:cad>85</ns3:cad>
          </ns3:TrackPointExtension>
        </extensions>
      </trkpt>
      <trkpt lat="29.99321331270039081573486328125" lon="120.245344899594783782958984375">
        <ele>9</ele>
        <time>2026-07-24T12:10:48.000Z</time>
        <extensions>
          <ns3:TrackPointExtension>
            <ns3:hr>169</ns3:hr>
            <ns3:cad>86</ns3:cad>
          </ns3:TrackPointExtension>
        </extensions>
      </trkpt>
      <trkpt lat="29.9932331778109073638916015625" lon="120.24535940028727054595947265625">
        <ele>9</ele>
        <time>2026-07-24T12:10:49.000Z</time>
        <extensions>
          <ns3:TrackPointExtension>
            <ns3:hr>169</ns3:hr>
            <ns3:cad>86</ns3:cad>
          </ns3:TrackPointExtension>
        </extensions>
      </trkpt>
      <trkpt lat="29.99324851669371128082275390625" lon="120.24536560289561748504638671875">
        <ele>9</ele>
        <time>2026-07-24T12:10:50.000Z</time>
        <extensions>
          <ns3:TrackPointExtension>
            <ns3:hr>169</ns3:hr>
            <ns3:cad>85</ns3:cad>
          </ns3:TrackPointExtension>
        </extensions>
      </trkpt>
      <trkpt lat="29.99327198602259159088134765625" lon="120.24538102559745311737060546875">
        <ele>9</ele>
        <time>2026-07-24T12:10:51.000Z</time>
        <extensions>
          <ns3:TrackPointExtension>
            <ns3:hr>169</ns3:hr>
            <ns3:cad>85</ns3:cad>
          </ns3:TrackPointExtension>
        </extensions>
      </trkpt>
      <trkpt lat="29.9932915158569812774658203125" lon="120.24538882076740264892578125">
        <ele>9</ele>
        <time>2026-07-24T12:10:52.000Z</time>
        <extensions>
          <ns3:TrackPointExtension>
            <ns3:hr>168</ns3:hr>
            <ns3:cad>85</ns3:cad>
          </ns3:TrackPointExtension>
        </extensions>
      </trkpt>
      <trkpt lat="29.9933128058910369873046875" lon="120.24539376609027385711669921875">
        <ele>9</ele>
        <time>2026-07-24T12:10:53.000Z</time>
        <extensions>
          <ns3:TrackPointExtension>
            <ns3:hr>168</ns3:hr>
            <ns3:cad>85</ns3:cad>
          </ns3:TrackPointExtension>
        </extensions>
      </trkpt>
      <trkpt lat="29.9933344312012195587158203125" lon="120.24540759623050689697265625">
        <ele>9</ele>
        <time>2026-07-24T12:10:54.000Z</time>
        <extensions>
          <ns3:TrackPointExtension>
            <ns3:hr>168</ns3:hr>
            <ns3:cad>85</ns3:cad>
          </ns3:TrackPointExtension>
        </extensions>
      </trkpt>
      <trkpt lat="29.9933516979217529296875" lon="120.24541564285755157470703125">
        <ele>9</ele>
        <time>2026-07-24T12:10:55.000Z</time>
        <extensions>
          <ns3:TrackPointExtension>
            <ns3:hr>168</ns3:hr>
            <ns3:cad>85</ns3:cad>
          </ns3:TrackPointExtension>
        </extensions>
      </trkpt>
      <trkpt lat="29.99337407760322093963623046875" lon="120.245432071387767791748046875">
        <ele>9</ele>
        <time>2026-07-24T12:10:56.000Z</time>
        <extensions>
          <ns3:TrackPointExtension>
            <ns3:hr>169</ns3:hr>
            <ns3:cad>85</ns3:cad>
          </ns3:TrackPointExtension>
        </extensions>
      </trkpt>
      <trkpt lat="29.99339100904762744903564453125" lon="120.24544623680412769317626953125">
        <ele>9</ele>
        <time>2026-07-24T12:10:57.000Z</time>
        <extensions>
          <ns3:TrackPointExtension>
            <ns3:hr>168</ns3:hr>
            <ns3:cad>85</ns3:cad>
          </ns3:TrackPointExtension>
        </extensions>
      </trkpt>
      <trkpt lat="29.99341079033911228179931640625" lon="120.24545579217374324798583984375">
        <ele>9</ele>
        <time>2026-07-24T12:10:58.000Z</time>
        <extensions>
          <ns3:TrackPointExtension>
            <ns3:hr>168</ns3:hr>
            <ns3:cad>84</ns3:cad>
          </ns3:TrackPointExtension>
        </extensions>
      </trkpt>
      <trkpt lat="29.9934286437928676605224609375" lon="120.24546668864786624908447265625">
        <ele>9</ele>
        <time>2026-07-24T12:10:59.000Z</time>
        <extensions>
          <ns3:TrackPointExtension>
            <ns3:hr>168</ns3:hr>
            <ns3:cad>84</ns3:cad>
          </ns3:TrackPointExtension>
        </extensions>
      </trkpt>
      <trkpt lat="29.99344356358051300048828125" lon="120.24547255598008632659912109375">
        <ele>8.80000019073486328125</ele>
        <time>2026-07-24T12:11:00.000Z</time>
        <extensions>
          <ns3:TrackPointExtension>
            <ns3:hr>168</ns3:hr>
            <ns3:cad>84</ns3:cad>
          </ns3:TrackPointExtension>
        </extensions>
      </trkpt>
      <trkpt lat="29.9934648536145687103271484375" lon="120.2454838715493679046630859375">
        <ele>8.80000019073486328125</ele>
        <time>2026-07-24T12:11:01.000Z</time>
        <extensions>
          <ns3:TrackPointExtension>
            <ns3:hr>168</ns3:hr>
            <ns3:cad>85</ns3:cad>
          </ns3:TrackPointExtension>
        </extensions>
      </trkpt>
      <trkpt lat="29.99347868375480175018310546875" lon="120.24549082852900028228759765625">
        <ele>8.80000019073486328125</ele>
        <time>2026-07-24T12:11:02.000Z</time>
        <extensions>
          <ns3:TrackPointExtension>
            <ns3:hr>169</ns3:hr>
            <ns3:cad>85</ns3:cad>
          </ns3:TrackPointExtension>
        </extensions>
      </trkpt>
      <trkpt lat="29.99350248835980892181396484375" lon="120.24550239555537700653076171875">
        <ele>8.80000019073486328125</ele>
        <time>2026-07-24T12:11:03.000Z</time>
        <extensions>
          <ns3:TrackPointExtension>
            <ns3:hr>169</ns3:hr>
            <ns3:cad>85</ns3:cad>
          </ns3:TrackPointExtension>
        </extensions>
      </trkpt>
      <trkpt lat="29.9935198388993740081787109375" lon="120.24551044218242168426513671875">
        <ele>8.80000019073486328125</ele>
        <time>2026-07-24T12:11:04.000Z</time>
        <extensions>
          <ns3:TrackPointExtension>
            <ns3:hr>169</ns3:hr>
            <ns3:cad>85</ns3:cad>
          </ns3:TrackPointExtension>
        </extensions>
      </trkpt>
      <trkpt lat="29.993539787828922271728515625" lon="120.24551597423851490020751953125">
        <ele>8.80000019073486328125</ele>
        <time>2026-07-24T12:11:05.000Z</time>
        <extensions>
          <ns3:TrackPointExtension>
            <ns3:hr>169</ns3:hr>
            <ns3:cad>85</ns3:cad>
          </ns3:TrackPointExtension>
        </extensions>
      </trkpt>
      <trkpt lat="29.99355797655880451202392578125" lon="120.2455289661884307861328125">
        <ele>9</ele>
        <time>2026-07-24T12:11:06.000Z</time>
        <extensions>
          <ns3:TrackPointExtension>
            <ns3:hr>169</ns3:hr>
            <ns3:cad>85</ns3:cad>
          </ns3:TrackPointExtension>
        </extensions>
      </trkpt>
      <trkpt lat="29.99357406981289386749267578125" lon="120.24553307332098484039306640625">
        <ele>9</ele>
        <time>2026-07-24T12:11:07.000Z</time>
        <extensions>
          <ns3:TrackPointExtension>
            <ns3:hr>169</ns3:hr>
            <ns3:cad>85</ns3:cad>
          </ns3:TrackPointExtension>
        </extensions>
      </trkpt>
      <trkpt lat="29.993594102561473846435546875" lon="120.24554329924285411834716796875">
        <ele>9</ele>
        <time>2026-07-24T12:11:08.000Z</time>
        <extensions>
          <ns3:TrackPointExtension>
            <ns3:hr>169</ns3:hr>
            <ns3:cad>86</ns3:cad>
          </ns3:TrackPointExtension>
        </extensions>
      </trkpt>
      <trkpt lat="29.99360877089202404022216796875" lon="120.2455485798418521881103515625">
        <ele>9</ele>
        <time>2026-07-24T12:11:09.000Z</time>
        <extensions>
          <ns3:TrackPointExtension>
            <ns3:hr>169</ns3:hr>
            <ns3:cad>86</ns3:cad>
          </ns3:TrackPointExtension>
        </extensions>
      </trkpt>
      <trkpt lat="29.993631653487682342529296875" lon="120.24555922485888004302978515625">
        <ele>9</ele>
        <time>2026-07-24T12:11:10.000Z</time>
        <extensions>
          <ns3:TrackPointExtension>
            <ns3:hr>169</ns3:hr>
            <ns3:cad>86</ns3:cad>
          </ns3:TrackPointExtension>
        </extensions>
      </trkpt>
      <trkpt lat="29.99364749528467655181884765625" lon="120.2455666847527027130126953125">
        <ele>9</ele>
        <time>2026-07-24T12:11:11.000Z</time>
        <extensions>
          <ns3:TrackPointExtension>
            <ns3:hr>169</ns3:hr>
            <ns3:cad>86</ns3:cad>
          </ns3:TrackPointExtension>
        </extensions>
      </trkpt>
      <trkpt lat="29.993667192757129669189453125" lon="120.24557481519877910614013671875">
        <ele>9</ele>
        <time>2026-07-24T12:11:12.000Z</time>
        <extensions>
          <ns3:TrackPointExtension>
            <ns3:hr>170</ns3:hr>
            <ns3:cad>86</ns3:cad>
          </ns3:TrackPointExtension>
        </extensions>
      </trkpt>
      <trkpt lat="29.99368823133409023284912109375" lon="120.245586968958377838134765625">
        <ele>9</ele>
        <time>2026-07-24T12:11:13.000Z</time>
        <extensions>
          <ns3:TrackPointExtension>
            <ns3:hr>169</ns3:hr>
            <ns3:cad>86</ns3:cad>
          </ns3:TrackPointExtension>
        </extensions>
      </trkpt>
      <trkpt lat="29.9937070906162261962890625" lon="120.24559275247156620025634765625">
        <ele>9</ele>
        <time>2026-07-24T12:11:14.000Z</time>
        <extensions>
          <ns3:TrackPointExtension>
            <ns3:hr>169</ns3:hr>
            <ns3:cad>86</ns3:cad>
          </ns3:TrackPointExtension>
        </extensions>
      </trkpt>
      <trkpt lat="29.99373047612607479095458984375" lon="120.24560297839343547821044921875">
        <ele>9</ele>
        <time>2026-07-24T12:11:15.000Z</time>
        <extensions>
          <ns3:TrackPointExtension>
            <ns3:hr>170</ns3:hr>
            <ns3:cad>86</ns3:cad>
          </ns3:TrackPointExtension>
        </extensions>
      </trkpt>
      <trkpt lat="29.99374640174210071563720703125" lon="120.24560767225921154022216796875">
        <ele>9</ele>
        <time>2026-07-24T12:11:16.000Z</time>
        <extensions>
          <ns3:TrackPointExtension>
            <ns3:hr>169</ns3:hr>
            <ns3:cad>86</ns3:cad>
          </ns3:TrackPointExtension>
        </extensions>
      </trkpt>
      <trkpt lat="29.99376945197582244873046875" lon="120.24562091566622257232666015625">
        <ele>9</ele>
        <time>2026-07-24T12:11:17.000Z</time>
        <extensions>
          <ns3:TrackPointExtension>
            <ns3:hr>170</ns3:hr>
            <ns3:cad>86</ns3:cad>
          </ns3:TrackPointExtension>
        </extensions>
      </trkpt>
      <trkpt lat="29.99378546141088008880615234375" lon="120.2456295490264892578125">
        <ele>9</ele>
        <time>2026-07-24T12:11:18.000Z</time>
        <extensions>
          <ns3:TrackPointExtension>
            <ns3:hr>170</ns3:hr>
            <ns3:cad>85</ns3:cad>
          </ns3:TrackPointExtension>
        </extensions>
      </trkpt>
      <trkpt lat="29.99380566179752349853515625" lon="120.24563826620578765869140625">
        <ele>9.19999980926513671875</ele>
        <time>2026-07-24T12:11:19.000Z</time>
        <extensions>
          <ns3:TrackPointExtension>
            <ns3:hr>170</ns3:hr>
            <ns3:cad>85</ns3:cad>
          </ns3:TrackPointExtension>
        </extensions>
      </trkpt>
      <trkpt lat="29.99382670037448406219482421875" lon="120.2456501685082912445068359375">
        <ele>9.19999980926513671875</ele>
        <time>2026-07-24T12:11:20.000Z</time>
        <extensions>
          <ns3:TrackPointExtension>
            <ns3:hr>170</ns3:hr>
            <ns3:cad>85</ns3:cad>
          </ns3:TrackPointExtension>
        </extensions>
      </trkpt>
      <trkpt lat="29.9938467331230640411376953125" lon="120.24565645493566989898681640625">
        <ele>9</ele>
        <time>2026-07-24T12:11:21.000Z</time>
        <extensions>
          <ns3:TrackPointExtension>
            <ns3:hr>169</ns3:hr>
            <ns3:cad>86</ns3:cad>
          </ns3:TrackPointExtension>
        </extensions>
      </trkpt>
      <trkpt lat="29.993867687880992889404296875" lon="120.24566634558141231536865234375">
        <ele>9.19999980926513671875</ele>
        <time>2026-07-24T12:11:22.000Z</time>
        <extensions>
          <ns3:TrackPointExtension>
            <ns3:hr>170</ns3:hr>
            <ns3:cad>86</ns3:cad>
          </ns3:TrackPointExtension>
        </extensions>
      </trkpt>
      <trkpt lat="29.9938859604299068450927734375" lon="120.2456702850759029388427734375">
        <ele>9.19999980926513671875</ele>
        <time>2026-07-24T12:11:23.000Z</time>
        <extensions>
          <ns3:TrackPointExtension>
            <ns3:hr>170</ns3:hr>
            <ns3:cad>86</ns3:cad>
          </ns3:TrackPointExtension>
        </extensions>
      </trkpt>
      <trkpt lat="29.9939064122736454010009765625" lon="120.2456818521022796630859375">
        <ele>9</ele>
        <time>2026-07-24T12:11:24.000Z</time>
        <extensions>
          <ns3:TrackPointExtension>
            <ns3:hr>169</ns3:hr>
            <ns3:cad>86</ns3:cad>
          </ns3:TrackPointExtension>
        </extensions>
      </trkpt>
      <trkpt lat="29.99392242170870304107666015625" lon="120.2456883899867534637451171875">
        <ele>9</ele>
        <time>2026-07-24T12:11:25.000Z</time>
        <extensions>
          <ns3:TrackPointExtension>
            <ns3:hr>170</ns3:hr>
            <ns3:cad>87</ns3:cad>
          </ns3:TrackPointExtension>
        </extensions>
      </trkpt>
      <trkpt lat="29.993946813046932220458984375" lon="120.24569970555603504180908203125">
        <ele>9.19999980926513671875</ele>
        <time>2026-07-24T12:11:26.000Z</time>
        <extensions>
          <ns3:TrackPointExtension>
            <ns3:hr>170</ns3:hr>
            <ns3:cad>87</ns3:cad>
          </ns3:TrackPointExtension>
        </extensions>
      </trkpt>
      <trkpt lat="29.993960894644260406494140625" lon="120.24570439942181110382080078125">
        <ele>9</ele>
        <time>2026-07-24T12:11:27.000Z</time>
        <extensions>
          <ns3:TrackPointExtension>
            <ns3:hr>169</ns3:hr>
            <ns3:cad>87</ns3:cad>
          </ns3:TrackPointExtension>
        </extensions>
      </trkpt>
      <trkpt lat="29.99398092739284038543701171875" lon="120.24571345187723636627197265625">
        <ele>9.19999980926513671875</ele>
        <time>2026-07-24T12:11:28.000Z</time>
        <extensions>
          <ns3:TrackPointExtension>
            <ns3:hr>170</ns3:hr>
            <ns3:cad>87</ns3:cad>
          </ns3:TrackPointExtension>
        </extensions>
      </trkpt>
      <trkpt lat="29.9940006248652935028076171875" lon="120.245723761618137359619140625">
        <ele>9.19999980926513671875</ele>
        <time>2026-07-24T12:11:29.000Z</time>
        <extensions>
          <ns3:TrackPointExtension>
            <ns3:hr>170</ns3:hr>
            <ns3:cad>87</ns3:cad>
          </ns3:TrackPointExtension>
        </extensions>
      </trkpt>
      <trkpt lat="29.99401931650936603546142578125" lon="120.24572954513132572174072265625">
        <ele>9.19999980926513671875</ele>
        <time>2026-07-24T12:11:30.000Z</time>
        <extensions>
          <ns3:TrackPointExtension>
            <ns3:hr>170</ns3:hr>
            <ns3:cad>87</ns3:cad>
          </ns3:TrackPointExtension>
        </extensions>
      </trkpt>
      <trkpt lat="29.9940401874482631683349609375" lon="120.245740525424480438232421875">
        <ele>9.19999980926513671875</ele>
        <time>2026-07-24T12:11:31.000Z</time>
        <extensions>
          <ns3:TrackPointExtension>
            <ns3:hr>170</ns3:hr>
            <ns3:cad>87</ns3:cad>
          </ns3:TrackPointExtension>
        </extensions>
      </trkpt>
      <trkpt lat="29.9940559454262256622314453125" lon="120.24574781768023967742919921875">
        <ele>9.19999980926513671875</ele>
        <time>2026-07-24T12:11:32.000Z</time>
        <extensions>
          <ns3:TrackPointExtension>
            <ns3:hr>171</ns3:hr>
            <ns3:cad>87</ns3:cad>
          </ns3:TrackPointExtension>
        </extensions>
      </trkpt>
      <trkpt lat="29.9940780736505985260009765625" lon="120.24575971998274326324462890625">
        <ele>9.19999980926513671875</ele>
        <time>2026-07-24T12:11:33.000Z</time>
        <extensions>
          <ns3:TrackPointExtension>
            <ns3:hr>172</ns3:hr>
            <ns3:cad>87</ns3:cad>
          </ns3:TrackPointExtension>
        </extensions>
      </trkpt>
      <trkpt lat="29.99409223906695842742919921875" lon="120.24576776660978794097900390625">
        <ele>9.19999980926513671875</ele>
        <time>2026-07-24T12:11:34.000Z</time>
        <extensions>
          <ns3:TrackPointExtension>
            <ns3:hr>172</ns3:hr>
            <ns3:cad>86</ns3:cad>
          </ns3:TrackPointExtension>
        </extensions>
      </trkpt>
      <trkpt lat="29.994116127490997314453125" lon="120.245777070522308349609375">
        <ele>9.19999980926513671875</ele>
        <time>2026-07-24T12:11:35.000Z</time>
        <extensions>
          <ns3:TrackPointExtension>
            <ns3:hr>172</ns3:hr>
            <ns3:cad>86</ns3:cad>
          </ns3:TrackPointExtension>
        </extensions>
      </trkpt>
      <trkpt lat="29.994132556021213531494140625" lon="120.24577916599810123443603515625">
        <ele>9.19999980926513671875</ele>
        <time>2026-07-24T12:11:36.000Z</time>
        <extensions>
          <ns3:TrackPointExtension>
            <ns3:hr>173</ns3:hr>
            <ns3:cad>86</ns3:cad>
          </ns3:TrackPointExtension>
        </extensions>
      </trkpt>
      <trkpt lat="29.99415342696011066436767578125" lon="120.24578436277806758880615234375">
        <ele>9.19999980926513671875</ele>
        <time>2026-07-24T12:11:37.000Z</time>
        <extensions>
          <ns3:TrackPointExtension>
            <ns3:hr>173</ns3:hr>
            <ns3:cad>86</ns3:cad>
          </ns3:TrackPointExtension>
        </extensions>
      </trkpt>
      <trkpt lat="29.99417320825159549713134765625" lon="120.24579358287155628204345703125">
        <ele>9.19999980926513671875</ele>
        <time>2026-07-24T12:11:38.000Z</time>
        <extensions>
          <ns3:TrackPointExtension>
            <ns3:hr>173</ns3:hr>
            <ns3:cad>86</ns3:cad>
          </ns3:TrackPointExtension>
        </extensions>
      </trkpt>
      <trkpt lat="29.99419382773339748382568359375" lon="120.245797522366046905517578125">
        <ele>9.19999980926513671875</ele>
        <time>2026-07-24T12:11:39.000Z</time>
        <extensions>
          <ns3:TrackPointExtension>
            <ns3:hr>173</ns3:hr>
            <ns3:cad>86</ns3:cad>
          </ns3:TrackPointExtension>
        </extensions>
      </trkpt>
      <trkpt lat="29.9942165426909923553466796875" lon="120.2458077482879161834716796875">
        <ele>9.19999980926513671875</ele>
        <time>2026-07-24T12:11:40.000Z</time>
        <extensions>
          <ns3:TrackPointExtension>
            <ns3:hr>172</ns3:hr>
            <ns3:cad>86</ns3:cad>
          </ns3:TrackPointExtension>
        </extensions>
      </trkpt>
      <trkpt lat="29.9942333064973354339599609375" lon="120.2458107657730579376220703125">
        <ele>9.19999980926513671875</ele>
        <time>2026-07-24T12:11:41.000Z</time>
        <extensions>
          <ns3:TrackPointExtension>
            <ns3:hr>173</ns3:hr>
            <ns3:cad>86</ns3:cad>
          </ns3:TrackPointExtension>
        </extensions>
      </trkpt>
      <trkpt lat="29.99425702728331089019775390625" lon="120.24582157842814922332763671875">
        <ele>9.19999980926513671875</ele>
        <time>2026-07-24T12:11:42.000Z</time>
        <extensions>
          <ns3:TrackPointExtension>
            <ns3:hr>173</ns3:hr>
            <ns3:cad>87</ns3:cad>
          </ns3:TrackPointExtension>
        </extensions>
      </trkpt>
      <trkpt lat="29.9942728690803050994873046875" lon="120.24582778103649616241455078125">
        <ele>9.19999980926513671875</ele>
        <time>2026-07-24T12:11:43.000Z</time>
        <extensions>
          <ns3:TrackPointExtension>
            <ns3:hr>173</ns3:hr>
            <ns3:cad>87</ns3:cad>
          </ns3:TrackPointExtension>
        </extensions>
      </trkpt>
      <trkpt lat="29.99429625459015369415283203125" lon="120.24583415128290653228759765625">
        <ele>9.19999980926513671875</ele>
        <time>2026-07-24T12:11:44.000Z</time>
        <extensions>
          <ns3:TrackPointExtension>
            <ns3:hr>173</ns3:hr>
            <ns3:cad>87</ns3:cad>
          </ns3:TrackPointExtension>
        </extensions>
      </trkpt>
      <trkpt lat="29.9943147785961627960205078125" lon="120.24583809077739715576171875">
        <ele>9.19999980926513671875</ele>
        <time>2026-07-24T12:11:45.000Z</time>
        <extensions>
          <ns3:TrackPointExtension>
            <ns3:hr>172</ns3:hr>
            <ns3:cad>87</ns3:cad>
          </ns3:TrackPointExtension>
        </extensions>
      </trkpt>
      <trkpt lat="29.9943348951637744903564453125" lon="120.24584119208157062530517578125">
        <ele>9.19999980926513671875</ele>
        <time>2026-07-24T12:11:46.000Z</time>
        <extensions>
          <ns3:TrackPointExtension>
            <ns3:hr>173</ns3:hr>
            <ns3:cad>86</ns3:cad>
          </ns3:TrackPointExtension>
        </extensions>
      </trkpt>
      <trkpt lat="29.99435476027429103851318359375" lon="120.245853178203105926513671875">
        <ele>9.19999980926513671875</ele>
        <time>2026-07-24T12:11:47.000Z</time>
        <extensions>
          <ns3:TrackPointExtension>
            <ns3:hr>173</ns3:hr>
            <ns3:cad>86</ns3:cad>
          </ns3:TrackPointExtension>
        </extensions>
      </trkpt>
      <trkpt lat="29.99437219463288784027099609375" lon="120.24585829116404056549072265625">
        <ele>9.19999980926513671875</ele>
        <time>2026-07-24T12:11:48.000Z</time>
        <extensions>
          <ns3:TrackPointExtension>
            <ns3:hr>172</ns3:hr>
            <ns3:cad>86</ns3:cad>
          </ns3:TrackPointExtension>
        </extensions>
      </trkpt>
      <trkpt lat="29.99439516104757785797119140625" lon="120.24586868472397327423095703125">
        <ele>9.19999980926513671875</ele>
        <time>2026-07-24T12:11:49.000Z</time>
        <extensions>
          <ns3:TrackPointExtension>
            <ns3:hr>172</ns3:hr>
            <ns3:cad>86</ns3:cad>
          </ns3:TrackPointExtension>
        </extensions>
      </trkpt>
      <trkpt lat="29.9944133497774600982666015625" lon="120.24587564170360565185546875">
        <ele>9.19999980926513671875</ele>
        <time>2026-07-24T12:11:50.000Z</time>
        <extensions>
          <ns3:TrackPointExtension>
            <ns3:hr>172</ns3:hr>
            <ns3:cad>86</ns3:cad>
          </ns3:TrackPointExtension>
        </extensions>
      </trkpt>
      <trkpt lat="29.994438998401165008544921875" lon="120.245886035263538360595703125">
        <ele>9.19999980926513671875</ele>
        <time>2026-07-24T12:11:51.000Z</time>
        <extensions>
          <ns3:TrackPointExtension>
            <ns3:hr>172</ns3:hr>
            <ns3:cad>86</ns3:cad>
          </ns3:TrackPointExtension>
        </extensions>
      </trkpt>
      <trkpt lat="29.99445634894073009490966796875" lon="120.24588896892964839935302734375">
        <ele>9.19999980926513671875</ele>
        <time>2026-07-24T12:11:52.000Z</time>
        <extensions>
          <ns3:TrackPointExtension>
            <ns3:hr>171</ns3:hr>
            <ns3:cad>86</ns3:cad>
          </ns3:TrackPointExtension>
        </extensions>
      </trkpt>
      <trkpt lat="29.994479231536388397216796875" lon="120.24589399807155132293701171875">
        <ele>9.19999980926513671875</ele>
        <time>2026-07-24T12:11:53.000Z</time>
        <extensions>
          <ns3:TrackPointExtension>
            <ns3:hr>171</ns3:hr>
            <ns3:cad>86</ns3:cad>
          </ns3:TrackPointExtension>
        </extensions>
      </trkpt>
      <trkpt lat="29.9944985099136829376220703125" lon="120.245900452136993408203125">
        <ele>9.19999980926513671875</ele>
        <time>2026-07-24T12:11:54.000Z</time>
        <extensions>
          <ns3:TrackPointExtension>
            <ns3:hr>171</ns3:hr>
            <ns3:cad>86</ns3:cad>
          </ns3:TrackPointExtension>
        </extensions>
      </trkpt>
      <trkpt lat="29.99451787211000919342041015625" lon="120.24590489454567432403564453125">
        <ele>9</ele>
        <time>2026-07-24T12:11:55.000Z</time>
        <extensions>
          <ns3:TrackPointExtension>
            <ns3:hr>171</ns3:hr>
            <ns3:cad>86</ns3:cad>
          </ns3:TrackPointExtension>
        </extensions>
      </trkpt>
      <trkpt lat="29.99453966505825519561767578125" lon="120.24591545574367046356201171875">
        <ele>9</ele>
        <time>2026-07-24T12:11:56.000Z</time>
        <extensions>
          <ns3:TrackPointExtension>
            <ns3:hr>171</ns3:hr>
            <ns3:cad>86</ns3:cad>
          </ns3:TrackPointExtension>
        </extensions>
      </trkpt>
      <trkpt lat="29.99455668032169342041015625" lon="120.24591897614300251007080078125">
        <ele>9</ele>
        <time>2026-07-24T12:11:57.000Z</time>
        <extensions>
          <ns3:TrackPointExtension>
            <ns3:hr>171</ns3:hr>
            <ns3:cad>86</ns3:cad>
          </ns3:TrackPointExtension>
        </extensions>
      </trkpt>
      <trkpt lat="29.994582831859588623046875" lon="120.24592920206487178802490234375">
        <ele>9</ele>
        <time>2026-07-24T12:11:58.000Z</time>
        <extensions>
          <ns3:TrackPointExtension>
            <ns3:hr>171</ns3:hr>
            <ns3:cad>86</ns3:cad>
          </ns3:TrackPointExtension>
        </extensions>
      </trkpt>
      <trkpt lat="29.99459959566593170166015625" lon="120.24593330919742584228515625">
        <ele>9</ele>
        <time>2026-07-24T12:11:59.000Z</time>
        <extensions>
          <ns3:TrackPointExtension>
            <ns3:hr>171</ns3:hr>
            <ns3:cad>86</ns3:cad>
          </ns3:TrackPointExtension>
        </extensions>
      </trkpt>
      <trkpt lat="29.99461979605257511138916015625" lon="120.24593573994934558868408203125">
        <ele>9</ele>
        <time>2026-07-24T12:12:00.000Z</time>
        <extensions>
          <ns3:TrackPointExtension>
            <ns3:hr>171</ns3:hr>
            <ns3:cad>86</ns3:cad>
          </ns3:TrackPointExtension>
        </extensions>
      </trkpt>
      <trkpt lat="29.99464008025825023651123046875" lon="120.245943032205104827880859375">
        <ele>9</ele>
        <time>2026-07-24T12:12:01.000Z</time>
        <extensions>
          <ns3:TrackPointExtension>
            <ns3:hr>171</ns3:hr>
            <ns3:cad>85</ns3:cad>
          </ns3:TrackPointExtension>
        </extensions>
      </trkpt>
      <trkpt lat="29.99465860426425933837890625" lon="120.2459452114999294281005859375">
        <ele>8.80000019073486328125</ele>
        <time>2026-07-24T12:12:02.000Z</time>
        <extensions>
          <ns3:TrackPointExtension>
            <ns3:hr>171</ns3:hr>
            <ns3:cad>84</ns3:cad>
          </ns3:TrackPointExtension>
        </extensions>
      </trkpt>
      <trkpt lat="29.99468198977410793304443359375" lon="120.2459539286792278289794921875">
        <ele>8.80000019073486328125</ele>
        <time>2026-07-24T12:12:03.000Z</time>
        <extensions>
          <ns3:TrackPointExtension>
            <ns3:hr>171</ns3:hr>
            <ns3:cad>84</ns3:cad>
          </ns3:TrackPointExtension>
        </extensions>
      </trkpt>
      <trkpt lat="29.9946993403136730194091796875" lon="120.24595602415502071380615234375">
        <ele>8.80000019073486328125</ele>
        <time>2026-07-24T12:12:04.000Z</time>
        <extensions>
          <ns3:TrackPointExtension>
            <ns3:hr>171</ns3:hr>
            <ns3:cad>84</ns3:cad>
          </ns3:TrackPointExtension>
        </extensions>
      </trkpt>
      <trkpt lat="29.99472356401383876800537109375" lon="120.24596507661044597625732421875">
        <ele>8.80000019073486328125</ele>
        <time>2026-07-24T12:12:05.000Z</time>
        <extensions>
          <ns3:TrackPointExtension>
            <ns3:hr>171</ns3:hr>
            <ns3:cad>84</ns3:cad>
          </ns3:TrackPointExtension>
        </extensions>
      </trkpt>
      <trkpt lat="29.9947449378669261932373046875" lon="120.24597161449491977691650390625">
        <ele>8.80000019073486328125</ele>
        <time>2026-07-24T12:12:06.000Z</time>
        <extensions>
          <ns3:TrackPointExtension>
            <ns3:hr>170</ns3:hr>
            <ns3:cad>85</ns3:cad>
          </ns3:TrackPointExtension>
        </extensions>
      </trkpt>
      <trkpt lat="29.9947679042816162109375" lon="120.2459740452468395233154296875">
        <ele>8.80000019073486328125</ele>
        <time>2026-07-24T12:12:07.000Z</time>
        <extensions>
          <ns3:TrackPointExtension>
            <ns3:hr>170</ns3:hr>
            <ns3:cad>86</ns3:cad>
          </ns3:TrackPointExtension>
        </extensions>
      </trkpt>
      <trkpt lat="29.9947891943156719207763671875" lon="120.24598452262580394744873046875">
        <ele>8.80000019073486328125</ele>
        <time>2026-07-24T12:12:08.000Z</time>
        <extensions>
          <ns3:TrackPointExtension>
            <ns3:hr>170</ns3:hr>
            <ns3:cad>86</ns3:cad>
          </ns3:TrackPointExtension>
        </extensions>
      </trkpt>
      <trkpt lat="29.99480989761650562286376953125" lon="120.24598904885351657867431640625">
        <ele>8.80000019073486328125</ele>
        <time>2026-07-24T12:12:09.000Z</time>
        <extensions>
          <ns3:TrackPointExtension>
            <ns3:hr>170</ns3:hr>
            <ns3:cad>86</ns3:cad>
          </ns3:TrackPointExtension>
        </extensions>
      </trkpt>
      <trkpt lat="29.99483202584087848663330078125" lon="120.24599743075668811798095703125">
        <ele>8.80000019073486328125</ele>
        <time>2026-07-24T12:12:10.000Z</time>
        <extensions>
          <ns3:TrackPointExtension>
            <ns3:hr>170</ns3:hr>
            <ns3:cad>86</ns3:cad>
          </ns3:TrackPointExtension>
        </extensions>
      </trkpt>
      <trkpt lat="29.99484878964722156524658203125" lon="120.246002711355686187744140625">
        <ele>8.80000019073486328125</ele>
        <time>2026-07-24T12:12:11.000Z</time>
        <extensions>
          <ns3:TrackPointExtension>
            <ns3:hr>170</ns3:hr>
            <ns3:cad>86</ns3:cad>
          </ns3:TrackPointExtension>
        </extensions>
      </trkpt>
      <trkpt lat="29.9948711693286895751953125" lon="120.24601109325885772705078125">
        <ele>8.80000019073486328125</ele>
        <time>2026-07-24T12:12:12.000Z</time>
        <extensions>
          <ns3:TrackPointExtension>
            <ns3:hr>170</ns3:hr>
            <ns3:cad>86</ns3:cad>
          </ns3:TrackPointExtension>
        </extensions>
      </trkpt>
      <trkpt lat="29.99488667584955692291259765625" lon="120.24601838551461696624755859375">
        <ele>8.80000019073486328125</ele>
        <time>2026-07-24T12:12:13.000Z</time>
        <extensions>
          <ns3:TrackPointExtension>
            <ns3:hr>170</ns3:hr>
            <ns3:cad>86</ns3:cad>
          </ns3:TrackPointExtension>
        </extensions>
      </trkpt>
      <trkpt lat="29.99490763060748577117919921875" lon="120.246018469333648681640625">
        <ele>8.80000019073486328125</ele>
        <time>2026-07-24T12:12:14.000Z</time>
        <extensions>
          <ns3:TrackPointExtension>
            <ns3:hr>170</ns3:hr>
            <ns3:cad>86</ns3:cad>
          </ns3:TrackPointExtension>
        </extensions>
      </trkpt>
      <trkpt lat="29.994929172098636627197265625" lon="120.24602450430393218994140625">
        <ele>8.80000019073486328125</ele>
        <time>2026-07-24T12:12:15.000Z</time>
        <extensions>
          <ns3:TrackPointExtension>
            <ns3:hr>170</ns3:hr>
            <ns3:cad>85</ns3:cad>
          </ns3:TrackPointExtension>
        </extensions>
      </trkpt>
      <trkpt lat="29.994947277009487152099609375" lon="120.246024839580059051513671875">
        <ele>8.80000019073486328125</ele>
        <time>2026-07-24T12:12:16.000Z</time>
        <extensions>
          <ns3:TrackPointExtension>
            <ns3:hr>170</ns3:hr>
            <ns3:cad>85</ns3:cad>
          </ns3:TrackPointExtension>
        </extensions>
      </trkpt>
      <trkpt lat="29.99496764503419399261474609375" lon="120.2460297010838985443115234375">
        <ele>8.80000019073486328125</ele>
        <time>2026-07-24T12:12:17.000Z</time>
        <extensions>
          <ns3:TrackPointExtension>
            <ns3:hr>170</ns3:hr>
            <ns3:cad>85</ns3:cad>
          </ns3:TrackPointExtension>
        </extensions>
      </trkpt>
      <trkpt lat="29.9949838221073150634765625" lon="120.2460347302258014678955078125">
        <ele>8.80000019073486328125</ele>
        <time>2026-07-24T12:12:18.000Z</time>
        <extensions>
          <ns3:TrackPointExtension>
            <ns3:hr>170</ns3:hr>
            <ns3:cad>85</ns3:cad>
          </ns3:TrackPointExtension>
        </extensions>
      </trkpt>
      <trkpt lat="29.995004273951053619384765625" lon="120.246039927005767822265625">
        <ele>8.80000019073486328125</ele>
        <time>2026-07-24T12:12:19.000Z</time>
        <extensions>
          <ns3:TrackPointExtension>
            <ns3:hr>171</ns3:hr>
            <ns3:cad>85</ns3:cad>
          </ns3:TrackPointExtension>
        </extensions>
      </trkpt>
      <trkpt lat="29.9950262345373630523681640625" lon="120.246048979461193084716796875">
        <ele>8.80000019073486328125</ele>
        <time>2026-07-24T12:12:20.000Z</time>
        <extensions>
          <ns3:TrackPointExtension>
            <ns3:hr>171</ns3:hr>
            <ns3:cad>85</ns3:cad>
          </ns3:TrackPointExtension>
        </extensions>
      </trkpt>
      <trkpt lat="29.9950460158288478851318359375" lon="120.2460511587560176849365234375">
        <ele>8.80000019073486328125</ele>
        <time>2026-07-24T12:12:21.000Z</time>
        <extensions>
          <ns3:TrackPointExtension>
            <ns3:hr>171</ns3:hr>
            <ns3:cad>85</ns3:cad>
          </ns3:TrackPointExtension>
        </extensions>
      </trkpt>
      <trkpt lat="29.99506764113903045654296875" lon="120.24605979211628437042236328125">
        <ele>8.80000019073486328125</ele>
        <time>2026-07-24T12:12:22.000Z</time>
        <extensions>
          <ns3:TrackPointExtension>
            <ns3:hr>170</ns3:hr>
            <ns3:cad>85</ns3:cad>
          </ns3:TrackPointExtension>
        </extensions>
      </trkpt>
      <trkpt lat="29.9950859136879444122314453125" lon="120.24606146849691867828369140625">
        <ele>8.80000019073486328125</ele>
        <time>2026-07-24T12:12:23.000Z</time>
        <extensions>
          <ns3:TrackPointExtension>
            <ns3:hr>171</ns3:hr>
            <ns3:cad>85</ns3:cad>
          </ns3:TrackPointExtension>
        </extensions>
      </trkpt>
      <trkpt lat="29.995110221207141876220703125" lon="120.24606968276202678680419921875">
        <ele>8.80000019073486328125</ele>
        <time>2026-07-24T12:12:24.000Z</time>
        <extensions>
          <ns3:TrackPointExtension>
            <ns3:hr>171</ns3:hr>
            <ns3:cad>86</ns3:cad>
          </ns3:TrackPointExtension>
        </extensions>
      </trkpt>
      <trkpt lat="29.995128326117992401123046875" lon="120.2460742928087711334228515625">
        <ele>8.80000019073486328125</ele>
        <time>2026-07-24T12:12:25.000Z</time>
        <extensions>
          <ns3:TrackPointExtension>
            <ns3:hr>170</ns3:hr>
            <ns3:cad>86</ns3:cad>
          </ns3:TrackPointExtension>
        </extensions>
      </trkpt>
      <trkpt lat="29.99515120871365070343017578125" lon="120.2460806630551815032958984375">
        <ele>9</ele>
        <time>2026-07-24T12:12:26.000Z</time>
        <extensions>
          <ns3:TrackPointExtension>
            <ns3:hr>171</ns3:hr>
            <ns3:cad>86</ns3:cad>
          </ns3:TrackPointExtension>
        </extensions>
      </trkpt>
      <trkpt lat="29.99517065472900867462158203125" lon="120.2460833452641963958740234375">
        <ele>9</ele>
        <time>2026-07-24T12:12:27.000Z</time>
        <extensions>
          <ns3:TrackPointExtension>
            <ns3:hr>171</ns3:hr>
            <ns3:cad>86</ns3:cad>
          </ns3:TrackPointExtension>
        </extensions>
      </trkpt>
      <trkpt lat="29.9951921962201595306396484375" lon="120.24608175270259380340576171875">
        <ele>9</ele>
        <time>2026-07-24T12:12:28.000Z</time>
        <extensions>
          <ns3:TrackPointExtension>
            <ns3:hr>171</ns3:hr>
            <ns3:cad>86</ns3:cad>
          </ns3:TrackPointExtension>
        </extensions>
      </trkpt>
      <trkpt lat="29.99521541409194469451904296875" lon="120.24608728475868701934814453125">
        <ele>9</ele>
        <time>2026-07-24T12:12:29.000Z</time>
        <extensions>
          <ns3:TrackPointExtension>
            <ns3:hr>171</ns3:hr>
            <ns3:cad>86</ns3:cad>
          </ns3:TrackPointExtension>
        </extensions>
      </trkpt>
      <trkpt lat="29.995235614478588104248046875" lon="120.246088206768035888671875">
        <ele>9</ele>
        <time>2026-07-24T12:12:30.000Z</time>
        <extensions>
          <ns3:TrackPointExtension>
            <ns3:hr>171</ns3:hr>
            <ns3:cad>86</ns3:cad>
          </ns3:TrackPointExtension>
        </extensions>
      </trkpt>
      <trkpt lat="29.99525899998843669891357421875" lon="120.24609382264316082000732421875">
        <ele>9</ele>
        <time>2026-07-24T12:12:31.000Z</time>
        <extensions>
          <ns3:TrackPointExtension>
            <ns3:hr>172</ns3:hr>
            <ns3:cad>85</ns3:cad>
          </ns3:TrackPointExtension>
        </extensions>
      </trkpt>
      <trkpt lat="29.99527609907090663909912109375" lon="120.24609901942312717437744140625">
        <ele>8.80000019073486328125</ele>
        <time>2026-07-24T12:12:32.000Z</time>
        <extensions>
          <ns3:TrackPointExtension>
            <ns3:hr>172</ns3:hr>
            <ns3:cad>85</ns3:cad>
          </ns3:TrackPointExtension>
        </extensions>
      </trkpt>
      <trkpt lat="29.99529898166656494140625" lon="120.2461054734885692596435546875">
        <ele>8.80000019073486328125</ele>
        <time>2026-07-24T12:12:33.000Z</time>
        <extensions>
          <ns3:TrackPointExtension>
            <ns3:hr>172</ns3:hr>
            <ns3:cad>86</ns3:cad>
          </ns3:TrackPointExtension>
        </extensions>
      </trkpt>
      <trkpt lat="29.99531951732933521270751953125" lon="120.246109329164028167724609375">
        <ele>8.80000019073486328125</ele>
        <time>2026-07-24T12:12:34.000Z</time>
        <extensions>
          <ns3:TrackPointExtension>
            <ns3:hr>172</ns3:hr>
            <ns3:cad>86</ns3:cad>
          </ns3:TrackPointExtension>
        </extensions>
      </trkpt>
      <trkpt lat="29.99534114263951778411865234375" lon="120.246109999716281890869140625">
        <ele>8.80000019073486328125</ele>
        <time>2026-07-24T12:12:35.000Z</time>
        <extensions>
          <ns3:TrackPointExtension>
            <ns3:hr>173</ns3:hr>
            <ns3:cad>86</ns3:cad>
          </ns3:TrackPointExtension>
        </extensions>
      </trkpt>
      <trkpt lat="29.99536260031163692474365234375" lon="120.2461158670485019683837890625">
        <ele>8.80000019073486328125</ele>
        <time>2026-07-24T12:12:36.000Z</time>
        <extensions>
          <ns3:TrackPointExtension>
            <ns3:hr>173</ns3:hr>
            <ns3:cad>86</ns3:cad>
          </ns3:TrackPointExtension>
        </extensions>
      </trkpt>
      <trkpt lat="29.9953796155750751495361328125" lon="120.24611360393464565277099609375">
        <ele>8.80000019073486328125</ele>
        <time>2026-07-24T12:12:37.000Z</time>
        <extensions>
          <ns3:TrackPointExtension>
            <ns3:hr>174</ns3:hr>
            <ns3:cad>86</ns3:cad>
          </ns3:TrackPointExtension>
        </extensions>
      </trkpt>
      <trkpt lat="29.99540115706622600555419921875" lon="120.24611645378172397613525390625">
        <ele>8.80000019073486328125</ele>
        <time>2026-07-24T12:12:38.000Z</time>
        <extensions>
          <ns3:TrackPointExtension>
            <ns3:hr>174</ns3:hr>
            <ns3:cad>86</ns3:cad>
          </ns3:TrackPointExtension>
        </extensions>
      </trkpt>
      <trkpt lat="29.9954154901206493377685546875" lon="120.24611712433397769927978515625">
        <ele>8.80000019073486328125</ele>
        <time>2026-07-24T12:12:39.000Z</time>
        <extensions>
          <ns3:TrackPointExtension>
            <ns3:hr>175</ns3:hr>
            <ns3:cad>87</ns3:cad>
          </ns3:TrackPointExtension>
        </extensions>
      </trkpt>
      <trkpt lat="29.99544004909694194793701171875" lon="120.246120728552341461181640625">
        <ele>8.80000019073486328125</ele>
        <time>2026-07-24T12:12:40.000Z</time>
        <extensions>
          <ns3:TrackPointExtension>
            <ns3:hr>175</ns3:hr>
            <ns3:cad>87</ns3:cad>
          </ns3:TrackPointExtension>
        </extensions>
      </trkpt>
      <trkpt lat="29.99545798636972904205322265625" lon="120.246121399104595184326171875">
        <ele>8.80000019073486328125</ele>
        <time>2026-07-24T12:12:41.000Z</time>
        <extensions>
          <ns3:TrackPointExtension>
            <ns3:hr>175</ns3:hr>
            <ns3:cad>86</ns3:cad>
          </ns3:TrackPointExtension>
        </extensions>
      </trkpt>
      <trkpt lat="29.99548145569860935211181640625" lon="120.24612642824649810791015625">
        <ele>8.80000019073486328125</ele>
        <time>2026-07-24T12:12:42.000Z</time>
        <extensions>
          <ns3:TrackPointExtension>
            <ns3:hr>175</ns3:hr>
            <ns3:cad>86</ns3:cad>
          </ns3:TrackPointExtension>
        </extensions>
      </trkpt>
      <trkpt lat="29.99550207518041133880615234375" lon="120.2461343072354793548583984375">
        <ele>8.80000019073486328125</ele>
        <time>2026-07-24T12:12:43.000Z</time>
        <extensions>
          <ns3:TrackPointExtension>
            <ns3:hr>175</ns3:hr>
            <ns3:cad>86</ns3:cad>
          </ns3:TrackPointExtension>
        </extensions>
      </trkpt>
      <trkpt lat="29.9955221079289913177490234375" lon="120.246136821806430816650390625">
        <ele>8.80000019073486328125</ele>
        <time>2026-07-24T12:12:44.000Z</time>
        <extensions>
          <ns3:TrackPointExtension>
            <ns3:hr>175</ns3:hr>
            <ns3:cad>86</ns3:cad>
          </ns3:TrackPointExtension>
        </extensions>
      </trkpt>
      <trkpt lat="29.99554633162915706634521484375" lon="120.24614377878606319427490234375">
        <ele>8.80000019073486328125</ele>
        <time>2026-07-24T12:12:45.000Z</time>
        <extensions>
          <ns3:TrackPointExtension>
            <ns3:hr>175</ns3:hr>
            <ns3:cad>86</ns3:cad>
          </ns3:TrackPointExtension>
        </extensions>
      </trkpt>
      <trkpt lat="29.99556393362581729888916015625" lon="120.24614654481410980224609375">
        <ele>8.80000019073486328125</ele>
        <time>2026-07-24T12:12:46.000Z</time>
        <extensions>
          <ns3:TrackPointExtension>
            <ns3:hr>175</ns3:hr>
            <ns3:cad>86</ns3:cad>
          </ns3:TrackPointExtension>
        </extensions>
      </trkpt>
      <trkpt lat="29.99558941461145877838134765625" lon="120.2461547590792179107666015625">
        <ele>8.80000019073486328125</ele>
        <time>2026-07-24T12:12:47.000Z</time>
        <extensions>
          <ns3:TrackPointExtension>
            <ns3:hr>175</ns3:hr>
            <ns3:cad>86</ns3:cad>
          </ns3:TrackPointExtension>
        </extensions>
      </trkpt>
      <trkpt lat="29.995607100427150726318359375" lon="120.24616037495434284210205078125">
        <ele>8.80000019073486328125</ele>
        <time>2026-07-24T12:12:48.000Z</time>
        <extensions>
          <ns3:TrackPointExtension>
            <ns3:hr>175</ns3:hr>
            <ns3:cad>86</ns3:cad>
          </ns3:TrackPointExtension>
        </extensions>
      </trkpt>
      <trkpt lat="29.99562176875770092010498046875" lon="120.24616020731627941131591796875">
        <ele>8.80000019073486328125</ele>
        <time>2026-07-24T12:12:49.000Z</time>
        <extensions>
          <ns3:TrackPointExtension>
            <ns3:hr>174</ns3:hr>
            <ns3:cad>86</ns3:cad>
          </ns3:TrackPointExtension>
        </extensions>
      </trkpt>
      <trkpt lat="29.99564423225820064544677734375" lon="120.24615886621177196502685546875">
        <ele>8.80000019073486328125</ele>
        <time>2026-07-24T12:12:50.000Z</time>
        <extensions>
          <ns3:TrackPointExtension>
            <ns3:hr>174</ns3:hr>
            <ns3:cad>85</ns3:cad>
          </ns3:TrackPointExtension>
        </extensions>
      </trkpt>
      <trkpt lat="29.9956570565700531005859375" lon="120.24615098722279071807861328125">
        <ele>8.80000019073486328125</ele>
        <time>2026-07-24T12:12:51.000Z</time>
        <extensions>
          <ns3:TrackPointExtension>
            <ns3:hr>173</ns3:hr>
            <ns3:cad>85</ns3:cad>
          </ns3:TrackPointExtension>
        </extensions>
      </trkpt>
      <trkpt lat="29.99568295665085315704345703125" lon="120.24614646099507808685302734375">
        <ele>8.80000019073486328125</ele>
        <time>2026-07-24T12:12:52.000Z</time>
        <extensions>
          <ns3:TrackPointExtension>
            <ns3:hr>173</ns3:hr>
            <ns3:cad>85</ns3:cad>
          </ns3:TrackPointExtension>
        </extensions>
      </trkpt>
      <trkpt lat="29.9957053363323211669921875" lon="120.24613992311060428619384765625">
        <ele>8.80000019073486328125</ele>
        <time>2026-07-24T12:12:53.000Z</time>
        <extensions>
          <ns3:TrackPointExtension>
            <ns3:hr>173</ns3:hr>
            <ns3:cad>84</ns3:cad>
          </ns3:TrackPointExtension>
        </extensions>
      </trkpt>
      <trkpt lat="29.99571740627288818359375" lon="120.24612885899841785430908203125">
        <ele>8.80000019073486328125</ele>
        <time>2026-07-24T12:12:54.000Z</time>
        <extensions>
          <ns3:TrackPointExtension>
            <ns3:hr>172</ns3:hr>
            <ns3:cad>83</ns3:cad>
          </ns3:TrackPointExtension>
        </extensions>
      </trkpt>
      <trkpt lat="29.99573626555502414703369140625" lon="120.2461048029363155364990234375">
        <ele>8.6000003814697265625</ele>
        <time>2026-07-24T12:12:55.000Z</time>
        <extensions>
          <ns3:TrackPointExtension>
            <ns3:hr>172</ns3:hr>
            <ns3:cad>83</ns3:cad>
          </ns3:TrackPointExtension>
        </extensions>
      </trkpt>
      <trkpt lat="29.995748586952686309814453125" lon="120.24609080515801906585693359375">
        <ele>8.6000003814697265625</ele>
        <time>2026-07-24T12:12:56.000Z</time>
        <extensions>
          <ns3:TrackPointExtension>
            <ns3:hr>172</ns3:hr>
            <ns3:cad>82</ns3:cad>
          </ns3:TrackPointExtension>
        </extensions>
      </trkpt>
      <trkpt lat="29.99575160443782806396484375" lon="120.24606683291494846343994140625">
        <ele>8.6000003814697265625</ele>
        <time>2026-07-24T12:12:57.000Z</time>
        <extensions>
          <ns3:TrackPointExtension>
            <ns3:hr>173</ns3:hr>
            <ns3:cad>82</ns3:cad>
          </ns3:TrackPointExtension>
        </extensions>
      </trkpt>
      <trkpt lat="29.99575302936136722564697265625" lon="120.246041603386402130126953125">
        <ele>8.3999996185302734375</ele>
        <time>2026-07-24T12:12:58.000Z</time>
        <extensions>
          <ns3:TrackPointExtension>
            <ns3:hr>172</ns3:hr>
            <ns3:cad>82</ns3:cad>
          </ns3:TrackPointExtension>
        </extensions>
      </trkpt>
      <trkpt lat="29.995745904743671417236328125" lon="120.24602978490293025970458984375">
        <ele>8.3999996185302734375</ele>
        <time>2026-07-24T12:12:59.000Z</time>
        <extensions>
          <ns3:TrackPointExtension>
            <ns3:hr>173</ns3:hr>
            <ns3:cad>82</ns3:cad>
          </ns3:TrackPointExtension>
        </extensions>
      </trkpt>
      <trkpt lat="29.99574624001979827880859375" lon="120.24602039717137813568115234375">
        <ele>8.6000003814697265625</ele>
        <time>2026-07-24T12:13:00.000Z</time>
        <extensions>
          <ns3:TrackPointExtension>
            <ns3:hr>173</ns3:hr>
            <ns3:cad>82</ns3:cad>
          </ns3:TrackPointExtension>
        </extensions>
      </trkpt>
      <trkpt lat="29.99575068242847919464111328125" lon="120.24601536802947521209716796875">
        <ele>8.6000003814697265625</ele>
        <time>2026-07-24T12:13:01.000Z</time>
        <extensions>
          <ns3:TrackPointExtension>
            <ns3:hr>173</ns3:hr>
            <ns3:cad>82</ns3:cad>
          </ns3:TrackPointExtension>
        </extensions>
      </trkpt>
      <trkpt lat="29.9957494251430034637451171875" lon="120.24599642492830753326416015625">
        <ele>8.6000003814697265625</ele>
        <time>2026-07-24T12:13:02.000Z</time>
        <extensions>
          <ns3:TrackPointExtension>
            <ns3:hr>173</ns3:hr>
            <ns3:cad>83</ns3:cad>
          </ns3:TrackPointExtension>
        </extensions>
      </trkpt>
      <trkpt lat="29.99575420282781124114990234375" lon="120.2459670044481754302978515625">
        <ele>8.6000003814697265625</ele>
        <time>2026-07-24T12:13:03.000Z</time>
        <extensions>
          <ns3:TrackPointExtension>
            <ns3:hr>173</ns3:hr>
            <ns3:cad>83</ns3:cad>
          </ns3:TrackPointExtension>
        </extensions>
      </trkpt>
      <trkpt lat="29.9957571364939212799072265625" lon="120.24594646878540515899658203125">
        <ele>8.6000003814697265625</ele>
        <time>2026-07-24T12:13:04.000Z</time>
        <extensions>
          <ns3:TrackPointExtension>
            <ns3:hr>172</ns3:hr>
            <ns3:cad>82</ns3:cad>
          </ns3:TrackPointExtension>
        </extensions>
      </trkpt>
      <trkpt lat="29.99575001187622547149658203125" lon="120.24592216126620769500732421875">
        <ele>8.6000003814697265625</ele>
        <time>2026-07-24T12:13:05.000Z</time>
        <extensions>
          <ns3:TrackPointExtension>
            <ns3:hr>172</ns3:hr>
            <ns3:cad>82</ns3:cad>
          </ns3:TrackPointExtension>
        </extensions>
      </trkpt>
      <trkpt lat="29.99573886394500732421875" lon="120.245896093547344207763671875">
        <ele>8.6000003814697265625</ele>
        <time>2026-07-24T12:13:06.000Z</time>
        <extensions>
          <ns3:TrackPointExtension>
            <ns3:hr>172</ns3:hr>
            <ns3:cad>82</ns3:cad>
          </ns3:TrackPointExtension>
        </extensions>
      </trkpt>
      <trkpt lat="29.99572478234767913818359375" lon="120.245879329741001129150390625">
        <ele>8.3999996185302734375</ele>
        <time>2026-07-24T12:13:07.000Z</time>
        <extensions>
          <ns3:TrackPointExtension>
            <ns3:hr>172</ns3:hr>
            <ns3:cad>82</ns3:cad>
          </ns3:TrackPointExtension>
        </extensions>
      </trkpt>
      <trkpt lat="29.99570173211395740509033203125" lon="120.24585929699242115020751953125">
        <ele>8.3999996185302734375</ele>
        <time>2026-07-24T12:13:08.000Z</time>
        <extensions>
          <ns3:TrackPointExtension>
            <ns3:hr>172</ns3:hr>
            <ns3:cad>82</ns3:cad>
          </ns3:TrackPointExtension>
        </extensions>
      </trkpt>
      <trkpt lat="29.9956873990595340728759765625" lon="120.24584974162280559539794921875">
        <ele>8.3999996185302734375</ele>
        <time>2026-07-24T12:13:09.000Z</time>
        <extensions>
          <ns3:TrackPointExtension>
            <ns3:hr>171</ns3:hr>
            <ns3:cad>82</ns3:cad>
          </ns3:TrackPointExtension>
        </extensions>
      </trkpt>
      <trkpt lat="29.99566585756838321685791015625" lon="120.24584211409091949462890625">
        <ele>8.3999996185302734375</ele>
        <time>2026-07-24T12:13:10.000Z</time>
        <extensions>
          <ns3:TrackPointExtension>
            <ns3:hr>171</ns3:hr>
            <ns3:cad>82</ns3:cad>
          </ns3:TrackPointExtension>
        </extensions>
      </trkpt>
      <trkpt lat="29.9956444837152957916259765625" lon="120.24583415128290653228759765625">
        <ele>8.3999996185302734375</ele>
        <time>2026-07-24T12:13:11.000Z</time>
        <extensions>
          <ns3:TrackPointExtension>
            <ns3:hr>171</ns3:hr>
            <ns3:cad>82</ns3:cad>
          </ns3:TrackPointExtension>
        </extensions>
      </trkpt>
      <trkpt lat="29.99562495388090610504150390625" lon="120.2458305470645427703857421875">
        <ele>8.6000003814697265625</ele>
        <time>2026-07-24T12:13:12.000Z</time>
        <extensions>
          <ns3:TrackPointExtension>
            <ns3:hr>171</ns3:hr>
            <ns3:cad>83</ns3:cad>
          </ns3:TrackPointExtension>
        </extensions>
      </trkpt>
      <trkpt lat="29.99559964053332805633544921875" lon="120.245823673903942108154296875">
        <ele>8.6000003814697265625</ele>
        <time>2026-07-24T12:13:13.000Z</time>
        <extensions>
          <ns3:TrackPointExtension>
            <ns3:hr>171</ns3:hr>
            <ns3:cad>84</ns3:cad>
          </ns3:TrackPointExtension>
        </extensions>
      </trkpt>
      <trkpt lat="29.99558572657406330108642578125" lon="120.24581822566688060760498046875">
        <ele>8.6000003814697265625</ele>
        <time>2026-07-24T12:13:14.000Z</time>
        <extensions>
          <ns3:TrackPointExtension>
            <ns3:hr>171</ns3:hr>
            <ns3:cad>84</ns3:cad>
          </ns3:TrackPointExtension>
        </extensions>
      </trkpt>
      <trkpt lat="29.99556544236838817596435546875" lon="120.24581369943916797637939453125">
        <ele>8.6000003814697265625</ele>
        <time>2026-07-24T12:13:15.000Z</time>
        <extensions>
          <ns3:TrackPointExtension>
            <ns3:hr>171</ns3:hr>
            <ns3:cad>84</ns3:cad>
          </ns3:TrackPointExtension>
        </extensions>
      </trkpt>
      <trkpt lat="29.9955445714294910430908203125" lon="120.245807580649852752685546875">
        <ele>8.80000019073486328125</ele>
        <time>2026-07-24T12:13:16.000Z</time>
        <extensions>
          <ns3:TrackPointExtension>
            <ns3:hr>171</ns3:hr>
            <ns3:cad>84</ns3:cad>
          </ns3:TrackPointExtension>
        </extensions>
      </trkpt>
      <trkpt lat="29.99552629888057708740234375" lon="120.245808921754360198974609375">
        <ele>8.80000019073486328125</ele>
        <time>2026-07-24T12:13:17.000Z</time>
        <extensions>
          <ns3:TrackPointExtension>
            <ns3:hr>172</ns3:hr>
            <ns3:cad>83</ns3:cad>
          </ns3:TrackPointExtension>
        </extensions>
      </trkpt>
      <trkpt lat="29.99550073407590389251708984375" lon="120.24579995311796665191650390625">
        <ele>8.80000019073486328125</ele>
        <time>2026-07-24T12:13:18.000Z</time>
        <extensions>
          <ns3:TrackPointExtension>
            <ns3:hr>172</ns3:hr>
            <ns3:cad>83</ns3:cad>
          </ns3:TrackPointExtension>
        </extensions>
      </trkpt>
      <trkpt lat="29.9954875744879245758056640625" lon="120.245797522366046905517578125">
        <ele>8.80000019073486328125</ele>
        <time>2026-07-24T12:13:19.000Z</time>
        <extensions>
          <ns3:TrackPointExtension>
            <ns3:hr>172</ns3:hr>
            <ns3:cad>84</ns3:cad>
          </ns3:TrackPointExtension>
        </extensions>
      </trkpt>
      <trkpt lat="29.9954617582261562347412109375" lon="120.24579140357673168182373046875">
        <ele>8.80000019073486328125</ele>
        <time>2026-07-24T12:13:20.000Z</time>
        <extensions>
          <ns3:TrackPointExtension>
            <ns3:hr>172</ns3:hr>
            <ns3:cad>84</ns3:cad>
          </ns3:TrackPointExtension>
        </extensions>
      </trkpt>
      <trkpt lat="29.995440803468227386474609375" lon="120.2457886375486850738525390625">
        <ele>8.80000019073486328125</ele>
        <time>2026-07-24T12:13:21.000Z</time>
        <extensions>
          <ns3:TrackPointExtension>
            <ns3:hr>172</ns3:hr>
            <ns3:cad>85</ns3:cad>
          </ns3:TrackPointExtension>
        </extensions>
      </trkpt>
      <trkpt lat="29.99542093835771083831787109375" lon="120.245787799358367919921875">
        <ele>8.80000019073486328125</ele>
        <time>2026-07-24T12:13:22.000Z</time>
        <extensions>
          <ns3:TrackPointExtension>
            <ns3:hr>171</ns3:hr>
            <ns3:cad>85</ns3:cad>
          </ns3:TrackPointExtension>
        </extensions>
      </trkpt>
      <trkpt lat="29.99539763666689395904541015625" lon="120.2457809261977672576904296875">
        <ele>9</ele>
        <time>2026-07-24T12:13:23.000Z</time>
        <extensions>
          <ns3:TrackPointExtension>
            <ns3:hr>172</ns3:hr>
            <ns3:cad>85</ns3:cad>
          </ns3:TrackPointExtension>
        </extensions>
      </trkpt>
      <trkpt lat="29.995381794869899749755859375" lon="120.2457784116268157958984375">
        <ele>9</ele>
        <time>2026-07-24T12:13:24.000Z</time>
        <extensions>
          <ns3:TrackPointExtension>
            <ns3:hr>172</ns3:hr>
            <ns3:cad>85</ns3:cad>
          </ns3:TrackPointExtension>
        </extensions>
      </trkpt>
      <trkpt lat="29.99535840936005115509033203125" lon="120.245769023895263671875">
        <ele>9</ele>
        <time>2026-07-24T12:13:25.000Z</time>
        <extensions>
          <ns3:TrackPointExtension>
            <ns3:hr>172</ns3:hr>
            <ns3:cad>85</ns3:cad>
          </ns3:TrackPointExtension>
        </extensions>
      </trkpt>
      <trkpt lat="29.99534080736339092254638671875" lon="120.245760977268218994140625">
        <ele>9</ele>
        <time>2026-07-24T12:13:26.000Z</time>
        <extensions>
          <ns3:TrackPointExtension>
            <ns3:hr>172</ns3:hr>
            <ns3:cad>85</ns3:cad>
          </ns3:TrackPointExtension>
        </extensions>
      </trkpt>
      <trkpt lat="29.9953244626522064208984375" lon="120.24575971998274326324462890625">
        <ele>9</ele>
        <time>2026-07-24T12:13:27.000Z</time>
        <extensions>
          <ns3:TrackPointExtension>
            <ns3:hr>172</ns3:hr>
            <ns3:cad>85</ns3:cad>
          </ns3:TrackPointExtension>
        </extensions>
      </trkpt>
      <trkpt lat="29.99530233442783355712890625" lon="120.24575452320277690887451171875">
        <ele>9</ele>
        <time>2026-07-24T12:13:28.000Z</time>
        <extensions>
          <ns3:TrackPointExtension>
            <ns3:hr>172</ns3:hr>
            <ns3:cad>84</ns3:cad>
          </ns3:TrackPointExtension>
        </extensions>
      </trkpt>
      <trkpt lat="29.99528883956372737884521484375" lon="120.24575267918407917022705078125">
        <ele>9</ele>
        <time>2026-07-24T12:13:29.000Z</time>
        <extensions>
          <ns3:TrackPointExtension>
            <ns3:hr>172</ns3:hr>
            <ns3:cad>84</ns3:cad>
          </ns3:TrackPointExtension>
        </extensions>
      </trkpt>
      <trkpt lat="29.99526746571063995361328125" lon="120.2457494102418422698974609375">
        <ele>9.19999980926513671875</ele>
        <time>2026-07-24T12:13:30.000Z</time>
        <extensions>
          <ns3:TrackPointExtension>
            <ns3:hr>172</ns3:hr>
            <ns3:cad>84</ns3:cad>
          </ns3:TrackPointExtension>
        </extensions>
      </trkpt>
      <trkpt lat="29.9952491931617259979248046875" lon="120.245744884014129638671875">
        <ele>9.19999980926513671875</ele>
        <time>2026-07-24T12:13:31.000Z</time>
        <extensions>
          <ns3:TrackPointExtension>
            <ns3:hr>172</ns3:hr>
            <ns3:cad>84</ns3:cad>
          </ns3:TrackPointExtension>
        </extensions>
      </trkpt>
      <trkpt lat="29.9952260591089725494384765625" lon="120.2457450516521930694580078125">
        <ele>9.19999980926513671875</ele>
        <time>2026-07-24T12:13:32.000Z</time>
        <extensions>
          <ns3:TrackPointExtension>
            <ns3:hr>172</ns3:hr>
            <ns3:cad>83</ns3:cad>
          </ns3:TrackPointExtension>
        </extensions>
      </trkpt>
      <trkpt lat="29.99520041048526763916015625" lon="120.24574195034801959991455078125">
        <ele>9.19999980926513671875</ele>
        <time>2026-07-24T12:13:33.000Z</time>
        <extensions>
          <ns3:TrackPointExtension>
            <ns3:hr>172</ns3:hr>
            <ns3:cad>83</ns3:cad>
          </ns3:TrackPointExtension>
        </extensions>
      </trkpt>
      <trkpt lat="29.99518725089728832244873046875" lon="120.2457403577864170074462890625">
        <ele>9.19999980926513671875</ele>
        <time>2026-07-24T12:13:34.000Z</time>
        <extensions>
          <ns3:TrackPointExtension>
            <ns3:hr>173</ns3:hr>
            <ns3:cad>83</ns3:cad>
          </ns3:TrackPointExtension>
        </extensions>
      </trkpt>
      <trkpt lat="29.99516009353101253509521484375" lon="120.2457343228161334991455078125">
        <ele>9.19999980926513671875</ele>
        <time>2026-07-24T12:13:35.000Z</time>
        <extensions>
          <ns3:TrackPointExtension>
            <ns3:hr>172</ns3:hr>
            <ns3:cad>83</ns3:cad>
          </ns3:TrackPointExtension>
        </extensions>
      </trkpt>
      <trkpt lat="29.995143413543701171875" lon="120.24572870694100856781005859375">
        <ele>9.19999980926513671875</ele>
        <time>2026-07-24T12:13:36.000Z</time>
        <extensions>
          <ns3:TrackPointExtension>
            <ns3:hr>172</ns3:hr>
            <ns3:cad>83</ns3:cad>
          </ns3:TrackPointExtension>
        </extensions>
      </trkpt>
      <trkpt lat="29.995122961699962615966796875" lon="120.24572686292231082916259765625">
        <ele>9.19999980926513671875</ele>
        <time>2026-07-24T12:13:37.000Z</time>
        <extensions>
          <ns3:TrackPointExtension>
            <ns3:hr>172</ns3:hr>
            <ns3:cad>83</ns3:cad>
          </ns3:TrackPointExtension>
        </extensions>
      </trkpt>
      <trkpt lat="29.9951018393039703369140625" lon="120.24572384543716907501220703125">
        <ele>9.3999996185302734375</ele>
        <time>2026-07-24T12:13:38.000Z</time>
        <extensions>
          <ns3:TrackPointExtension>
            <ns3:hr>171</ns3:hr>
            <ns3:cad>84</ns3:cad>
          </ns3:TrackPointExtension>
        </extensions>
      </trkpt>
      <trkpt lat="29.9950818903744220733642578125" lon="120.245723091065883636474609375">
        <ele>9.3999996185302734375</ele>
        <time>2026-07-24T12:13:39.000Z</time>
        <extensions>
          <ns3:TrackPointExtension>
            <ns3:hr>171</ns3:hr>
            <ns3:cad>85</ns3:cad>
          </ns3:TrackPointExtension>
        </extensions>
      </trkpt>
      <trkpt lat="29.9950574152171611785888671875" lon="120.2457172237336635589599609375">
        <ele>9.3999996185302734375</ele>
        <time>2026-07-24T12:13:40.000Z</time>
        <extensions>
          <ns3:TrackPointExtension>
            <ns3:hr>171</ns3:hr>
            <ns3:cad>85</ns3:cad>
          </ns3:TrackPointExtension>
        </extensions>
      </trkpt>
      <trkpt lat="29.9950406514108180999755859375" lon="120.24571278132498264312744140625">
        <ele>9.3999996185302734375</ele>
        <time>2026-07-24T12:13:41.000Z</time>
        <extensions>
          <ns3:TrackPointExtension>
            <ns3:hr>171</ns3:hr>
            <ns3:cad>85</ns3:cad>
          </ns3:TrackPointExtension>
        </extensions>
      </trkpt>
      <trkpt lat="29.99501667916774749755859375" lon="120.24570691399276256561279296875">
        <ele>9.3999996185302734375</ele>
        <time>2026-07-24T12:13:42.000Z</time>
        <extensions>
          <ns3:TrackPointExtension>
            <ns3:hr>171</ns3:hr>
            <ns3:cad>86</ns3:cad>
          </ns3:TrackPointExtension>
        </extensions>
      </trkpt>
      <trkpt lat="29.994998909533023834228515625" lon="120.24570154957473278045654296875">
        <ele>9.3999996185302734375</ele>
        <time>2026-07-24T12:13:43.000Z</time>
        <extensions>
          <ns3:TrackPointExtension>
            <ns3:hr>171</ns3:hr>
            <ns3:cad>85</ns3:cad>
          </ns3:TrackPointExtension>
        </extensions>
      </trkpt>
      <trkpt lat="29.99497954733669757843017578125" lon="120.24569953791797161102294921875">
        <ele>9.3999996185302734375</ele>
        <time>2026-07-24T12:13:44.000Z</time>
        <extensions>
          <ns3:TrackPointExtension>
            <ns3:hr>171</ns3:hr>
            <ns3:cad>85</ns3:cad>
          </ns3:TrackPointExtension>
        </extensions>
      </trkpt>
      <trkpt lat="29.99495624564588069915771484375" lon="120.24569216184318065643310546875">
        <ele>9.3999996185302734375</ele>
        <time>2026-07-24T12:13:45.000Z</time>
        <extensions>
          <ns3:TrackPointExtension>
            <ns3:hr>170</ns3:hr>
            <ns3:cad>85</ns3:cad>
          </ns3:TrackPointExtension>
        </extensions>
      </trkpt>
      <trkpt lat="29.99493755400180816650390625" lon="120.245693586766719818115234375">
        <ele>9.3999996185302734375</ele>
        <time>2026-07-24T12:13:46.000Z</time>
        <extensions>
          <ns3:TrackPointExtension>
            <ns3:hr>170</ns3:hr>
            <ns3:cad>85</ns3:cad>
          </ns3:TrackPointExtension>
        </extensions>
      </trkpt>
      <trkpt lat="29.99491299502551555633544921875" lon="120.24569115601480007171630859375">
        <ele>9.3999996185302734375</ele>
        <time>2026-07-24T12:13:47.000Z</time>
        <extensions>
          <ns3:TrackPointExtension>
            <ns3:hr>170</ns3:hr>
            <ns3:cad>85</ns3:cad>
          </ns3:TrackPointExtension>
        </extensions>
      </trkpt>
      <trkpt lat="29.9948966503143310546875" lon="120.24568662978708744049072265625">
        <ele>9.3999996185302734375</ele>
        <time>2026-07-24T12:13:48.000Z</time>
        <extensions>
          <ns3:TrackPointExtension>
            <ns3:hr>169</ns3:hr>
            <ns3:cad>85</ns3:cad>
          </ns3:TrackPointExtension>
        </extensions>
      </trkpt>
      <trkpt lat="29.99487225897610187530517578125" lon="120.24568227119743824005126953125">
        <ele>9.3999996185302734375</ele>
        <time>2026-07-24T12:13:49.000Z</time>
        <extensions>
          <ns3:TrackPointExtension>
            <ns3:hr>169</ns3:hr>
            <ns3:cad>85</ns3:cad>
          </ns3:TrackPointExtension>
        </extensions>
      </trkpt>
      <trkpt lat="29.99484962783753871917724609375" lon="120.24567757733166217803955078125">
        <ele>9.6000003814697265625</ele>
        <time>2026-07-24T12:13:50.000Z</time>
        <extensions>
          <ns3:TrackPointExtension>
            <ns3:hr>169</ns3:hr>
            <ns3:cad>85</ns3:cad>
          </ns3:TrackPointExtension>
        </extensions>
      </trkpt>
      <trkpt lat="29.99482900835573673248291015625" lon="120.2456783317029476165771484375">
        <ele>9.6000003814697265625</ele>
        <time>2026-07-24T12:13:51.000Z</time>
        <extensions>
          <ns3:TrackPointExtension>
            <ns3:hr>169</ns3:hr>
            <ns3:cad>85</ns3:cad>
          </ns3:TrackPointExtension>
        </extensions>
      </trkpt>
      <trkpt lat="29.99480319209396839141845703125" lon="120.24567673914134502410888671875">
        <ele>9.6000003814697265625</ele>
        <time>2026-07-24T12:13:52.000Z</time>
        <extensions>
          <ns3:TrackPointExtension>
            <ns3:hr>169</ns3:hr>
            <ns3:cad>85</ns3:cad>
          </ns3:TrackPointExtension>
        </extensions>
      </trkpt>
      <trkpt lat="29.994786344468593597412109375" lon="120.24567908607423305511474609375">
        <ele>9.6000003814697265625</ele>
        <time>2026-07-24T12:13:53.000Z</time>
        <extensions>
          <ns3:TrackPointExtension>
            <ns3:hr>169</ns3:hr>
            <ns3:cad>85</ns3:cad>
          </ns3:TrackPointExtension>
        </extensions>
      </trkpt>
      <trkpt lat="29.9947633780539035797119140625" lon="120.2456796728074550628662109375">
        <ele>9.6000003814697265625</ele>
        <time>2026-07-24T12:13:54.000Z</time>
        <extensions>
          <ns3:TrackPointExtension>
            <ns3:hr>169</ns3:hr>
            <ns3:cad>86</ns3:cad>
          </ns3:TrackPointExtension>
        </extensions>
      </trkpt>
      <trkpt lat="29.994746111333370208740234375" lon="120.24567808024585247039794921875">
        <ele>9.6000003814697265625</ele>
        <time>2026-07-24T12:13:55.000Z</time>
        <extensions>
          <ns3:TrackPointExtension>
            <ns3:hr>169</ns3:hr>
            <ns3:cad>86</ns3:cad>
          </ns3:TrackPointExtension>
        </extensions>
      </trkpt>
      <trkpt lat="29.99472741968929767608642578125" lon="120.24567992426455020904541015625">
        <ele>9.6000003814697265625</ele>
        <time>2026-07-24T12:13:56.000Z</time>
        <extensions>
          <ns3:TrackPointExtension>
            <ns3:hr>168</ns3:hr>
            <ns3:cad>85</ns3:cad>
          </ns3:TrackPointExtension>
        </extensions>
      </trkpt>
      <trkpt lat="29.99470512382686138153076171875" lon="120.24567590095102787017822265625">
        <ele>9.6000003814697265625</ele>
        <time>2026-07-24T12:13:57.000Z</time>
        <extensions>
          <ns3:TrackPointExtension>
            <ns3:hr>169</ns3:hr>
            <ns3:cad>84</ns3:cad>
          </ns3:TrackPointExtension>
        </extensions>
      </trkpt>
      <trkpt lat="29.99469255097210407257080078125" lon="120.24567254818975925445556640625">
        <ele>9.6000003814697265625</ele>
        <time>2026-07-24T12:13:58.000Z</time>
        <extensions>
          <ns3:TrackPointExtension>
            <ns3:hr>169</ns3:hr>
            <ns3:cad>84</ns3:cad>
          </ns3:TrackPointExtension>
        </extensions>
      </trkpt>
      <trkpt lat="29.9946715123951435089111328125" lon="120.24566634558141231536865234375">
        <ele>9.6000003814697265625</ele>
        <time>2026-07-24T12:13:59.000Z</time>
        <extensions>
          <ns3:TrackPointExtension>
            <ns3:hr>169</ns3:hr>
            <ns3:cad>84</ns3:cad>
          </ns3:TrackPointExtension>
        </extensions>
      </trkpt>
      <trkpt lat="29.99465349130332469940185546875" lon="120.24566014297306537628173828125">
        <ele>9.6000003814697265625</ele>
        <time>2026-07-24T12:14:00.000Z</time>
        <extensions>
          <ns3:TrackPointExtension>
            <ns3:hr>169</ns3:hr>
            <ns3:cad>84</ns3:cad>
          </ns3:TrackPointExtension>
        </extensions>
      </trkpt>
      <trkpt lat="29.99463572166860103607177734375" lon="120.245658047497272491455078125">
        <ele>9.6000003814697265625</ele>
        <time>2026-07-24T12:14:01.000Z</time>
        <extensions>
          <ns3:TrackPointExtension>
            <ns3:hr>170</ns3:hr>
            <ns3:cad>83</ns3:cad>
          </ns3:TrackPointExtension>
        </extensions>
      </trkpt>
      <trkpt lat="29.99461837112903594970703125" lon="120.24564689956605434417724609375">
        <ele>9.6000003814697265625</ele>
        <time>2026-07-24T12:14:02.000Z</time>
        <extensions>
          <ns3:TrackPointExtension>
            <ns3:hr>170</ns3:hr>
            <ns3:cad>83</ns3:cad>
          </ns3:TrackPointExtension>
        </extensions>
      </trkpt>
      <trkpt lat="29.9946047924458980560302734375" lon="120.2456437982618808746337890625">
        <ele>9.6000003814697265625</ele>
        <time>2026-07-24T12:14:03.000Z</time>
        <extensions>
          <ns3:TrackPointExtension>
            <ns3:hr>171</ns3:hr>
            <ns3:cad>84</ns3:cad>
          </ns3:TrackPointExtension>
        </extensions>
      </trkpt>
      <trkpt lat="29.99458593316376209259033203125" lon="120.24563147686421871185302734375">
        <ele>9.80000019073486328125</ele>
        <time>2026-07-24T12:14:04.000Z</time>
        <extensions>
          <ns3:TrackPointExtension>
            <ns3:hr>172</ns3:hr>
            <ns3:cad>84</ns3:cad>
          </ns3:TrackPointExtension>
        </extensions>
      </trkpt>
      <trkpt lat="29.99456950463354587554931640625" lon="120.24561806581914424896240234375">
        <ele>9.80000019073486328125</ele>
        <time>2026-07-24T12:14:05.000Z</time>
        <extensions>
          <ns3:TrackPointExtension>
            <ns3:hr>172</ns3:hr>
            <ns3:cad>84</ns3:cad>
          </ns3:TrackPointExtension>
        </extensions>
      </trkpt>
      <trkpt lat="29.99454737640917301177978515625" lon="120.245610773563385009765625">
        <ele>9.80000019073486328125</ele>
        <time>2026-07-24T12:14:06.000Z</time>
        <extensions>
          <ns3:TrackPointExtension>
            <ns3:hr>172</ns3:hr>
            <ns3:cad>84</ns3:cad>
          </ns3:TrackPointExtension>
        </extensions>
      </trkpt>
      <trkpt lat="29.9945249967277050018310546875" lon="120.2455985359847545623779296875">
        <ele>10</ele>
        <time>2026-07-24T12:14:07.000Z</time>
        <extensions>
          <ns3:TrackPointExtension>
            <ns3:hr>172</ns3:hr>
            <ns3:cad>84</ns3:cad>
          </ns3:TrackPointExtension>
        </extensions>
      </trkpt>
      <trkpt lat="29.99450865201652050018310546875" lon="120.24559199810028076171875">
        <ele>10</ele>
        <time>2026-07-24T12:14:08.000Z</time>
        <extensions>
          <ns3:TrackPointExtension>
            <ns3:hr>172</ns3:hr>
            <ns3:cad>84</ns3:cad>
          </ns3:TrackPointExtension>
        </extensions>
      </trkpt>
      <trkpt lat="29.99448736198246479034423828125" lon="120.24558420293033123016357421875">
        <ele>10</ele>
        <time>2026-07-24T12:14:09.000Z</time>
        <extensions>
          <ns3:TrackPointExtension>
            <ns3:hr>172</ns3:hr>
            <ns3:cad>84</ns3:cad>
          </ns3:TrackPointExtension>
        </extensions>
      </trkpt>
      <trkpt lat="29.99447009526193141937255859375" lon="120.24557121098041534423828125">
        <ele>10</ele>
        <time>2026-07-24T12:14:10.000Z</time>
        <extensions>
          <ns3:TrackPointExtension>
            <ns3:hr>172</ns3:hr>
            <ns3:cad>84</ns3:cad>
          </ns3:TrackPointExtension>
        </extensions>
      </trkpt>
      <trkpt lat="29.9944532476365566253662109375" lon="120.2455690316855907440185546875">
        <ele>10.19999980926513671875</ele>
        <time>2026-07-24T12:14:11.000Z</time>
        <extensions>
          <ns3:TrackPointExtension>
            <ns3:hr>172</ns3:hr>
            <ns3:cad>84</ns3:cad>
          </ns3:TrackPointExtension>
        </extensions>
      </trkpt>
      <trkpt lat="29.994426257908344268798828125" lon="120.245561487972736358642578125">
        <ele>10.19999980926513671875</ele>
        <time>2026-07-24T12:14:12.000Z</time>
        <extensions>
          <ns3:TrackPointExtension>
            <ns3:hr>172</ns3:hr>
            <ns3:cad>84</ns3:cad>
          </ns3:TrackPointExtension>
        </extensions>
      </trkpt>
      <trkpt lat="29.99440974555909633636474609375" lon="120.24555939249694347381591796875">
        <ele>10.19999980926513671875</ele>
        <time>2026-07-24T12:14:13.000Z</time>
        <extensions>
          <ns3:TrackPointExtension>
            <ns3:hr>173</ns3:hr>
            <ns3:cad>84</ns3:cad>
          </ns3:TrackPointExtension>
        </extensions>
      </trkpt>
      <trkpt lat="29.99438744969666004180908203125" lon="120.24555285461246967315673828125">
        <ele>10.19999980926513671875</ele>
        <time>2026-07-24T12:14:14.000Z</time>
        <extensions>
          <ns3:TrackPointExtension>
            <ns3:hr>173</ns3:hr>
            <ns3:cad>84</ns3:cad>
          </ns3:TrackPointExtension>
        </extensions>
      </trkpt>
      <trkpt lat="29.99436758458614349365234375" lon="120.2455482445657253265380859375">
        <ele>10.19999980926513671875</ele>
        <time>2026-07-24T12:14:15.000Z</time>
        <extensions>
          <ns3:TrackPointExtension>
            <ns3:hr>173</ns3:hr>
            <ns3:cad>84</ns3:cad>
          </ns3:TrackPointExtension>
        </extensions>
      </trkpt>
      <trkpt lat="29.9943481385707855224609375" lon="120.24554950185120105743408203125">
        <ele>10</ele>
        <time>2026-07-24T12:14:16.000Z</time>
        <extensions>
          <ns3:TrackPointExtension>
            <ns3:hr>172</ns3:hr>
            <ns3:cad>84</ns3:cad>
          </ns3:TrackPointExtension>
        </extensions>
      </trkpt>
      <trkpt lat="29.99432492069900035858154296875" lon="120.245541036128997802734375">
        <ele>10</ele>
        <time>2026-07-24T12:14:17.000Z</time>
        <extensions>
          <ns3:TrackPointExtension>
            <ns3:hr>172</ns3:hr>
            <ns3:cad>84</ns3:cad>
          </ns3:TrackPointExtension>
        </extensions>
      </trkpt>
      <trkpt lat="29.994308911263942718505859375" lon="120.2455318160355091094970703125">
        <ele>10.19999980926513671875</ele>
        <time>2026-07-24T12:14:18.000Z</time>
        <extensions>
          <ns3:TrackPointExtension>
            <ns3:hr>172</ns3:hr>
            <ns3:cad>83</ns3:cad>
          </ns3:TrackPointExtension>
        </extensions>
      </trkpt>
      <trkpt lat="29.99428334645926952362060546875" lon="120.2455190755426883697509765625">
        <ele>10.19999980926513671875</ele>
        <time>2026-07-24T12:14:19.000Z</time>
        <extensions>
          <ns3:TrackPointExtension>
            <ns3:hr>172</ns3:hr>
            <ns3:cad>83</ns3:cad>
          </ns3:TrackPointExtension>
        </extensions>
      </trkpt>
      <trkpt lat="29.9942634813487529754638671875" lon="120.24550952017307281494140625">
        <ele>10.19999980926513671875</ele>
        <time>2026-07-24T12:14:20.000Z</time>
        <extensions>
          <ns3:TrackPointExtension>
            <ns3:hr>171</ns3:hr>
            <ns3:cad>83</ns3:cad>
          </ns3:TrackPointExtension>
        </extensions>
      </trkpt>
      <trkpt lat="29.99424361623823642730712890625" lon="120.24550591595470905303955078125">
        <ele>10.19999980926513671875</ele>
        <time>2026-07-24T12:14:21.000Z</time>
        <extensions>
          <ns3:TrackPointExtension>
            <ns3:hr>171</ns3:hr>
            <ns3:cad>83</ns3:cad>
          </ns3:TrackPointExtension>
        </extensions>
      </trkpt>
      <trkpt lat="29.9942242540419101715087890625" lon="120.245495773851871490478515625">
        <ele>10.19999980926513671875</ele>
        <time>2026-07-24T12:14:22.000Z</time>
        <extensions>
          <ns3:TrackPointExtension>
            <ns3:hr>171</ns3:hr>
            <ns3:cad>84</ns3:cad>
          </ns3:TrackPointExtension>
        </extensions>
      </trkpt>
      <trkpt lat="29.994211681187152862548828125" lon="120.2454882301390171051025390625">
        <ele>10.19999980926513671875</ele>
        <time>2026-07-24T12:14:23.000Z</time>
        <extensions>
          <ns3:TrackPointExtension>
            <ns3:hr>171</ns3:hr>
            <ns3:cad>84</ns3:cad>
          </ns3:TrackPointExtension>
        </extensions>
      </trkpt>
      <trkpt lat="29.99420003034174442291259765625" lon="120.24548144079744815826416015625">
        <ele>10.3999996185302734375</ele>
        <time>2026-07-24T12:14:24.000Z</time>
        <extensions>
          <ns3:TrackPointExtension>
            <ns3:hr>171</ns3:hr>
            <ns3:cad>84</ns3:cad>
          </ns3:TrackPointExtension>
        </extensions>
      </trkpt>
      <trkpt lat="29.9941898882389068603515625" lon="120.24547439999878406524658203125">
        <ele>10.6000003814697265625</ele>
        <time>2026-07-24T12:14:25.000Z</time>
        <extensions>
          <ns3:TrackPointExtension>
            <ns3:hr>171</ns3:hr>
            <ns3:cad>84</ns3:cad>
          </ns3:TrackPointExtension>
        </extensions>
      </trkpt>
      <trkpt lat="29.99418125487864017486572265625" lon="120.245468281209468841552734375">
        <ele>10.80000019073486328125</ele>
        <time>2026-07-24T12:14:26.000Z</time>
        <extensions>
          <ns3:TrackPointExtension>
            <ns3:hr>171</ns3:hr>
            <ns3:cad>84</ns3:cad>
          </ns3:TrackPointExtension>
        </extensions>
      </trkpt>
      <trkpt lat="29.9941711127758026123046875" lon="120.24546400643885135650634765625">
        <ele>10.80000019073486328125</ele>
        <time>2026-07-24T12:14:27.000Z</time>
        <extensions>
          <ns3:TrackPointExtension>
            <ns3:hr>171</ns3:hr>
            <ns3:cad>0</ns3:cad>
          </ns3:TrackPointExtension>
        </extensions>
      </trkpt>
      <trkpt lat="29.99414018355309963226318359375" lon="120.24545562453567981719970703125">
        <ele>10.80000019073486328125</ele>
        <time>2026-07-24T12:14:30.000Z</time>
        <extensions>
          <ns3:TrackPointExtension>
            <ns3:hr>171</ns3:hr>
            <ns3:cad>0</ns3:cad>
          </ns3:TrackPointExtension>
        </extensions>
      </trkpt>
      <trkpt lat="29.9941308796405792236328125" lon="120.2454511821269989013671875">
        <ele>10.80000019073486328125</ele>
        <time>2026-07-24T12:14:31.000Z</time>
        <extensions>
          <ns3:TrackPointExtension>
            <ns3:hr>171</ns3:hr>
            <ns3:cad>0</ns3:cad>
          </ns3:TrackPointExtension>
        </extensions>
      </trkpt>
      <trkpt lat="29.994120486080646514892578125" lon="120.245444811880588531494140625">
        <ele>10.80000019073486328125</ele>
        <time>2026-07-24T12:14:32.000Z</time>
        <extensions>
          <ns3:TrackPointExtension>
            <ns3:hr>171</ns3:hr>
            <ns3:cad>0</ns3:cad>
          </ns3:TrackPointExtension>
        </extensions>
      </trkpt>
    </trkseg>
  </trk>
</gpx>
