<gpx xmlns:ns3="http://www.garmin.com/xmlschemas/TrackPointExtension/v1" xmlns="http://www.topografix.com/GPX/1/1" xmlns:xsi="http://www.w3.org/2001/XMLSchema-instance" xmlns:ns2="http://www.garmin.com/xmlschemas/GpxExtensions/v3" creator="Garmin Connect" version="1.1" xsi:schemaLocation="http://www.topografix.com/GPX/1/1 http://www.topografix.com/GPX/11.xsd">
  <extensions>
<distance>3129.71</distance>
<average_hr>148.0</average_hr>
<average_speed>2.2070000171661377</average_speed>
<start_time>2026-07-25T11:58:31+00:00</start_time>
<end_time>2026-07-25T12:22:09.356000+00:00</end_time>
<moving_time>1416.462</moving_time>
<elapsed_time>1471.205</elapsed_time>
</extensions>
<metadata>
    <link href="connect.garmin.com">
      <text>Garmin Connect</text>
    </link>
    <time>2026-07-25T11:58:31.000Z</time>
  </metadata>
  <trk>
    <name>杭州市 - 恢复</name>
    <type>running</type>
    <trkseg>
      <trkpt lat="29.9886482767760753631591796875" lon="120.23421901278197765350341796875">
        <ele>31.200000762939453125</ele>
        <time>2026-07-25T11:58:31.000Z</time>
        <extensions>
          <ns3:TrackPointExtension>
            <ns3:hr>103</ns3:hr>
            <ns3:cad>0</ns3:cad>
          </ns3:TrackPointExtension>
        </extensions>
      </trkpt>
      <trkpt lat="29.98865288682281970977783203125" lon="120.2342273108661174774169921875">
        <ele>31.200000762939453125</ele>
        <time>2026-07-25T11:58:32.000Z</time>
        <extensions>
          <ns3:TrackPointExtension>
            <ns3:hr>102</ns3:hr>
            <ns3:cad>0</ns3:cad>
          </ns3:TrackPointExtension>
        </extensions>
      </trkpt>
      <trkpt lat="29.9886269867420196533203125" lon="120.23426435887813568115234375">
        <ele>31</ele>
        <time>2026-07-25T11:58:33.000Z</time>
        <extensions>
          <ns3:TrackPointExtension>
            <ns3:hr>102</ns3:hr>
            <ns3:cad>0</ns3:cad>
          </ns3:TrackPointExtension>
        </extensions>
      </trkpt>
      <trkpt lat="29.988637380301952362060546875" lon="120.2342698909342288970947265625">
        <ele>31</ele>
        <time>2026-07-25T11:58:34.000Z</time>
        <extensions>
          <ns3:TrackPointExtension>
            <ns3:hr>101</ns3:hr>
            <ns3:cad>0</ns3:cad>
          </ns3:TrackPointExtension>
        </extensions>
      </trkpt>
      <trkpt lat="29.98863947577774524688720703125" lon="120.23427433334290981292724609375">
        <ele>30.799999237060546875</ele>
        <time>2026-07-25T11:58:35.000Z</time>
        <extensions>
          <ns3:TrackPointExtension>
            <ns3:hr>100</ns3:hr>
            <ns3:cad>0</ns3:cad>
          </ns3:TrackPointExtension>
        </extensions>
      </trkpt>
      <trkpt lat="29.9886489473283290863037109375" lon="120.2342829667031764984130859375">
        <ele>30.799999237060546875</ele>
        <time>2026-07-25T11:58:36.000Z</time>
        <extensions>
          <ns3:TrackPointExtension>
            <ns3:hr>100</ns3:hr>
            <ns3:cad>0</ns3:cad>
          </ns3:TrackPointExtension>
        </extensions>
      </trkpt>
      <trkpt lat="29.98866328038275241851806640625" lon="120.2342851459980010986328125">
        <ele>30.6000003814697265625</ele>
        <time>2026-07-25T11:58:37.000Z</time>
        <extensions>
          <ns3:TrackPointExtension>
            <ns3:hr>99</ns3:hr>
            <ns3:cad>0</ns3:cad>
          </ns3:TrackPointExtension>
        </extensions>
      </trkpt>
      <trkpt lat="29.98866562731564044952392578125" lon="120.23428070358932018280029296875">
        <ele>30.3999996185302734375</ele>
        <time>2026-07-25T11:58:38.000Z</time>
        <extensions>
          <ns3:TrackPointExtension>
            <ns3:hr>99</ns3:hr>
            <ns3:cad>0</ns3:cad>
          </ns3:TrackPointExtension>
        </extensions>
      </trkpt>
      <trkpt lat="29.9886779487133026123046875" lon="120.234291851520538330078125">
        <ele>30.3999996185302734375</ele>
        <time>2026-07-25T11:58:39.000Z</time>
        <extensions>
          <ns3:TrackPointExtension>
            <ns3:hr>99</ns3:hr>
            <ns3:cad>0</ns3:cad>
          </ns3:TrackPointExtension>
        </extensions>
      </trkpt>
      <trkpt lat="29.98868557624518871307373046875" lon="120.2343017421662807464599609375">
        <ele>30.200000762939453125</ele>
        <time>2026-07-25T11:58:40.000Z</time>
        <extensions>
          <ns3:TrackPointExtension>
            <ns3:hr>98</ns3:hr>
            <ns3:cad>0</ns3:cad>
          </ns3:TrackPointExtension>
        </extensions>
      </trkpt>
      <trkpt lat="29.9887032620608806610107421875" lon="120.23431641049683094024658203125">
        <ele>30.200000762939453125</ele>
        <time>2026-07-25T11:58:41.000Z</time>
        <extensions>
          <ns3:TrackPointExtension>
            <ns3:hr>99</ns3:hr>
            <ns3:cad>0</ns3:cad>
          </ns3:TrackPointExtension>
        </extensions>
      </trkpt>
      <trkpt lat="29.98871482908725738525390625" lon="120.2343332581222057342529296875">
        <ele>30.200000762939453125</ele>
        <time>2026-07-25T11:58:42.000Z</time>
        <extensions>
          <ns3:TrackPointExtension>
            <ns3:hr>99</ns3:hr>
            <ns3:cad>0</ns3:cad>
          </ns3:TrackPointExtension>
        </extensions>
      </trkpt>
      <trkpt lat="29.98872245661914348602294921875" lon="120.23434884846210479736328125">
        <ele>30.200000762939453125</ele>
        <time>2026-07-25T11:58:43.000Z</time>
        <extensions>
          <ns3:TrackPointExtension>
            <ns3:hr>99</ns3:hr>
            <ns3:cad>0</ns3:cad>
          </ns3:TrackPointExtension>
        </extensions>
      </trkpt>
      <trkpt lat="29.9887274019420146942138671875" lon="120.23436116985976696014404296875">
        <ele>30.200000762939453125</ele>
        <time>2026-07-25T11:58:44.000Z</time>
        <extensions>
          <ns3:TrackPointExtension>
            <ns3:hr>99</ns3:hr>
            <ns3:cad>0</ns3:cad>
          </ns3:TrackPointExtension>
        </extensions>
      </trkpt>
      <trkpt lat="29.98873285017907619476318359375" lon="120.23437240161001682281494140625">
        <ele>30.200000762939453125</ele>
        <time>2026-07-25T11:58:45.000Z</time>
        <extensions>
          <ns3:TrackPointExtension>
            <ns3:hr>100</ns3:hr>
            <ns3:cad>0</ns3:cad>
          </ns3:TrackPointExtension>
        </extensions>
      </trkpt>
      <trkpt lat="29.9887421540915966033935546875" lon="120.2343899197876453399658203125">
        <ele>30</ele>
        <time>2026-07-25T11:58:46.000Z</time>
        <extensions>
          <ns3:TrackPointExtension>
            <ns3:hr>100</ns3:hr>
            <ns3:cad>63</ns3:cad>
          </ns3:TrackPointExtension>
        </extensions>
      </trkpt>
      <trkpt lat="29.98875095508992671966552734375" lon="120.2344086952507495880126953125">
        <ele>30</ele>
        <time>2026-07-25T11:58:47.000Z</time>
        <extensions>
          <ns3:TrackPointExtension>
            <ns3:hr>99</ns3:hr>
            <ns3:cad>63</ns3:cad>
          </ns3:TrackPointExtension>
        </extensions>
      </trkpt>
      <trkpt lat="29.9887595884501934051513671875" lon="120.2344251237809658050537109375">
        <ele>30</ele>
        <time>2026-07-25T11:58:48.000Z</time>
        <extensions>
          <ns3:TrackPointExtension>
            <ns3:hr>99</ns3:hr>
            <ns3:cad>63</ns3:cad>
          </ns3:TrackPointExtension>
        </extensions>
      </trkpt>
      <trkpt lat="29.988768808543682098388671875" lon="120.2344452403485774993896484375">
        <ele>29.799999237060546875</ele>
        <time>2026-07-25T11:58:49.000Z</time>
        <extensions>
          <ns3:TrackPointExtension>
            <ns3:hr>99</ns3:hr>
            <ns3:cad>63</ns3:cad>
          </ns3:TrackPointExtension>
        </extensions>
      </trkpt>
      <trkpt lat="29.98877920210361480712890625" lon="120.23446359671652317047119140625">
        <ele>29.6000003814697265625</ele>
        <time>2026-07-25T11:58:50.000Z</time>
        <extensions>
          <ns3:TrackPointExtension>
            <ns3:hr>99</ns3:hr>
            <ns3:cad>63</ns3:cad>
          </ns3:TrackPointExtension>
        </extensions>
      </trkpt>
      <trkpt lat="29.98878951184451580047607421875" lon="120.23448471911251544952392578125">
        <ele>29.3999996185302734375</ele>
        <time>2026-07-25T11:58:51.000Z</time>
        <extensions>
          <ns3:TrackPointExtension>
            <ns3:hr>98</ns3:hr>
            <ns3:cad>79</ns3:cad>
          </ns3:TrackPointExtension>
        </extensions>
      </trkpt>
      <trkpt lat="29.9888038448989391326904296875" lon="120.23450718261301517486572265625">
        <ele>29.3999996185302734375</ele>
        <time>2026-07-25T11:58:52.000Z</time>
        <extensions>
          <ns3:TrackPointExtension>
            <ns3:hr>98</ns3:hr>
            <ns3:cad>79</ns3:cad>
          </ns3:TrackPointExtension>
        </extensions>
      </trkpt>
      <trkpt lat="29.9888179264962673187255859375" lon="120.23453065194189548492431640625">
        <ele>29.3999996185302734375</ele>
        <time>2026-07-25T11:58:53.000Z</time>
        <extensions>
          <ns3:TrackPointExtension>
            <ns3:hr>99</ns3:hr>
            <ns3:cad>77</ns3:cad>
          </ns3:TrackPointExtension>
        </extensions>
      </trkpt>
      <trkpt lat="29.989157058298587799072265625" lon="120.23517069406807422637939453125">
        <ele>27.3999996185302734375</ele>
        <time>2026-07-25T11:59:45.000Z</time>
        <extensions>
          <ns3:TrackPointExtension>
            <ns3:hr>88</ns3:hr>
            <ns3:cad>59</ns3:cad>
          </ns3:TrackPointExtension>
        </extensions>
      </trkpt>
      <trkpt lat="29.98916468583047389984130859375" lon="120.23517706431448459625244140625">
        <ele>27.3999996185302734375</ele>
        <time>2026-07-25T11:59:46.000Z</time>
        <extensions>
          <ns3:TrackPointExtension>
            <ns3:hr>87</ns3:hr>
            <ns3:cad>57</ns3:cad>
          </ns3:TrackPointExtension>
        </extensions>
      </trkpt>
      <trkpt lat="29.98917977325618267059326171875" lon="120.2351878769695758819580078125">
        <ele>27.3999996185302734375</ele>
        <time>2026-07-25T11:59:47.000Z</time>
        <extensions>
          <ns3:TrackPointExtension>
            <ns3:hr>87</ns3:hr>
            <ns3:cad>57</ns3:cad>
          </ns3:TrackPointExtension>
        </extensions>
      </trkpt>
      <trkpt lat="29.98919502831995487213134765625" lon="120.23520824499428272247314453125">
        <ele>27.3999996185302734375</ele>
        <time>2026-07-25T11:59:48.000Z</time>
        <extensions>
          <ns3:TrackPointExtension>
            <ns3:hr>87</ns3:hr>
            <ns3:cad>57</ns3:cad>
          </ns3:TrackPointExtension>
        </extensions>
      </trkpt>
      <trkpt lat="29.98920827172696590423583984375" lon="120.23522735573351383209228515625">
        <ele>27.3999996185302734375</ele>
        <time>2026-07-25T11:59:49.000Z</time>
        <extensions>
          <ns3:TrackPointExtension>
            <ns3:hr>86</ns3:hr>
            <ns3:cad>62</ns3:cad>
          </ns3:TrackPointExtension>
        </extensions>
      </trkpt>
      <trkpt lat="29.9892209284007549285888671875" lon="120.235242359340190887451171875">
        <ele>27.200000762939453125</ele>
        <time>2026-07-25T11:59:50.000Z</time>
        <extensions>
          <ns3:TrackPointExtension>
            <ns3:hr>86</ns3:hr>
            <ns3:cad>62</ns3:cad>
          </ns3:TrackPointExtension>
        </extensions>
      </trkpt>
      <trkpt lat="29.989238195121288299560546875" lon="120.235265828669071197509765625">
        <ele>27</ele>
        <time>2026-07-25T11:59:51.000Z</time>
        <extensions>
          <ns3:TrackPointExtension>
            <ns3:hr>86</ns3:hr>
            <ns3:cad>62</ns3:cad>
          </ns3:TrackPointExtension>
        </extensions>
      </trkpt>
      <trkpt lat="29.98925269581377506256103515625" lon="120.2352867834270000457763671875">
        <ele>27</ele>
        <time>2026-07-25T11:59:52.000Z</time>
        <extensions>
          <ns3:TrackPointExtension>
            <ns3:hr>86</ns3:hr>
            <ns3:cad>78</ns3:cad>
          </ns3:TrackPointExtension>
        </extensions>
      </trkpt>
      <trkpt lat="29.98926468193531036376953125" lon="120.23530547507107257843017578125">
        <ele>27</ele>
        <time>2026-07-25T11:59:53.000Z</time>
        <extensions>
          <ns3:TrackPointExtension>
            <ns3:hr>87</ns3:hr>
            <ns3:cad>78</ns3:cad>
          </ns3:TrackPointExtension>
        </extensions>
      </trkpt>
      <trkpt lat="29.98928035609424114227294921875" lon="120.2353236638009548187255859375">
        <ele>26.799999237060546875</ele>
        <time>2026-07-25T11:59:54.000Z</time>
        <extensions>
          <ns3:TrackPointExtension>
            <ns3:hr>87</ns3:hr>
            <ns3:cad>77</ns3:cad>
          </ns3:TrackPointExtension>
        </extensions>
      </trkpt>
      <trkpt lat="29.98929812572896480560302734375" lon="120.23534235544502735137939453125">
        <ele>26.799999237060546875</ele>
        <time>2026-07-25T11:59:55.000Z</time>
        <extensions>
          <ns3:TrackPointExtension>
            <ns3:hr>88</ns3:hr>
            <ns3:cad>77</ns3:cad>
          </ns3:TrackPointExtension>
        </extensions>
      </trkpt>
      <trkpt lat="29.9893117882311344146728515625" lon="120.23536196909844875335693359375">
        <ele>26.799999237060546875</ele>
        <time>2026-07-25T11:59:56.000Z</time>
        <extensions>
          <ns3:TrackPointExtension>
            <ns3:hr>89</ns3:hr>
            <ns3:cad>77</ns3:cad>
          </ns3:TrackPointExtension>
        </extensions>
      </trkpt>
      <trkpt lat="29.9893283843994140625" lon="120.23537705652415752410888671875">
        <ele>26.799999237060546875</ele>
        <time>2026-07-25T11:59:57.000Z</time>
        <extensions>
          <ns3:TrackPointExtension>
            <ns3:hr>92</ns3:hr>
            <ns3:cad>77</ns3:cad>
          </ns3:TrackPointExtension>
        </extensions>
      </trkpt>
      <trkpt lat="29.9893500097095966339111328125" lon="120.2354011125862598419189453125">
        <ele>26.6000003814697265625</ele>
        <time>2026-07-25T11:59:58.000Z</time>
        <extensions>
          <ns3:TrackPointExtension>
            <ns3:hr>97</ns3:hr>
            <ns3:cad>78</ns3:cad>
          </ns3:TrackPointExtension>
        </extensions>
      </trkpt>
      <trkpt lat="29.98935797251760959625244140625" lon="120.23542307317256927490234375">
        <ele>26.6000003814697265625</ele>
        <time>2026-07-25T11:59:59.000Z</time>
        <extensions>
          <ns3:TrackPointExtension>
            <ns3:hr>102</ns3:hr>
            <ns3:cad>78</ns3:cad>
          </ns3:TrackPointExtension>
        </extensions>
      </trkpt>
      <trkpt lat="29.989372305572032928466796875" lon="120.23543505929410457611083984375">
        <ele>26.6000003814697265625</ele>
        <time>2026-07-25T12:00:00.000Z</time>
        <extensions>
          <ns3:TrackPointExtension>
            <ns3:hr>104</ns3:hr>
            <ns3:cad>78</ns3:cad>
          </ns3:TrackPointExtension>
        </extensions>
      </trkpt>
      <trkpt lat="29.989387728273868560791015625" lon="120.2354594506323337554931640625">
        <ele>26.3999996185302734375</ele>
        <time>2026-07-25T12:00:01.000Z</time>
        <extensions>
          <ns3:TrackPointExtension>
            <ns3:hr>105</ns3:hr>
            <ns3:cad>79</ns3:cad>
          </ns3:TrackPointExtension>
        </extensions>
      </trkpt>
      <trkpt lat="29.9893967807292938232421875" lon="120.2354762144386768341064453125">
        <ele>26.200000762939453125</ele>
        <time>2026-07-25T12:00:02.000Z</time>
        <extensions>
          <ns3:TrackPointExtension>
            <ns3:hr>108</ns3:hr>
            <ns3:cad>79</ns3:cad>
          </ns3:TrackPointExtension>
        </extensions>
      </trkpt>
      <trkpt lat="29.98941228725016117095947265625" lon="120.23549054749310016632080078125">
        <ele>26</ele>
        <time>2026-07-25T12:00:03.000Z</time>
        <extensions>
          <ns3:TrackPointExtension>
            <ns3:hr>111</ns3:hr>
            <ns3:cad>80</ns3:cad>
          </ns3:TrackPointExtension>
        </extensions>
      </trkpt>
      <trkpt lat="29.98943089507520198822021484375" lon="120.23551418446004390716552734375">
        <ele>25.799999237060546875</ele>
        <time>2026-07-25T12:00:04.000Z</time>
        <extensions>
          <ns3:TrackPointExtension>
            <ns3:hr>112</ns3:hr>
            <ns3:cad>80</ns3:cad>
          </ns3:TrackPointExtension>
        </extensions>
      </trkpt>
      <trkpt lat="29.98944346792995929718017578125" lon="120.23552977479994297027587890625">
        <ele>25.799999237060546875</ele>
        <time>2026-07-25T12:00:05.000Z</time>
        <extensions>
          <ns3:TrackPointExtension>
            <ns3:hr>113</ns3:hr>
            <ns3:cad>79</ns3:cad>
          </ns3:TrackPointExtension>
        </extensions>
      </trkpt>
      <trkpt lat="29.9894562922418117523193359375" lon="120.235547460615634918212890625">
        <ele>25.799999237060546875</ele>
        <time>2026-07-25T12:00:06.000Z</time>
        <extensions>
          <ns3:TrackPointExtension>
            <ns3:hr>114</ns3:hr>
            <ns3:cad>78</ns3:cad>
          </ns3:TrackPointExtension>
        </extensions>
      </trkpt>
      <trkpt lat="29.9894690327346324920654296875" lon="120.23556564934551715850830078125">
        <ele>25.6000003814697265625</ele>
        <time>2026-07-25T12:00:07.000Z</time>
        <extensions>
          <ns3:TrackPointExtension>
            <ns3:hr>114</ns3:hr>
            <ns3:cad>78</ns3:cad>
          </ns3:TrackPointExtension>
        </extensions>
      </trkpt>
      <trkpt lat="29.9894827790558338165283203125" lon="120.23558392189443111419677734375">
        <ele>25.6000003814697265625</ele>
        <time>2026-07-25T12:00:08.000Z</time>
        <extensions>
          <ns3:TrackPointExtension>
            <ns3:hr>115</ns3:hr>
            <ns3:cad>78</ns3:cad>
          </ns3:TrackPointExtension>
        </extensions>
      </trkpt>
      <trkpt lat="29.989493675529956817626953125" lon="120.2355945669114589691162109375">
        <ele>25.3999996185302734375</ele>
        <time>2026-07-25T12:00:09.000Z</time>
        <extensions>
          <ns3:TrackPointExtension>
            <ns3:hr>115</ns3:hr>
            <ns3:cad>78</ns3:cad>
          </ns3:TrackPointExtension>
        </extensions>
      </trkpt>
      <trkpt lat="29.98950717039406299591064453125" lon="120.23561141453683376312255859375">
        <ele>25.200000762939453125</ele>
        <time>2026-07-25T12:00:10.000Z</time>
        <extensions>
          <ns3:TrackPointExtension>
            <ns3:hr>115</ns3:hr>
            <ns3:cad>78</ns3:cad>
          </ns3:TrackPointExtension>
        </extensions>
      </trkpt>
      <trkpt lat="29.9895196594297885894775390625" lon="120.2356337942183017730712890625">
        <ele>25.200000762939453125</ele>
        <time>2026-07-25T12:00:11.000Z</time>
        <extensions>
          <ns3:TrackPointExtension>
            <ns3:hr>116</ns3:hr>
            <ns3:cad>78</ns3:cad>
          </ns3:TrackPointExtension>
        </extensions>
      </trkpt>
      <trkpt lat="29.989526532590389251708984375" lon="120.2356448583304882049560546875">
        <ele>25</ele>
        <time>2026-07-25T12:00:12.000Z</time>
        <extensions>
          <ns3:TrackPointExtension>
            <ns3:hr>116</ns3:hr>
            <ns3:cad>78</ns3:cad>
          </ns3:TrackPointExtension>
        </extensions>
      </trkpt>
      <trkpt lat="29.9895407818257808685302734375" lon="120.2356586046516895294189453125">
        <ele>24.799999237060546875</ele>
        <time>2026-07-25T12:00:13.000Z</time>
        <extensions>
          <ns3:TrackPointExtension>
            <ns3:hr>116</ns3:hr>
            <ns3:cad>78</ns3:cad>
          </ns3:TrackPointExtension>
        </extensions>
      </trkpt>
      <trkpt lat="29.98955863527953624725341796875" lon="120.2356772124767303466796875">
        <ele>24.799999237060546875</ele>
        <time>2026-07-25T12:00:14.000Z</time>
        <extensions>
          <ns3:TrackPointExtension>
            <ns3:hr>116</ns3:hr>
            <ns3:cad>78</ns3:cad>
          </ns3:TrackPointExtension>
        </extensions>
      </trkpt>
      <trkpt lat="29.9895712919533252716064453125" lon="120.23569322191178798675537109375">
        <ele>24.6000003814697265625</ele>
        <time>2026-07-25T12:00:15.000Z</time>
        <extensions>
          <ns3:TrackPointExtension>
            <ns3:hr>116</ns3:hr>
            <ns3:cad>77</ns3:cad>
          </ns3:TrackPointExtension>
        </extensions>
      </trkpt>
      <trkpt lat="29.98958679847419261932373046875" lon="120.23570445366203784942626953125">
        <ele>24.3999996185302734375</ele>
        <time>2026-07-25T12:00:16.000Z</time>
        <extensions>
          <ns3:TrackPointExtension>
            <ns3:hr>116</ns3:hr>
            <ns3:cad>77</ns3:cad>
          </ns3:TrackPointExtension>
        </extensions>
      </trkpt>
      <trkpt lat="29.9895987845957279205322265625" lon="120.23572758771479129791259765625">
        <ele>24.3999996185302734375</ele>
        <time>2026-07-25T12:00:17.000Z</time>
        <extensions>
          <ns3:TrackPointExtension>
            <ns3:hr>115</ns3:hr>
            <ns3:cad>78</ns3:cad>
          </ns3:TrackPointExtension>
        </extensions>
      </trkpt>
      <trkpt lat="29.989611692726612091064453125" lon="120.2357511408627033233642578125">
        <ele>24.200000762939453125</ele>
        <time>2026-07-25T12:00:18.000Z</time>
        <extensions>
          <ns3:TrackPointExtension>
            <ns3:hr>116</ns3:hr>
            <ns3:cad>78</ns3:cad>
          </ns3:TrackPointExtension>
        </extensions>
      </trkpt>
      <trkpt lat="29.9896232597529888153076171875" lon="120.235762037336826324462890625">
        <ele>24</ele>
        <time>2026-07-25T12:00:19.000Z</time>
        <extensions>
          <ns3:TrackPointExtension>
            <ns3:hr>116</ns3:hr>
            <ns3:cad>78</ns3:cad>
          </ns3:TrackPointExtension>
        </extensions>
      </trkpt>
      <trkpt lat="29.9896366707980632781982421875" lon="120.23578341118991374969482421875">
        <ele>24</ele>
        <time>2026-07-25T12:00:20.000Z</time>
        <extensions>
          <ns3:TrackPointExtension>
            <ns3:hr>117</ns3:hr>
            <ns3:cad>78</ns3:cad>
          </ns3:TrackPointExtension>
        </extensions>
      </trkpt>
      <trkpt lat="29.98964832164347171783447265625" lon="120.235807634890079498291015625">
        <ele>24</ele>
        <time>2026-07-25T12:00:21.000Z</time>
        <extensions>
          <ns3:TrackPointExtension>
            <ns3:hr>117</ns3:hr>
            <ns3:cad>78</ns3:cad>
          </ns3:TrackPointExtension>
        </extensions>
      </trkpt>
      <trkpt lat="29.9896561168134212493896484375" lon="120.23581978864967823028564453125">
        <ele>23.799999237060546875</ele>
        <time>2026-07-25T12:00:22.000Z</time>
        <extensions>
          <ns3:TrackPointExtension>
            <ns3:hr>117</ns3:hr>
            <ns3:cad>78</ns3:cad>
          </ns3:TrackPointExtension>
        </extensions>
      </trkpt>
      <trkpt lat="29.9896705336868762969970703125" lon="120.23583856411278247833251953125">
        <ele>23.799999237060546875</ele>
        <time>2026-07-25T12:00:23.000Z</time>
        <extensions>
          <ns3:TrackPointExtension>
            <ns3:hr>117</ns3:hr>
            <ns3:cad>78</ns3:cad>
          </ns3:TrackPointExtension>
        </extensions>
      </trkpt>
      <trkpt lat="29.9896936677396297454833984375" lon="120.235857926309108734130859375">
        <ele>23.6000003814697265625</ele>
        <time>2026-07-25T12:00:24.000Z</time>
        <extensions>
          <ns3:TrackPointExtension>
            <ns3:hr>118</ns3:hr>
            <ns3:cad>78</ns3:cad>
          </ns3:TrackPointExtension>
        </extensions>
      </trkpt>
      <trkpt lat="29.9897017143666744232177734375" lon="120.2358772046864032745361328125">
        <ele>23.6000003814697265625</ele>
        <time>2026-07-25T12:00:25.000Z</time>
        <extensions>
          <ns3:TrackPointExtension>
            <ns3:hr>117</ns3:hr>
            <ns3:cad>78</ns3:cad>
          </ns3:TrackPointExtension>
        </extensions>
      </trkpt>
      <trkpt lat="29.98971403576433658599853515625" lon="120.2358949743211269378662109375">
        <ele>23.3999996185302734375</ele>
        <time>2026-07-25T12:00:26.000Z</time>
        <extensions>
          <ns3:TrackPointExtension>
            <ns3:hr>117</ns3:hr>
            <ns3:cad>78</ns3:cad>
          </ns3:TrackPointExtension>
        </extensions>
      </trkpt>
      <trkpt lat="29.9897266924381256103515625" lon="120.235920287668704986572265625">
        <ele>23.3999996185302734375</ele>
        <time>2026-07-25T12:00:27.000Z</time>
        <extensions>
          <ns3:TrackPointExtension>
            <ns3:hr>117</ns3:hr>
            <ns3:cad>78</ns3:cad>
          </ns3:TrackPointExtension>
        </extensions>
      </trkpt>
      <trkpt lat="29.98973331414163112640380859375" lon="120.23593562655150890350341796875">
        <ele>23.200000762939453125</ele>
        <time>2026-07-25T12:00:28.000Z</time>
        <extensions>
          <ns3:TrackPointExtension>
            <ns3:hr>118</ns3:hr>
            <ns3:cad>78</ns3:cad>
          </ns3:TrackPointExtension>
        </extensions>
      </trkpt>
      <trkpt lat="29.989745132625102996826171875" lon="120.2359513007104396820068359375">
        <ele>23.200000762939453125</ele>
        <time>2026-07-25T12:00:29.000Z</time>
        <extensions>
          <ns3:TrackPointExtension>
            <ns3:hr>117</ns3:hr>
            <ns3:cad>79</ns3:cad>
          </ns3:TrackPointExtension>
        </extensions>
      </trkpt>
      <trkpt lat="29.989758543670177459716796875" lon="120.23597518913447856903076171875">
        <ele>23</ele>
        <time>2026-07-25T12:00:30.000Z</time>
        <extensions>
          <ns3:TrackPointExtension>
            <ns3:hr>117</ns3:hr>
            <ns3:cad>79</ns3:cad>
          </ns3:TrackPointExtension>
        </extensions>
      </trkpt>
      <trkpt lat="29.9897660873830318450927734375" lon="120.23599362932145595550537109375">
        <ele>23</ele>
        <time>2026-07-25T12:00:31.000Z</time>
        <extensions>
          <ns3:TrackPointExtension>
            <ns3:hr>117</ns3:hr>
            <ns3:cad>79</ns3:cad>
          </ns3:TrackPointExtension>
        </extensions>
      </trkpt>
      <trkpt lat="29.98977958224713802337646484375" lon="120.23601022548973560333251953125">
        <ele>22.799999237060546875</ele>
        <time>2026-07-25T12:00:32.000Z</time>
        <extensions>
          <ns3:TrackPointExtension>
            <ns3:hr>118</ns3:hr>
            <ns3:cad>79</ns3:cad>
          </ns3:TrackPointExtension>
        </extensions>
      </trkpt>
      <trkpt lat="29.9897955916821956634521484375" lon="120.2360371313989162445068359375">
        <ele>22.799999237060546875</ele>
        <time>2026-07-25T12:00:33.000Z</time>
        <extensions>
          <ns3:TrackPointExtension>
            <ns3:hr>117</ns3:hr>
            <ns3:cad>79</ns3:cad>
          </ns3:TrackPointExtension>
        </extensions>
      </trkpt>
      <trkpt lat="29.98980623669922351837158203125" lon="120.23605884052813053131103515625">
        <ele>22.6000003814697265625</ele>
        <time>2026-07-25T12:00:34.000Z</time>
        <extensions>
          <ns3:TrackPointExtension>
            <ns3:hr>117</ns3:hr>
            <ns3:cad>79</ns3:cad>
          </ns3:TrackPointExtension>
        </extensions>
      </trkpt>
      <trkpt lat="29.98981948010623455047607421875" lon="120.23607057519257068634033203125">
        <ele>22.6000003814697265625</ele>
        <time>2026-07-25T12:00:35.000Z</time>
        <extensions>
          <ns3:TrackPointExtension>
            <ns3:hr>117</ns3:hr>
            <ns3:cad>79</ns3:cad>
          </ns3:TrackPointExtension>
        </extensions>
      </trkpt>
      <trkpt lat="29.9898354895412921905517578125" lon="120.23609085939824581146240234375">
        <ele>22.3999996185302734375</ele>
        <time>2026-07-25T12:00:36.000Z</time>
        <extensions>
          <ns3:TrackPointExtension>
            <ns3:hr>118</ns3:hr>
            <ns3:cad>79</ns3:cad>
          </ns3:TrackPointExtension>
        </extensions>
      </trkpt>
      <trkpt lat="29.989845044910907745361328125" lon="120.23611131124198436737060546875">
        <ele>22.3999996185302734375</ele>
        <time>2026-07-25T12:00:37.000Z</time>
        <extensions>
          <ns3:TrackPointExtension>
            <ns3:hr>117</ns3:hr>
            <ns3:cad>79</ns3:cad>
          </ns3:TrackPointExtension>
        </extensions>
      </trkpt>
      <trkpt lat="29.98985468409955501556396484375" lon="120.23612723685801029205322265625">
        <ele>22.3999996185302734375</ele>
        <time>2026-07-25T12:00:38.000Z</time>
        <extensions>
          <ns3:TrackPointExtension>
            <ns3:hr>117</ns3:hr>
            <ns3:cad>78</ns3:cad>
          </ns3:TrackPointExtension>
        </extensions>
      </trkpt>
      <trkpt lat="29.9898643232882022857666015625" lon="120.23614651523530483245849609375">
        <ele>22.3999996185302734375</ele>
        <time>2026-07-25T12:00:39.000Z</time>
        <extensions>
          <ns3:TrackPointExtension>
            <ns3:hr>117</ns3:hr>
            <ns3:cad>78</ns3:cad>
          </ns3:TrackPointExtension>
        </extensions>
      </trkpt>
      <trkpt lat="29.98987354338169097900390625" lon="120.2361761033535003662109375">
        <ele>22.3999996185302734375</ele>
        <time>2026-07-25T12:00:40.000Z</time>
        <extensions>
          <ns3:TrackPointExtension>
            <ns3:hr>117</ns3:hr>
            <ns3:cad>78</ns3:cad>
          </ns3:TrackPointExtension>
        </extensions>
      </trkpt>
      <trkpt lat="29.9898767285048961639404296875" lon="120.23619445972144603729248046875">
        <ele>22.200000762939453125</ele>
        <time>2026-07-25T12:00:41.000Z</time>
        <extensions>
          <ns3:TrackPointExtension>
            <ns3:hr>118</ns3:hr>
            <ns3:cad>78</ns3:cad>
          </ns3:TrackPointExtension>
        </extensions>
      </trkpt>
      <trkpt lat="29.98988519422709941864013671875" lon="120.2362138219177722930908203125">
        <ele>22.3999996185302734375</ele>
        <time>2026-07-25T12:00:42.000Z</time>
        <extensions>
          <ns3:TrackPointExtension>
            <ns3:hr>118</ns3:hr>
            <ns3:cad>78</ns3:cad>
          </ns3:TrackPointExtension>
        </extensions>
      </trkpt>
      <trkpt lat="29.9898908101022243499755859375" lon="120.23624139837920665740966796875">
        <ele>22.3999996185302734375</ele>
        <time>2026-07-25T12:00:43.000Z</time>
        <extensions>
          <ns3:TrackPointExtension>
            <ns3:hr>119</ns3:hr>
            <ns3:cad>78</ns3:cad>
          </ns3:TrackPointExtension>
        </extensions>
      </trkpt>
      <trkpt lat="29.98988888226449489593505859375" lon="120.236260592937469482421875">
        <ele>22.3999996185302734375</ele>
        <time>2026-07-25T12:00:44.000Z</time>
        <extensions>
          <ns3:TrackPointExtension>
            <ns3:hr>119</ns3:hr>
            <ns3:cad>78</ns3:cad>
          </ns3:TrackPointExtension>
        </extensions>
      </trkpt>
      <trkpt lat="29.989893995225429534912109375" lon="120.23627492599189281463623046875">
        <ele>22.6000003814697265625</ele>
        <time>2026-07-25T12:00:45.000Z</time>
        <extensions>
          <ns3:TrackPointExtension>
            <ns3:hr>119</ns3:hr>
            <ns3:cad>78</ns3:cad>
          </ns3:TrackPointExtension>
        </extensions>
      </trkpt>
      <trkpt lat="29.98989307321608066558837890625" lon="120.23630526848137378692626953125">
        <ele>22.6000003814697265625</ele>
        <time>2026-07-25T12:00:46.000Z</time>
        <extensions>
          <ns3:TrackPointExtension>
            <ns3:hr>119</ns3:hr>
            <ns3:cad>78</ns3:cad>
          </ns3:TrackPointExtension>
        </extensions>
      </trkpt>
      <trkpt lat="29.98988938517868518829345703125" lon="120.23632773198187351226806640625">
        <ele>22.6000003814697265625</ele>
        <time>2026-07-25T12:00:47.000Z</time>
        <extensions>
          <ns3:TrackPointExtension>
            <ns3:hr>120</ns3:hr>
            <ns3:cad>78</ns3:cad>
          </ns3:TrackPointExtension>
        </extensions>
      </trkpt>
      <trkpt lat="29.9898908101022243499755859375" lon="120.236347429454326629638671875">
        <ele>22.6000003814697265625</ele>
        <time>2026-07-25T12:00:48.000Z</time>
        <extensions>
          <ns3:TrackPointExtension>
            <ns3:hr>120</ns3:hr>
            <ns3:cad>78</ns3:cad>
          </ns3:TrackPointExtension>
        </extensions>
      </trkpt>
      <trkpt lat="29.98988695442676544189453125" lon="120.2363717369735240936279296875">
        <ele>22.799999237060546875</ele>
        <time>2026-07-25T12:00:49.000Z</time>
        <extensions>
          <ns3:TrackPointExtension>
            <ns3:hr>120</ns3:hr>
            <ns3:cad>79</ns3:cad>
          </ns3:TrackPointExtension>
        </extensions>
      </trkpt>
      <trkpt lat="29.98988167382776737213134765625" lon="120.23639294318854808807373046875">
        <ele>22.799999237060546875</ele>
        <time>2026-07-25T12:00:50.000Z</time>
        <extensions>
          <ns3:TrackPointExtension>
            <ns3:hr>120</ns3:hr>
            <ns3:cad>79</ns3:cad>
          </ns3:TrackPointExtension>
        </extensions>
      </trkpt>
      <trkpt lat="29.98988427221775054931640625" lon="120.23641004227101802825927734375">
        <ele>22.799999237060546875</ele>
        <time>2026-07-25T12:00:51.000Z</time>
        <extensions>
          <ns3:TrackPointExtension>
            <ns3:hr>120</ns3:hr>
            <ns3:cad>79</ns3:cad>
          </ns3:TrackPointExtension>
        </extensions>
      </trkpt>
      <trkpt lat="29.9898817576467990875244140625" lon="120.236435271799564361572265625">
        <ele>22.799999237060546875</ele>
        <time>2026-07-25T12:00:52.000Z</time>
        <extensions>
          <ns3:TrackPointExtension>
            <ns3:hr>120</ns3:hr>
            <ns3:cad>79</ns3:cad>
          </ns3:TrackPointExtension>
        </extensions>
      </trkpt>
      <trkpt lat="29.9898787401616573333740234375" lon="120.236459076404571533203125">
        <ele>23</ele>
        <time>2026-07-25T12:00:53.000Z</time>
        <extensions>
          <ns3:TrackPointExtension>
            <ns3:hr>121</ns3:hr>
            <ns3:cad>79</ns3:cad>
          </ns3:TrackPointExtension>
        </extensions>
      </trkpt>
      <trkpt lat="29.989881254732608795166015625" lon="120.23647584021091461181640625">
        <ele>23</ele>
        <time>2026-07-25T12:00:54.000Z</time>
        <extensions>
          <ns3:TrackPointExtension>
            <ns3:hr>121</ns3:hr>
            <ns3:cad>79</ns3:cad>
          </ns3:TrackPointExtension>
        </extensions>
      </trkpt>
      <trkpt lat="29.98988100327551364898681640625" lon="120.23649838753044605255126953125">
        <ele>23</ele>
        <time>2026-07-25T12:00:55.000Z</time>
        <extensions>
          <ns3:TrackPointExtension>
            <ns3:hr>122</ns3:hr>
            <ns3:cad>79</ns3:cad>
          </ns3:TrackPointExtension>
        </extensions>
      </trkpt>
      <trkpt lat="29.98988335020840167999267578125" lon="120.2365239523351192474365234375">
        <ele>23.200000762939453125</ele>
        <time>2026-07-25T12:00:56.000Z</time>
        <extensions>
          <ns3:TrackPointExtension>
            <ns3:hr>122</ns3:hr>
            <ns3:cad>79</ns3:cad>
          </ns3:TrackPointExtension>
        </extensions>
      </trkpt>
      <trkpt lat="29.989885278046131134033203125" lon="120.23654197342693805694580078125">
        <ele>23.200000762939453125</ele>
        <time>2026-07-25T12:00:57.000Z</time>
        <extensions>
          <ns3:TrackPointExtension>
            <ns3:hr>122</ns3:hr>
            <ns3:cad>79</ns3:cad>
          </ns3:TrackPointExtension>
        </extensions>
      </trkpt>
      <trkpt lat="29.98988988809287548065185546875" lon="120.2365625090897083282470703125">
        <ele>23.200000762939453125</ele>
        <time>2026-07-25T12:00:58.000Z</time>
        <extensions>
          <ns3:TrackPointExtension>
            <ns3:hr>122</ns3:hr>
            <ns3:cad>79</ns3:cad>
          </ns3:TrackPointExtension>
        </extensions>
      </trkpt>
      <trkpt lat="29.9898983538150787353515625" lon="120.23659008555114269256591796875">
        <ele>23.3999996185302734375</ele>
        <time>2026-07-25T12:00:59.000Z</time>
        <extensions>
          <ns3:TrackPointExtension>
            <ns3:hr>122</ns3:hr>
            <ns3:cad>79</ns3:cad>
          </ns3:TrackPointExtension>
        </extensions>
      </trkpt>
      <trkpt lat="29.98990195803344249725341796875" lon="120.23660835810005664825439453125">
        <ele>23.3999996185302734375</ele>
        <time>2026-07-25T12:01:00.000Z</time>
        <extensions>
          <ns3:TrackPointExtension>
            <ns3:hr>123</ns3:hr>
            <ns3:cad>79</ns3:cad>
          </ns3:TrackPointExtension>
        </extensions>
      </trkpt>
      <trkpt lat="29.98991109430789947509765625" lon="120.23662780411541461944580078125">
        <ele>23.3999996185302734375</ele>
        <time>2026-07-25T12:01:01.000Z</time>
        <extensions>
          <ns3:TrackPointExtension>
            <ns3:hr>123</ns3:hr>
            <ns3:cad>79</ns3:cad>
          </ns3:TrackPointExtension>
        </extensions>
      </trkpt>
      <trkpt lat="29.98991570435464382171630859375" lon="120.2366562187671661376953125">
        <ele>23.3999996185302734375</ele>
        <time>2026-07-25T12:01:02.000Z</time>
        <extensions>
          <ns3:TrackPointExtension>
            <ns3:hr>123</ns3:hr>
            <ns3:cad>78</ns3:cad>
          </ns3:TrackPointExtension>
        </extensions>
      </trkpt>
      <trkpt lat="29.98992006294429302215576171875" lon="120.23667742498219013214111328125">
        <ele>23.3999996185302734375</ele>
        <time>2026-07-25T12:01:03.000Z</time>
        <extensions>
          <ns3:TrackPointExtension>
            <ns3:hr>123</ns3:hr>
            <ns3:cad>78</ns3:cad>
          </ns3:TrackPointExtension>
        </extensions>
      </trkpt>
      <trkpt lat="29.9899290315806865692138671875" lon="120.23669452406466007232666015625">
        <ele>23.3999996185302734375</ele>
        <time>2026-07-25T12:01:04.000Z</time>
        <extensions>
          <ns3:TrackPointExtension>
            <ns3:hr>124</ns3:hr>
            <ns3:cad>78</ns3:cad>
          </ns3:TrackPointExtension>
        </extensions>
      </trkpt>
      <trkpt lat="29.98992894776165485382080078125" lon="120.23671816103160381317138671875">
        <ele>23.3999996185302734375</ele>
        <time>2026-07-25T12:01:05.000Z</time>
        <extensions>
          <ns3:TrackPointExtension>
            <ns3:hr>124</ns3:hr>
            <ns3:cad>78</ns3:cad>
          </ns3:TrackPointExtension>
        </extensions>
      </trkpt>
      <trkpt lat="29.98993213288486003875732421875" lon="120.2367395348846912384033203125">
        <ele>23.3999996185302734375</ele>
        <time>2026-07-25T12:01:06.000Z</time>
        <extensions>
          <ns3:TrackPointExtension>
            <ns3:hr>124</ns3:hr>
            <ns3:cad>79</ns3:cad>
          </ns3:TrackPointExtension>
        </extensions>
      </trkpt>
      <trkpt lat="29.9899390898644924163818359375" lon="120.23675613105297088623046875">
        <ele>23.3999996185302734375</ele>
        <time>2026-07-25T12:01:07.000Z</time>
        <extensions>
          <ns3:TrackPointExtension>
            <ns3:hr>125</ns3:hr>
            <ns3:cad>79</ns3:cad>
          </ns3:TrackPointExtension>
        </extensions>
      </trkpt>
      <trkpt lat="29.98994135297834873199462890625" lon="120.23678219877183437347412109375">
        <ele>23.3999996185302734375</ele>
        <time>2026-07-25T12:01:08.000Z</time>
        <extensions>
          <ns3:TrackPointExtension>
            <ns3:hr>125</ns3:hr>
            <ns3:cad>78</ns3:cad>
          </ns3:TrackPointExtension>
        </extensions>
      </trkpt>
      <trkpt lat="29.98994420282542705535888671875" lon="120.236806087195873260498046875">
        <ele>23.3999996185302734375</ele>
        <time>2026-07-25T12:01:09.000Z</time>
        <extensions>
          <ns3:TrackPointExtension>
            <ns3:hr>125</ns3:hr>
            <ns3:cad>78</ns3:cad>
          </ns3:TrackPointExtension>
        </extensions>
      </trkpt>
      <trkpt lat="29.989945627748966217041015625" lon="120.23682511411607265472412109375">
        <ele>23.3999996185302734375</ele>
        <time>2026-07-25T12:01:10.000Z</time>
        <extensions>
          <ns3:TrackPointExtension>
            <ns3:hr>126</ns3:hr>
            <ns3:cad>78</ns3:cad>
          </ns3:TrackPointExtension>
        </extensions>
      </trkpt>
      <trkpt lat="29.98994973488152027130126953125" lon="120.236846990883350372314453125">
        <ele>23.3999996185302734375</ele>
        <time>2026-07-25T12:01:11.000Z</time>
        <extensions>
          <ns3:TrackPointExtension>
            <ns3:hr>126</ns3:hr>
            <ns3:cad>78</ns3:cad>
          </ns3:TrackPointExtension>
        </extensions>
      </trkpt>
      <trkpt lat="29.98994990251958370208740234375" lon="120.2368759922683238983154296875">
        <ele>23.3999996185302734375</ele>
        <time>2026-07-25T12:01:12.000Z</time>
        <extensions>
          <ns3:TrackPointExtension>
            <ns3:hr>126</ns3:hr>
            <ns3:cad>78</ns3:cad>
          </ns3:TrackPointExtension>
        </extensions>
      </trkpt>
      <trkpt lat="29.989945627748966217041015625" lon="120.236897282302379608154296875">
        <ele>23.200000762939453125</ele>
        <time>2026-07-25T12:01:13.000Z</time>
        <extensions>
          <ns3:TrackPointExtension>
            <ns3:hr>126</ns3:hr>
            <ns3:cad>78</ns3:cad>
          </ns3:TrackPointExtension>
        </extensions>
      </trkpt>
      <trkpt lat="29.98995057307183742523193359375" lon="120.23691697977483272552490234375">
        <ele>23.200000762939453125</ele>
        <time>2026-07-25T12:01:14.000Z</time>
        <extensions>
          <ns3:TrackPointExtension>
            <ns3:hr>127</ns3:hr>
            <ns3:cad>78</ns3:cad>
          </ns3:TrackPointExtension>
        </extensions>
      </trkpt>
      <trkpt lat="29.9899474717676639556884765625" lon="120.236948244273662567138671875">
        <ele>23</ele>
        <time>2026-07-25T12:01:15.000Z</time>
        <extensions>
          <ns3:TrackPointExtension>
            <ns3:hr>126</ns3:hr>
            <ns3:cad>77</ns3:cad>
          </ns3:TrackPointExtension>
        </extensions>
      </trkpt>
      <trkpt lat="29.9899484775960445404052734375" lon="120.2369691990315914154052734375">
        <ele>23</ele>
        <time>2026-07-25T12:01:16.000Z</time>
        <extensions>
          <ns3:TrackPointExtension>
            <ns3:hr>127</ns3:hr>
            <ns3:cad>77</ns3:cad>
          </ns3:TrackPointExtension>
        </extensions>
      </trkpt>
      <trkpt lat="29.98995526693761348724365234375" lon="120.23698219098150730133056640625">
        <ele>22.799999237060546875</ele>
        <time>2026-07-25T12:01:17.000Z</time>
        <extensions>
          <ns3:TrackPointExtension>
            <ns3:hr>127</ns3:hr>
            <ns3:cad>78</ns3:cad>
          </ns3:TrackPointExtension>
        </extensions>
      </trkpt>
      <trkpt lat="29.98995426110923290252685546875" lon="120.2370074205100536346435546875">
        <ele>22.799999237060546875</ele>
        <time>2026-07-25T12:01:18.000Z</time>
        <extensions>
          <ns3:TrackPointExtension>
            <ns3:hr>127</ns3:hr>
            <ns3:cad>78</ns3:cad>
          </ns3:TrackPointExtension>
        </extensions>
      </trkpt>
      <trkpt lat="29.98995400965213775634765625" lon="120.23703097365796566009521484375">
        <ele>22.6000003814697265625</ele>
        <time>2026-07-25T12:01:19.000Z</time>
        <extensions>
          <ns3:TrackPointExtension>
            <ns3:hr>127</ns3:hr>
            <ns3:cad>78</ns3:cad>
          </ns3:TrackPointExtension>
        </extensions>
      </trkpt>
      <trkpt lat="29.9899538420140743255615234375" lon="120.23704891093075275421142578125">
        <ele>22.6000003814697265625</ele>
        <time>2026-07-25T12:01:20.000Z</time>
        <extensions>
          <ns3:TrackPointExtension>
            <ns3:hr>128</ns3:hr>
            <ns3:cad>78</ns3:cad>
          </ns3:TrackPointExtension>
        </extensions>
      </trkpt>
      <trkpt lat="29.98995258472859859466552734375" lon="120.23707254789769649505615234375">
        <ele>22.3999996185302734375</ele>
        <time>2026-07-25T12:01:21.000Z</time>
        <extensions>
          <ns3:TrackPointExtension>
            <ns3:hr>128</ns3:hr>
            <ns3:cad>78</ns3:cad>
          </ns3:TrackPointExtension>
        </extensions>
      </trkpt>
      <trkpt lat="29.98995208181440830230712890625" lon="120.23709945380687713623046875">
        <ele>22.200000762939453125</ele>
        <time>2026-07-25T12:01:22.000Z</time>
        <extensions>
          <ns3:TrackPointExtension>
            <ns3:hr>128</ns3:hr>
            <ns3:cad>78</ns3:cad>
          </ns3:TrackPointExtension>
        </extensions>
      </trkpt>
      <trkpt lat="29.9899488128721714019775390625" lon="120.23712099529802799224853515625">
        <ele>22</ele>
        <time>2026-07-25T12:01:23.000Z</time>
        <extensions>
          <ns3:TrackPointExtension>
            <ns3:hr>128</ns3:hr>
            <ns3:cad>78</ns3:cad>
          </ns3:TrackPointExtension>
        </extensions>
      </trkpt>
      <trkpt lat="29.98995040543377399444580078125" lon="120.23714362643659114837646484375">
        <ele>21.799999237060546875</ele>
        <time>2026-07-25T12:01:24.000Z</time>
        <extensions>
          <ns3:TrackPointExtension>
            <ns3:hr>127</ns3:hr>
            <ns3:cad>78</ns3:cad>
          </ns3:TrackPointExtension>
        </extensions>
      </trkpt>
      <trkpt lat="29.98994437046349048614501953125" lon="120.237176232039928436279296875">
        <ele>21.799999237060546875</ele>
        <time>2026-07-25T12:01:25.000Z</time>
        <extensions>
          <ns3:TrackPointExtension>
            <ns3:hr>127</ns3:hr>
            <ns3:cad>78</ns3:cad>
          </ns3:TrackPointExtension>
        </extensions>
      </trkpt>
      <trkpt lat="29.9899387545883655548095703125" lon="120.23720079101622104644775390625">
        <ele>21.6000003814697265625</ele>
        <time>2026-07-25T12:01:26.000Z</time>
        <extensions>
          <ns3:TrackPointExtension>
            <ns3:hr>127</ns3:hr>
            <ns3:cad>78</ns3:cad>
          </ns3:TrackPointExtension>
        </extensions>
      </trkpt>
      <trkpt lat="29.98994051478803157806396484375" lon="120.23721990175545215606689453125">
        <ele>21.3999996185302734375</ele>
        <time>2026-07-25T12:01:27.000Z</time>
        <extensions>
          <ns3:TrackPointExtension>
            <ns3:hr>127</ns3:hr>
            <ns3:cad>78</ns3:cad>
          </ns3:TrackPointExtension>
        </extensions>
      </trkpt>
      <trkpt lat="29.98993456363677978515625" lon="120.23724387399852275848388671875">
        <ele>21.200000762939453125</ele>
        <time>2026-07-25T12:01:28.000Z</time>
        <extensions>
          <ns3:TrackPointExtension>
            <ns3:hr>128</ns3:hr>
            <ns3:cad>77</ns3:cad>
          </ns3:TrackPointExtension>
        </extensions>
      </trkpt>
      <trkpt lat="29.98992584645748138427734375" lon="120.2372650802135467529296875">
        <ele>21</ele>
        <time>2026-07-25T12:01:29.000Z</time>
        <extensions>
          <ns3:TrackPointExtension>
            <ns3:hr>127</ns3:hr>
            <ns3:cad>77</ns3:cad>
          </ns3:TrackPointExtension>
        </extensions>
      </trkpt>
      <trkpt lat="29.98992391861975193023681640625" lon="120.237282849848270416259765625">
        <ele>20.799999237060546875</ele>
        <time>2026-07-25T12:01:30.000Z</time>
        <extensions>
          <ns3:TrackPointExtension>
            <ns3:hr>127</ns3:hr>
            <ns3:cad>77</ns3:cad>
          </ns3:TrackPointExtension>
        </extensions>
      </trkpt>
      <trkpt lat="29.98992056585848331451416015625" lon="120.2373044751584529876708984375">
        <ele>20.799999237060546875</ele>
        <time>2026-07-25T12:01:31.000Z</time>
        <extensions>
          <ns3:TrackPointExtension>
            <ns3:hr>128</ns3:hr>
            <ns3:cad>77</ns3:cad>
          </ns3:TrackPointExtension>
        </extensions>
      </trkpt>
      <trkpt lat="29.98991402797400951385498046875" lon="120.2373267710208892822265625">
        <ele>20.6000003814697265625</ele>
        <time>2026-07-25T12:01:32.000Z</time>
        <extensions>
          <ns3:TrackPointExtension>
            <ns3:hr>128</ns3:hr>
            <ns3:cad>77</ns3:cad>
          </ns3:TrackPointExtension>
        </extensions>
      </trkpt>
      <trkpt lat="29.9899038858711719512939453125" lon="120.23734764195978641510009765625">
        <ele>20.3999996185302734375</ele>
        <time>2026-07-25T12:01:33.000Z</time>
        <extensions>
          <ns3:TrackPointExtension>
            <ns3:hr>128</ns3:hr>
            <ns3:cad>77</ns3:cad>
          </ns3:TrackPointExtension>
        </extensions>
      </trkpt>
      <trkpt lat="29.98990111984312534332275390625" lon="120.23736507631838321685791015625">
        <ele>20.200000762939453125</ele>
        <time>2026-07-25T12:01:34.000Z</time>
        <extensions>
          <ns3:TrackPointExtension>
            <ns3:hr>128</ns3:hr>
            <ns3:cad>77</ns3:cad>
          </ns3:TrackPointExtension>
        </extensions>
      </trkpt>
      <trkpt lat="29.98988921754062175750732421875" lon="120.23739474825561046600341796875">
        <ele>20</ele>
        <time>2026-07-25T12:01:35.000Z</time>
        <extensions>
          <ns3:TrackPointExtension>
            <ns3:hr>128</ns3:hr>
            <ns3:cad>78</ns3:cad>
          </ns3:TrackPointExtension>
        </extensions>
      </trkpt>
      <trkpt lat="29.98988016508519649505615234375" lon="120.23741704411804676055908203125">
        <ele>19.799999237060546875</ele>
        <time>2026-07-25T12:01:36.000Z</time>
        <extensions>
          <ns3:TrackPointExtension>
            <ns3:hr>128</ns3:hr>
            <ns3:cad>78</ns3:cad>
          </ns3:TrackPointExtension>
        </extensions>
      </trkpt>
      <trkpt lat="29.989877901971340179443359375" lon="120.23743095807731151580810546875">
        <ele>19.6000003814697265625</ele>
        <time>2026-07-25T12:01:37.000Z</time>
        <extensions>
          <ns3:TrackPointExtension>
            <ns3:hr>127</ns3:hr>
            <ns3:cad>78</ns3:cad>
          </ns3:TrackPointExtension>
        </extensions>
      </trkpt>
      <trkpt lat="29.9898693524301052093505859375" lon="120.237451493740081787109375">
        <ele>19.3999996185302734375</ele>
        <time>2026-07-25T12:01:38.000Z</time>
        <extensions>
          <ns3:TrackPointExtension>
            <ns3:hr>127</ns3:hr>
            <ns3:cad>78</ns3:cad>
          </ns3:TrackPointExtension>
        </extensions>
      </trkpt>
      <trkpt lat="29.98986725695431232452392578125" lon="120.23747219704091548919677734375">
        <ele>19.3999996185302734375</ele>
        <time>2026-07-25T12:01:39.000Z</time>
        <extensions>
          <ns3:TrackPointExtension>
            <ns3:hr>127</ns3:hr>
            <ns3:cad>77</ns3:cad>
          </ns3:TrackPointExtension>
        </extensions>
      </trkpt>
      <trkpt lat="29.98986390419304370880126953125" lon="120.23749172687530517578125">
        <ele>19.200000762939453125</ele>
        <time>2026-07-25T12:01:40.000Z</time>
        <extensions>
          <ns3:TrackPointExtension>
            <ns3:hr>127</ns3:hr>
            <ns3:cad>77</ns3:cad>
          </ns3:TrackPointExtension>
        </extensions>
      </trkpt>
      <trkpt lat="29.98986189253628253936767578125" lon="120.23751117289066314697265625">
        <ele>19</ele>
        <time>2026-07-25T12:01:41.000Z</time>
        <extensions>
          <ns3:TrackPointExtension>
            <ns3:hr>127</ns3:hr>
            <ns3:cad>79</ns3:cad>
          </ns3:TrackPointExtension>
        </extensions>
      </trkpt>
      <trkpt lat="29.98985636048018932342529296875" lon="120.23753975518047809600830078125">
        <ele>18.799999237060546875</ele>
        <time>2026-07-25T12:01:42.000Z</time>
        <extensions>
          <ns3:TrackPointExtension>
            <ns3:hr>127</ns3:hr>
            <ns3:cad>79</ns3:cad>
          </ns3:TrackPointExtension>
        </extensions>
      </trkpt>
      <trkpt lat="29.9898529238998889923095703125" lon="120.23756213486194610595703125">
        <ele>18.6000003814697265625</ele>
        <time>2026-07-25T12:01:43.000Z</time>
        <extensions>
          <ns3:TrackPointExtension>
            <ns3:hr>127</ns3:hr>
            <ns3:cad>78</ns3:cad>
          </ns3:TrackPointExtension>
        </extensions>
      </trkpt>
      <trkpt lat="29.98985233716666698455810546875" lon="120.23757998831570148468017578125">
        <ele>18.6000003814697265625</ele>
        <time>2026-07-25T12:01:44.000Z</time>
        <extensions>
          <ns3:TrackPointExtension>
            <ns3:hr>126</ns3:hr>
            <ns3:cad>78</ns3:cad>
          </ns3:TrackPointExtension>
        </extensions>
      </trkpt>
      <trkpt lat="29.98984512872993946075439453125" lon="120.23760613985359668731689453125">
        <ele>18.3999996185302734375</ele>
        <time>2026-07-25T12:01:45.000Z</time>
        <extensions>
          <ns3:TrackPointExtension>
            <ns3:hr>126</ns3:hr>
            <ns3:cad>78</ns3:cad>
          </ns3:TrackPointExtension>
        </extensions>
      </trkpt>
      <trkpt lat="29.989840686321258544921875" lon="120.23763027973473072052001953125">
        <ele>18.200000762939453125</ele>
        <time>2026-07-25T12:01:46.000Z</time>
        <extensions>
          <ns3:TrackPointExtension>
            <ns3:hr>126</ns3:hr>
            <ns3:cad>78</ns3:cad>
          </ns3:TrackPointExtension>
        </extensions>
      </trkpt>
      <trkpt lat="29.98983372934162616729736328125" lon="120.2376501448452472686767578125">
        <ele>18</ele>
        <time>2026-07-25T12:01:47.000Z</time>
        <extensions>
          <ns3:TrackPointExtension>
            <ns3:hr>126</ns3:hr>
            <ns3:cad>76</ns3:cad>
          </ns3:TrackPointExtension>
        </extensions>
      </trkpt>
      <trkpt lat="29.9898312985897064208984375" lon="120.237667746841907501220703125">
        <ele>18</ele>
        <time>2026-07-25T12:01:48.000Z</time>
        <extensions>
          <ns3:TrackPointExtension>
            <ns3:hr>126</ns3:hr>
            <ns3:cad>76</ns3:cad>
          </ns3:TrackPointExtension>
        </extensions>
      </trkpt>
      <trkpt lat="29.98982316814363002777099609375" lon="120.23769079707562923431396484375">
        <ele>17.799999237060546875</ele>
        <time>2026-07-25T12:01:49.000Z</time>
        <extensions>
          <ns3:TrackPointExtension>
            <ns3:hr>127</ns3:hr>
            <ns3:cad>78</ns3:cad>
          </ns3:TrackPointExtension>
        </extensions>
      </trkpt>
      <trkpt lat="29.98981679789721965789794921875" lon="120.23771242238581180572509765625">
        <ele>17.6000003814697265625</ele>
        <time>2026-07-25T12:01:50.000Z</time>
        <extensions>
          <ns3:TrackPointExtension>
            <ns3:hr>127</ns3:hr>
            <ns3:cad>78</ns3:cad>
          </ns3:TrackPointExtension>
        </extensions>
      </trkpt>
      <trkpt lat="29.989809505641460418701171875" lon="120.23772918619215488433837890625">
        <ele>17.3999996185302734375</ele>
        <time>2026-07-25T12:01:51.000Z</time>
        <extensions>
          <ns3:TrackPointExtension>
            <ns3:hr>127</ns3:hr>
            <ns3:cad>78</ns3:cad>
          </ns3:TrackPointExtension>
        </extensions>
      </trkpt>
      <trkpt lat="29.98980305157601833343505859375" lon="120.23774879984557628631591796875">
        <ele>17.200000762939453125</ele>
        <time>2026-07-25T12:01:52.000Z</time>
        <extensions>
          <ns3:TrackPointExtension>
            <ns3:hr>126</ns3:hr>
            <ns3:cad>77</ns3:cad>
          </ns3:TrackPointExtension>
        </extensions>
      </trkpt>
      <trkpt lat="29.98979534022510051727294921875" lon="120.23777377791702747344970703125">
        <ele>17.200000762939453125</ele>
        <time>2026-07-25T12:01:53.000Z</time>
        <extensions>
          <ns3:TrackPointExtension>
            <ns3:hr>126</ns3:hr>
            <ns3:cad>77</ns3:cad>
          </ns3:TrackPointExtension>
        </extensions>
      </trkpt>
      <trkpt lat="29.98979031108319759368896484375" lon="120.2377934753894805908203125">
        <ele>17</ele>
        <time>2026-07-25T12:01:54.000Z</time>
        <extensions>
          <ns3:TrackPointExtension>
            <ns3:hr>126</ns3:hr>
            <ns3:cad>77</ns3:cad>
          </ns3:TrackPointExtension>
        </extensions>
      </trkpt>
      <trkpt lat="29.98978477902710437774658203125" lon="120.23781426250934600830078125">
        <ele>16.799999237060546875</ele>
        <time>2026-07-25T12:01:55.000Z</time>
        <extensions>
          <ns3:TrackPointExtension>
            <ns3:hr>125</ns3:hr>
            <ns3:cad>77</ns3:cad>
          </ns3:TrackPointExtension>
        </extensions>
      </trkpt>
      <trkpt lat="29.989771284162998199462890625" lon="120.237841419875621795654296875">
        <ele>16.6000003814697265625</ele>
        <time>2026-07-25T12:01:56.000Z</time>
        <extensions>
          <ns3:TrackPointExtension>
            <ns3:hr>125</ns3:hr>
            <ns3:cad>77</ns3:cad>
          </ns3:TrackPointExtension>
        </extensions>
      </trkpt>
      <trkpt lat="29.9897634051740169525146484375" lon="120.237864889204502105712890625">
        <ele>16.3999996185302734375</ele>
        <time>2026-07-25T12:01:57.000Z</time>
        <extensions>
          <ns3:TrackPointExtension>
            <ns3:hr>124</ns3:hr>
            <ns3:cad>77</ns3:cad>
          </ns3:TrackPointExtension>
        </extensions>
      </trkpt>
      <trkpt lat="29.98975686728954315185546875" lon="120.237881653010845184326171875">
        <ele>16.200000762939453125</ele>
        <time>2026-07-25T12:01:58.000Z</time>
        <extensions>
          <ns3:TrackPointExtension>
            <ns3:hr>124</ns3:hr>
            <ns3:cad>76</ns3:cad>
          </ns3:TrackPointExtension>
        </extensions>
      </trkpt>
      <trkpt lat="29.98975141905248165130615234375" lon="120.2379046194255352020263671875">
        <ele>16</ele>
        <time>2026-07-25T12:01:59.000Z</time>
        <extensions>
          <ns3:TrackPointExtension>
            <ns3:hr>124</ns3:hr>
            <ns3:cad>76</ns3:cad>
          </ns3:TrackPointExtension>
        </extensions>
      </trkpt>
      <trkpt lat="29.98974588699638843536376953125" lon="120.237928591668605804443359375">
        <ele>16</ele>
        <time>2026-07-25T12:02:00.000Z</time>
        <extensions>
          <ns3:TrackPointExtension>
            <ns3:hr>123</ns3:hr>
            <ns3:cad>77</ns3:cad>
          </ns3:TrackPointExtension>
        </extensions>
      </trkpt>
      <trkpt lat="29.98973566107451915740966796875" lon="120.23794745095074176788330078125">
        <ele>15.80000019073486328125</ele>
        <time>2026-07-25T12:02:01.000Z</time>
        <extensions>
          <ns3:TrackPointExtension>
            <ns3:hr>123</ns3:hr>
            <ns3:cad>77</ns3:cad>
          </ns3:TrackPointExtension>
        </extensions>
      </trkpt>
      <trkpt lat="29.989733397960662841796875" lon="120.2379649691283702850341796875">
        <ele>15.6000003814697265625</ele>
        <time>2026-07-25T12:02:02.000Z</time>
        <extensions>
          <ns3:TrackPointExtension>
            <ns3:hr>123</ns3:hr>
            <ns3:cad>79</ns3:cad>
          </ns3:TrackPointExtension>
        </extensions>
      </trkpt>
      <trkpt lat="29.989723004400730133056640625" lon="120.23799355141818523406982421875">
        <ele>15.3999996185302734375</ele>
        <time>2026-07-25T12:02:03.000Z</time>
        <extensions>
          <ns3:TrackPointExtension>
            <ns3:hr>124</ns3:hr>
            <ns3:cad>79</ns3:cad>
          </ns3:TrackPointExtension>
        </extensions>
      </trkpt>
      <trkpt lat="29.989718310534954071044921875" lon="120.2380169369280338287353515625">
        <ele>15.19999980926513671875</ele>
        <time>2026-07-25T12:02:04.000Z</time>
        <extensions>
          <ns3:TrackPointExtension>
            <ns3:hr>124</ns3:hr>
            <ns3:cad>78</ns3:cad>
          </ns3:TrackPointExtension>
        </extensions>
      </trkpt>
      <trkpt lat="29.98971705324947834014892578125" lon="120.23803311400115489959716796875">
        <ele>15</ele>
        <time>2026-07-25T12:02:05.000Z</time>
        <extensions>
          <ns3:TrackPointExtension>
            <ns3:hr>124</ns3:hr>
            <ns3:cad>77</ns3:cad>
          </ns3:TrackPointExtension>
        </extensions>
      </trkpt>
      <trkpt lat="29.98971286229789257049560546875" lon="120.23805758915841579437255859375">
        <ele>14.80000019073486328125</ele>
        <time>2026-07-25T12:02:06.000Z</time>
        <extensions>
          <ns3:TrackPointExtension>
            <ns3:hr>124</ns3:hr>
            <ns3:cad>77</ns3:cad>
          </ns3:TrackPointExtension>
        </extensions>
      </trkpt>
      <trkpt lat="29.98971520923078060150146484375" lon="120.238083489239215850830078125">
        <ele>14.6000003814697265625</ele>
        <time>2026-07-25T12:02:07.000Z</time>
        <extensions>
          <ns3:TrackPointExtension>
            <ns3:hr>125</ns3:hr>
            <ns3:cad>77</ns3:cad>
          </ns3:TrackPointExtension>
        </extensions>
      </trkpt>
      <trkpt lat="29.9897131137549877166748046875" lon="120.23810368962585926055908203125">
        <ele>14.6000003814697265625</ele>
        <time>2026-07-25T12:02:08.000Z</time>
        <extensions>
          <ns3:TrackPointExtension>
            <ns3:hr>124</ns3:hr>
            <ns3:cad>79</ns3:cad>
          </ns3:TrackPointExtension>
        </extensions>
      </trkpt>
      <trkpt lat="29.98971353285014629364013671875" lon="120.2381255663931369781494140625">
        <ele>14.3999996185302734375</ele>
        <time>2026-07-25T12:02:09.000Z</time>
        <extensions>
          <ns3:TrackPointExtension>
            <ns3:hr>124</ns3:hr>
            <ns3:cad>79</ns3:cad>
          </ns3:TrackPointExtension>
        </extensions>
      </trkpt>
      <trkpt lat="29.9897080846130847930908203125" lon="120.23815548978745937347412109375">
        <ele>14.19999980926513671875</ele>
        <time>2026-07-25T12:02:10.000Z</time>
        <extensions>
          <ns3:TrackPointExtension>
            <ns3:hr>125</ns3:hr>
            <ns3:cad>77</ns3:cad>
          </ns3:TrackPointExtension>
        </extensions>
      </trkpt>
      <trkpt lat="29.9897027201950550079345703125" lon="120.23817694745957851409912109375">
        <ele>14</ele>
        <time>2026-07-25T12:02:11.000Z</time>
        <extensions>
          <ns3:TrackPointExtension>
            <ns3:hr>124</ns3:hr>
            <ns3:cad>77</ns3:cad>
          </ns3:TrackPointExtension>
        </extensions>
      </trkpt>
      <trkpt lat="29.9897027201950550079345703125" lon="120.2381969802081584930419921875">
        <ele>14</ele>
        <time>2026-07-25T12:02:12.000Z</time>
        <extensions>
          <ns3:TrackPointExtension>
            <ns3:hr>124</ns3:hr>
            <ns3:cad>77</ns3:cad>
          </ns3:TrackPointExtension>
        </extensions>
      </trkpt>
      <trkpt lat="29.98969358392059803009033203125" lon="120.23822598159313201904296875">
        <ele>13.80000019073486328125</ele>
        <time>2026-07-25T12:02:13.000Z</time>
        <extensions>
          <ns3:TrackPointExtension>
            <ns3:hr>124</ns3:hr>
            <ns3:cad>77</ns3:cad>
          </ns3:TrackPointExtension>
        </extensions>
      </trkpt>
      <trkpt lat="29.989690147340297698974609375" lon="120.23824836127460002899169921875">
        <ele>13.6000003814697265625</ele>
        <time>2026-07-25T12:02:14.000Z</time>
        <extensions>
          <ns3:TrackPointExtension>
            <ns3:hr>125</ns3:hr>
            <ns3:cad>77</ns3:cad>
          </ns3:TrackPointExtension>
        </extensions>
      </trkpt>
      <trkpt lat="29.98969257809221744537353515625" lon="120.23826613090932369232177734375">
        <ele>13.3999996185302734375</ele>
        <time>2026-07-25T12:02:15.000Z</time>
        <extensions>
          <ns3:TrackPointExtension>
            <ns3:hr>125</ns3:hr>
            <ns3:cad>77</ns3:cad>
          </ns3:TrackPointExtension>
        </extensions>
      </trkpt>
      <trkpt lat="29.9896916560828685760498046875" lon="120.23829177953302860260009765625">
        <ele>13.19999980926513671875</ele>
        <time>2026-07-25T12:02:16.000Z</time>
        <extensions>
          <ns3:TrackPointExtension>
            <ns3:hr>126</ns3:hr>
            <ns3:cad>77</ns3:cad>
          </ns3:TrackPointExtension>
        </extensions>
      </trkpt>
      <trkpt lat="29.989694841206073760986328125" lon="120.2383196912705898284912109375">
        <ele>13</ele>
        <time>2026-07-25T12:02:17.000Z</time>
        <extensions>
          <ns3:TrackPointExtension>
            <ns3:hr>125</ns3:hr>
            <ns3:cad>78</ns3:cad>
          </ns3:TrackPointExtension>
        </extensions>
      </trkpt>
      <trkpt lat="29.9896919913589954376220703125" lon="120.23834056220948696136474609375">
        <ele>12.80000019073486328125</ele>
        <time>2026-07-25T12:02:18.000Z</time>
        <extensions>
          <ns3:TrackPointExtension>
            <ns3:hr>125</ns3:hr>
            <ns3:cad>78</ns3:cad>
          </ns3:TrackPointExtension>
        </extensions>
      </trkpt>
      <trkpt lat="29.989696182310581207275390625" lon="120.238360427320003509521484375">
        <ele>12.80000019073486328125</ele>
        <time>2026-07-25T12:02:19.000Z</time>
        <extensions>
          <ns3:TrackPointExtension>
            <ns3:hr>125</ns3:hr>
            <ns3:cad>78</ns3:cad>
          </ns3:TrackPointExtension>
        </extensions>
      </trkpt>
      <trkpt lat="29.989690147340297698974609375" lon="120.2383880876004695892333984375">
        <ele>12.6000003814697265625</ele>
        <time>2026-07-25T12:02:20.000Z</time>
        <extensions>
          <ns3:TrackPointExtension>
            <ns3:hr>125</ns3:hr>
            <ns3:cad>78</ns3:cad>
          </ns3:TrackPointExtension>
        </extensions>
      </trkpt>
      <trkpt lat="29.98968218453228473663330078125" lon="120.23841013200581073760986328125">
        <ele>12.6000003814697265625</ele>
        <time>2026-07-25T12:02:21.000Z</time>
        <extensions>
          <ns3:TrackPointExtension>
            <ns3:hr>124</ns3:hr>
            <ns3:cad>77</ns3:cad>
          </ns3:TrackPointExtension>
        </extensions>
      </trkpt>
      <trkpt lat="29.9896829389035701751708984375" lon="120.2384283207356929779052734375">
        <ele>12.3999996185302734375</ele>
        <time>2026-07-25T12:02:22.000Z</time>
        <extensions>
          <ns3:TrackPointExtension>
            <ns3:hr>125</ns3:hr>
            <ns3:cad>77</ns3:cad>
          </ns3:TrackPointExtension>
        </extensions>
      </trkpt>
      <trkpt lat="29.9896765686571598052978515625" lon="120.2384564839303493499755859375">
        <ele>12.3999996185302734375</ele>
        <time>2026-07-25T12:02:23.000Z</time>
        <extensions>
          <ns3:TrackPointExtension>
            <ns3:hr>125</ns3:hr>
            <ns3:cad>77</ns3:cad>
          </ns3:TrackPointExtension>
        </extensions>
      </trkpt>
      <trkpt lat="29.98967128805816173553466796875" lon="120.23848020471632480621337890625">
        <ele>12.19999980926513671875</ele>
        <time>2026-07-25T12:02:24.000Z</time>
        <extensions>
          <ns3:TrackPointExtension>
            <ns3:hr>125</ns3:hr>
            <ns3:cad>77</ns3:cad>
          </ns3:TrackPointExtension>
        </extensions>
      </trkpt>
      <trkpt lat="29.989669360220432281494140625" lon="120.2384987287223339080810546875">
        <ele>12.19999980926513671875</ele>
        <time>2026-07-25T12:02:25.000Z</time>
        <extensions>
          <ns3:TrackPointExtension>
            <ns3:hr>126</ns3:hr>
            <ns3:cad>77</ns3:cad>
          </ns3:TrackPointExtension>
        </extensions>
      </trkpt>
      <trkpt lat="29.9896644987165927886962890625" lon="120.23852244950830936431884765625">
        <ele>12.19999980926513671875</ele>
        <time>2026-07-25T12:02:26.000Z</time>
        <extensions>
          <ns3:TrackPointExtension>
            <ns3:hr>125</ns3:hr>
            <ns3:cad>77</ns3:cad>
          </ns3:TrackPointExtension>
        </extensions>
      </trkpt>
      <trkpt lat="29.9896644987165927886962890625" lon="120.23854508064687252044677734375">
        <ele>12.19999980926513671875</ele>
        <time>2026-07-25T12:02:27.000Z</time>
        <extensions>
          <ns3:TrackPointExtension>
            <ns3:hr>126</ns3:hr>
            <ns3:cad>78</ns3:cad>
          </ns3:TrackPointExtension>
        </extensions>
      </trkpt>
      <trkpt lat="29.98966257087886333465576171875" lon="120.23856435902416706085205078125">
        <ele>12</ele>
        <time>2026-07-25T12:02:28.000Z</time>
        <extensions>
          <ns3:TrackPointExtension>
            <ns3:hr>126</ns3:hr>
            <ns3:cad>78</ns3:cad>
          </ns3:TrackPointExtension>
        </extensions>
      </trkpt>
      <trkpt lat="29.98966609127819538116455078125" lon="120.23858514614403247833251953125">
        <ele>12</ele>
        <time>2026-07-25T12:02:29.000Z</time>
        <extensions>
          <ns3:TrackPointExtension>
            <ns3:hr>126</ns3:hr>
            <ns3:cad>79</ns3:cad>
          </ns3:TrackPointExtension>
        </extensions>
      </trkpt>
      <trkpt lat="29.989665336906909942626953125" lon="120.23861163295805454254150390625">
        <ele>12</ele>
        <time>2026-07-25T12:02:30.000Z</time>
        <extensions>
          <ns3:TrackPointExtension>
            <ns3:hr>126</ns3:hr>
            <ns3:cad>79</ns3:cad>
          </ns3:TrackPointExtension>
        </extensions>
      </trkpt>
      <trkpt lat="29.989663660526275634765625" lon="120.2386325038969516754150390625">
        <ele>11.80000019073486328125</ele>
        <time>2026-07-25T12:02:31.000Z</time>
        <extensions>
          <ns3:TrackPointExtension>
            <ns3:hr>126</ns3:hr>
            <ns3:cad>77</ns3:cad>
          </ns3:TrackPointExtension>
        </extensions>
      </trkpt>
      <trkpt lat="29.9896695278584957122802734375" lon="120.23865186609327793121337890625">
        <ele>11.80000019073486328125</ele>
        <time>2026-07-25T12:02:32.000Z</time>
        <extensions>
          <ns3:TrackPointExtension>
            <ns3:hr>126</ns3:hr>
            <ns3:cad>77</ns3:cad>
          </ns3:TrackPointExtension>
        </extensions>
      </trkpt>
      <trkpt lat="29.98966776765882968902587890625" lon="120.23868195712566375732421875">
        <ele>11.80000019073486328125</ele>
        <time>2026-07-25T12:02:33.000Z</time>
        <extensions>
          <ns3:TrackPointExtension>
            <ns3:hr>126</ns3:hr>
            <ns3:cad>77</ns3:cad>
          </ns3:TrackPointExtension>
        </extensions>
      </trkpt>
      <trkpt lat="29.9896668456494808197021484375" lon="120.23870819248259067535400390625">
        <ele>11.6000003814697265625</ele>
        <time>2026-07-25T12:02:34.000Z</time>
        <extensions>
          <ns3:TrackPointExtension>
            <ns3:hr>126</ns3:hr>
            <ns3:cad>77</ns3:cad>
          </ns3:TrackPointExtension>
        </extensions>
      </trkpt>
      <trkpt lat="29.98967128805816173553466796875" lon="120.23872730322182178497314453125">
        <ele>11.6000003814697265625</ele>
        <time>2026-07-25T12:02:35.000Z</time>
        <extensions>
          <ns3:TrackPointExtension>
            <ns3:hr>126</ns3:hr>
            <ns3:cad>78</ns3:cad>
          </ns3:TrackPointExtension>
        </extensions>
      </trkpt>
      <trkpt lat="29.9896703660488128662109375" lon="120.23875563405454158782958984375">
        <ele>11.6000003814697265625</ele>
        <time>2026-07-25T12:02:36.000Z</time>
        <extensions>
          <ns3:TrackPointExtension>
            <ns3:hr>126</ns3:hr>
            <ns3:cad>78</ns3:cad>
          </ns3:TrackPointExtension>
        </extensions>
      </trkpt>
      <trkpt lat="29.98966810293495655059814453125" lon="120.23878253996372222900390625">
        <ele>11.6000003814697265625</ele>
        <time>2026-07-25T12:02:37.000Z</time>
        <extensions>
          <ns3:TrackPointExtension>
            <ns3:hr>126</ns3:hr>
            <ns3:cad>78</ns3:cad>
          </ns3:TrackPointExtension>
        </extensions>
      </trkpt>
      <trkpt lat="29.98967028222978115081787109375" lon="120.23879771120846271514892578125">
        <ele>11.6000003814697265625</ele>
        <time>2026-07-25T12:02:38.000Z</time>
        <extensions>
          <ns3:TrackPointExtension>
            <ns3:hr>126</ns3:hr>
            <ns3:cad>79</ns3:cad>
          </ns3:TrackPointExtension>
        </extensions>
      </trkpt>
      <trkpt lat="29.989670030772686004638671875" lon="120.2388215996325016021728515625">
        <ele>11.6000003814697265625</ele>
        <time>2026-07-25T12:02:39.000Z</time>
        <extensions>
          <ns3:TrackPointExtension>
            <ns3:hr>126</ns3:hr>
            <ns3:cad>79</ns3:cad>
          </ns3:TrackPointExtension>
        </extensions>
      </trkpt>
      <trkpt lat="29.9896732158958911895751953125" lon="120.23884934373199939727783203125">
        <ele>11.3999996185302734375</ele>
        <time>2026-07-25T12:02:40.000Z</time>
        <extensions>
          <ns3:TrackPointExtension>
            <ns3:hr>126</ns3:hr>
            <ns3:cad>79</ns3:cad>
          </ns3:TrackPointExtension>
        </extensions>
      </trkpt>
      <trkpt lat="29.9896691925823688507080078125" lon="120.238872729241847991943359375">
        <ele>11.3999996185302734375</ele>
        <time>2026-07-25T12:02:41.000Z</time>
        <extensions>
          <ns3:TrackPointExtension>
            <ns3:hr>126</ns3:hr>
            <ns3:cad>79</ns3:cad>
          </ns3:TrackPointExtension>
        </extensions>
      </trkpt>
      <trkpt lat="29.9896722100675106048583984375" lon="120.238896869122982025146484375">
        <ele>11.3999996185302734375</ele>
        <time>2026-07-25T12:02:42.000Z</time>
        <extensions>
          <ns3:TrackPointExtension>
            <ns3:hr>126</ns3:hr>
            <ns3:cad>79</ns3:cad>
          </ns3:TrackPointExtension>
        </extensions>
      </trkpt>
      <trkpt lat="29.98967346735298633575439453125" lon="120.23892645724117755889892578125">
        <ele>11.3999996185302734375</ele>
        <time>2026-07-25T12:02:43.000Z</time>
        <extensions>
          <ns3:TrackPointExtension>
            <ns3:hr>126</ns3:hr>
            <ns3:cad>78</ns3:cad>
          </ns3:TrackPointExtension>
        </extensions>
      </trkpt>
      <trkpt lat="29.989672042429447174072265625" lon="120.23895042948424816131591796875">
        <ele>11.3999996185302734375</ele>
        <time>2026-07-25T12:02:44.000Z</time>
        <extensions>
          <ns3:TrackPointExtension>
            <ns3:hr>127</ns3:hr>
            <ns3:cad>78</ns3:cad>
          </ns3:TrackPointExtension>
        </extensions>
      </trkpt>
      <trkpt lat="29.98967531137168407440185546875" lon="120.23897037841379642486572265625">
        <ele>11.19999980926513671875</ele>
        <time>2026-07-25T12:02:45.000Z</time>
        <extensions>
          <ns3:TrackPointExtension>
            <ns3:hr>127</ns3:hr>
            <ns3:cad>78</ns3:cad>
          </ns3:TrackPointExtension>
        </extensions>
      </trkpt>
      <trkpt lat="29.98967262916266918182373046875" lon="120.238996781408786773681640625">
        <ele>11.19999980926513671875</ele>
        <time>2026-07-25T12:02:46.000Z</time>
        <extensions>
          <ns3:TrackPointExtension>
            <ns3:hr>128</ns3:hr>
            <ns3:cad>78</ns3:cad>
          </ns3:TrackPointExtension>
        </extensions>
      </trkpt>
      <trkpt lat="29.98967195861041545867919921875" lon="120.2390210889279842376708984375">
        <ele>11</ele>
        <time>2026-07-25T12:02:47.000Z</time>
        <extensions>
          <ns3:TrackPointExtension>
            <ns3:hr>128</ns3:hr>
            <ns3:cad>78</ns3:cad>
          </ns3:TrackPointExtension>
        </extensions>
      </trkpt>
      <trkpt lat="29.98967782594263553619384765625" lon="120.2390388585627079010009765625">
        <ele>11</ele>
        <time>2026-07-25T12:02:48.000Z</time>
        <extensions>
          <ns3:TrackPointExtension>
            <ns3:hr>129</ns3:hr>
            <ns3:cad>78</ns3:cad>
          </ns3:TrackPointExtension>
        </extensions>
      </trkpt>
      <trkpt lat="29.9896769039332866668701171875" lon="120.2390629984438419342041015625">
        <ele>11</ele>
        <time>2026-07-25T12:02:49.000Z</time>
        <extensions>
          <ns3:TrackPointExtension>
            <ns3:hr>130</ns3:hr>
            <ns3:cad>78</ns3:cad>
          </ns3:TrackPointExtension>
        </extensions>
      </trkpt>
      <trkpt lat="29.98967749066650867462158203125" lon="120.23908504284918308258056640625">
        <ele>11</ele>
        <time>2026-07-25T12:02:50.000Z</time>
        <extensions>
          <ns3:TrackPointExtension>
            <ns3:hr>131</ns3:hr>
            <ns3:cad>78</ns3:cad>
          </ns3:TrackPointExtension>
        </extensions>
      </trkpt>
      <trkpt lat="29.98967933468520641326904296875" lon="120.23910281248390674591064453125">
        <ele>11</ele>
        <time>2026-07-25T12:02:51.000Z</time>
        <extensions>
          <ns3:TrackPointExtension>
            <ns3:hr>131</ns3:hr>
            <ns3:cad>78</ns3:cad>
          </ns3:TrackPointExtension>
        </extensions>
      </trkpt>
      <trkpt lat="29.98967916704714298248291015625" lon="120.239127539098262786865234375">
        <ele>11</ele>
        <time>2026-07-25T12:02:52.000Z</time>
        <extensions>
          <ns3:TrackPointExtension>
            <ns3:hr>132</ns3:hr>
            <ns3:cad>79</ns3:cad>
          </ns3:TrackPointExtension>
        </extensions>
      </trkpt>
      <trkpt lat="29.9896829389035701751708984375" lon="120.2391515113413333892822265625">
        <ele>11</ele>
        <time>2026-07-25T12:02:53.000Z</time>
        <extensions>
          <ns3:TrackPointExtension>
            <ns3:hr>132</ns3:hr>
            <ns3:cad>79</ns3:cad>
          </ns3:TrackPointExtension>
        </extensions>
      </trkpt>
      <trkpt lat="29.989686794579029083251953125" lon="120.239168107509613037109375">
        <ele>11</ele>
        <time>2026-07-25T12:02:54.000Z</time>
        <extensions>
          <ns3:TrackPointExtension>
            <ns3:hr>132</ns3:hr>
            <ns3:cad>78</ns3:cad>
          </ns3:TrackPointExtension>
        </extensions>
      </trkpt>
      <trkpt lat="29.98969023115932941436767578125" lon="120.2391922473907470703125">
        <ele>10.80000019073486328125</ele>
        <time>2026-07-25T12:02:55.000Z</time>
        <extensions>
          <ns3:TrackPointExtension>
            <ns3:hr>132</ns3:hr>
            <ns3:cad>78</ns3:cad>
          </ns3:TrackPointExtension>
        </extensions>
      </trkpt>
      <trkpt lat="29.989693164825439453125" lon="120.23921865038573741912841796875">
        <ele>10.80000019073486328125</ele>
        <time>2026-07-25T12:02:56.000Z</time>
        <extensions>
          <ns3:TrackPointExtension>
            <ns3:hr>133</ns3:hr>
            <ns3:cad>78</ns3:cad>
          </ns3:TrackPointExtension>
        </extensions>
      </trkpt>
      <trkpt lat="29.989698193967342376708984375" lon="120.2392391860485076904296875">
        <ele>10.80000019073486328125</ele>
        <time>2026-07-25T12:02:57.000Z</time>
        <extensions>
          <ns3:TrackPointExtension>
            <ns3:hr>132</ns3:hr>
            <ns3:cad>79</ns3:cad>
          </ns3:TrackPointExtension>
        </extensions>
      </trkpt>
      <trkpt lat="29.98970213346183300018310546875" lon="120.23926307447254657745361328125">
        <ele>10.6000003814697265625</ele>
        <time>2026-07-25T12:02:58.000Z</time>
        <extensions>
          <ns3:TrackPointExtension>
            <ns3:hr>132</ns3:hr>
            <ns3:cad>79</ns3:cad>
          </ns3:TrackPointExtension>
        </extensions>
      </trkpt>
      <trkpt lat="29.989706240594387054443359375" lon="120.239290483295917510986328125">
        <ele>10.6000003814697265625</ele>
        <time>2026-07-25T12:02:59.000Z</time>
        <extensions>
          <ns3:TrackPointExtension>
            <ns3:hr>133</ns3:hr>
            <ns3:cad>79</ns3:cad>
          </ns3:TrackPointExtension>
        </extensions>
      </trkpt>
      <trkpt lat="29.98970883898437023162841796875" lon="120.23931068368256092071533203125">
        <ele>10.6000003814697265625</ele>
        <time>2026-07-25T12:03:00.000Z</time>
        <extensions>
          <ns3:TrackPointExtension>
            <ns3:hr>133</ns3:hr>
            <ns3:cad>79</ns3:cad>
          </ns3:TrackPointExtension>
        </extensions>
      </trkpt>
      <trkpt lat="29.98971302993595600128173828125" lon="120.23933348245918750762939453125">
        <ele>10.6000003814697265625</ele>
        <time>2026-07-25T12:03:01.000Z</time>
        <extensions>
          <ns3:TrackPointExtension>
            <ns3:hr>133</ns3:hr>
            <ns3:cad>79</ns3:cad>
          </ns3:TrackPointExtension>
        </extensions>
      </trkpt>
      <trkpt lat="29.98971587978303432464599609375" lon="120.239362902939319610595703125">
        <ele>10.6000003814697265625</ele>
        <time>2026-07-25T12:03:02.000Z</time>
        <extensions>
          <ns3:TrackPointExtension>
            <ns3:hr>134</ns3:hr>
            <ns3:cad>79</ns3:cad>
          </ns3:TrackPointExtension>
        </extensions>
      </trkpt>
      <trkpt lat="29.989714957773685455322265625" lon="120.23938377387821674346923828125">
        <ele>10.6000003814697265625</ele>
        <time>2026-07-25T12:03:03.000Z</time>
        <extensions>
          <ns3:TrackPointExtension>
            <ns3:hr>134</ns3:hr>
            <ns3:cad>79</ns3:cad>
          </ns3:TrackPointExtension>
        </extensions>
      </trkpt>
      <trkpt lat="29.98971872963011264801025390625" lon="120.2394066564738750457763671875">
        <ele>10.3999996185302734375</ele>
        <time>2026-07-25T12:03:04.000Z</time>
        <extensions>
          <ns3:TrackPointExtension>
            <ns3:hr>134</ns3:hr>
            <ns3:cad>79</ns3:cad>
          </ns3:TrackPointExtension>
        </extensions>
      </trkpt>
      <trkpt lat="29.98971462249755859375" lon="120.23943607695400714874267578125">
        <ele>10.3999996185302734375</ele>
        <time>2026-07-25T12:03:05.000Z</time>
        <extensions>
          <ns3:TrackPointExtension>
            <ns3:hr>135</ns3:hr>
            <ns3:cad>79</ns3:cad>
          </ns3:TrackPointExtension>
        </extensions>
      </trkpt>
      <trkpt lat="29.98971168883144855499267578125" lon="120.2394576184451580047607421875">
        <ele>10.3999996185302734375</ele>
        <time>2026-07-25T12:03:06.000Z</time>
        <extensions>
          <ns3:TrackPointExtension>
            <ns3:hr>135</ns3:hr>
            <ns3:cad>79</ns3:cad>
          </ns3:TrackPointExtension>
        </extensions>
      </trkpt>
      <trkpt lat="29.98971822671592235565185546875" lon="120.2394770644605159759521484375">
        <ele>10.19999980926513671875</ele>
        <time>2026-07-25T12:03:07.000Z</time>
        <extensions>
          <ns3:TrackPointExtension>
            <ns3:hr>135</ns3:hr>
            <ns3:cad>79</ns3:cad>
          </ns3:TrackPointExtension>
        </extensions>
      </trkpt>
      <trkpt lat="29.9897171370685100555419921875" lon="120.23950581438839435577392578125">
        <ele>10.19999980926513671875</ele>
        <time>2026-07-25T12:03:08.000Z</time>
        <extensions>
          <ns3:TrackPointExtension>
            <ns3:hr>135</ns3:hr>
            <ns3:cad>79</ns3:cad>
          </ns3:TrackPointExtension>
        </extensions>
      </trkpt>
      <trkpt lat="29.98971487395465373992919921875" lon="120.2395266853272914886474609375">
        <ele>10.19999980926513671875</ele>
        <time>2026-07-25T12:03:09.000Z</time>
        <extensions>
          <ns3:TrackPointExtension>
            <ns3:hr>135</ns3:hr>
            <ns3:cad>79</ns3:cad>
          </ns3:TrackPointExtension>
        </extensions>
      </trkpt>
      <trkpt lat="29.9897198192775249481201171875" lon="120.239544622600078582763671875">
        <ele>10.19999980926513671875</ele>
        <time>2026-07-25T12:03:10.000Z</time>
        <extensions>
          <ns3:TrackPointExtension>
            <ns3:hr>135</ns3:hr>
            <ns3:cad>79</ns3:cad>
          </ns3:TrackPointExtension>
        </extensions>
      </trkpt>
      <trkpt lat="29.989716298878192901611328125" lon="120.23957286961376667022705078125">
        <ele>10</ele>
        <time>2026-07-25T12:03:11.000Z</time>
        <extensions>
          <ns3:TrackPointExtension>
            <ns3:hr>136</ns3:hr>
            <ns3:cad>79</ns3:cad>
          </ns3:TrackPointExtension>
        </extensions>
      </trkpt>
      <trkpt lat="29.98971604742109775543212890625" lon="120.2395957522094249725341796875">
        <ele>10</ele>
        <time>2026-07-25T12:03:12.000Z</time>
        <extensions>
          <ns3:TrackPointExtension>
            <ns3:hr>136</ns3:hr>
            <ns3:cad>79</ns3:cad>
          </ns3:TrackPointExtension>
        </extensions>
      </trkpt>
      <trkpt lat="29.9897213280200958251953125" lon="120.23961461149156093597412109375">
        <ele>10</ele>
        <time>2026-07-25T12:03:13.000Z</time>
        <extensions>
          <ns3:TrackPointExtension>
            <ns3:hr>136</ns3:hr>
            <ns3:cad>79</ns3:cad>
          </ns3:TrackPointExtension>
        </extensions>
      </trkpt>
      <trkpt lat="29.98971956782042980194091796875" lon="120.23963992483913898468017578125">
        <ele>10</ele>
        <time>2026-07-25T12:03:14.000Z</time>
        <extensions>
          <ns3:TrackPointExtension>
            <ns3:hr>135</ns3:hr>
            <ns3:cad>79</ns3:cad>
          </ns3:TrackPointExtension>
        </extensions>
      </trkpt>
      <trkpt lat="29.9897181428968906402587890625" lon="120.239661633968353271484375">
        <ele>10</ele>
        <time>2026-07-25T12:03:15.000Z</time>
        <extensions>
          <ns3:TrackPointExtension>
            <ns3:hr>135</ns3:hr>
            <ns3:cad>79</ns3:cad>
          </ns3:TrackPointExtension>
        </extensions>
      </trkpt>
      <trkpt lat="29.98971973545849323272705078125" lon="120.23967747576534748077392578125">
        <ele>10</ele>
        <time>2026-07-25T12:03:16.000Z</time>
        <extensions>
          <ns3:TrackPointExtension>
            <ns3:hr>135</ns3:hr>
            <ns3:cad>79</ns3:cad>
          </ns3:TrackPointExtension>
        </extensions>
      </trkpt>
      <trkpt lat="29.9897178076207637786865234375" lon="120.23970178328454494476318359375">
        <ele>10</ele>
        <time>2026-07-25T12:03:17.000Z</time>
        <extensions>
          <ns3:TrackPointExtension>
            <ns3:hr>135</ns3:hr>
            <ns3:cad>79</ns3:cad>
          </ns3:TrackPointExtension>
        </extensions>
      </trkpt>
      <trkpt lat="29.98971655033528804779052734375" lon="120.239723660051822662353515625">
        <ele>10</ele>
        <time>2026-07-25T12:03:18.000Z</time>
        <extensions>
          <ns3:TrackPointExtension>
            <ns3:hr>136</ns3:hr>
            <ns3:cad>79</ns3:cad>
          </ns3:TrackPointExtension>
        </extensions>
      </trkpt>
      <trkpt lat="29.98971789143979549407958984375" lon="120.23973899893462657928466796875">
        <ele>10</ele>
        <time>2026-07-25T12:03:19.000Z</time>
        <extensions>
          <ns3:TrackPointExtension>
            <ns3:hr>135</ns3:hr>
            <ns3:cad>79</ns3:cad>
          </ns3:TrackPointExtension>
        </extensions>
      </trkpt>
      <trkpt lat="29.98971705324947834014892578125" lon="120.23976213298738002777099609375">
        <ele>10</ele>
        <time>2026-07-25T12:03:20.000Z</time>
        <extensions>
          <ns3:TrackPointExtension>
            <ns3:hr>136</ns3:hr>
            <ns3:cad>79</ns3:cad>
          </ns3:TrackPointExtension>
        </extensions>
      </trkpt>
      <trkpt lat="29.9897131137549877166748046875" lon="120.2397848479449748992919921875">
        <ele>10</ele>
        <time>2026-07-25T12:03:21.000Z</time>
        <extensions>
          <ns3:TrackPointExtension>
            <ns3:hr>136</ns3:hr>
            <ns3:cad>79</ns3:cad>
          </ns3:TrackPointExtension>
        </extensions>
      </trkpt>
      <trkpt lat="29.98970590531826019287109375" lon="120.239801444113254547119140625">
        <ele>10</ele>
        <time>2026-07-25T12:03:22.000Z</time>
        <extensions>
          <ns3:TrackPointExtension>
            <ns3:hr>136</ns3:hr>
            <ns3:cad>79</ns3:cad>
          </ns3:TrackPointExtension>
        </extensions>
      </trkpt>
      <trkpt lat="29.9897027201950550079345703125" lon="120.23982323706150054931640625">
        <ele>10</ele>
        <time>2026-07-25T12:03:23.000Z</time>
        <extensions>
          <ns3:TrackPointExtension>
            <ns3:hr>136</ns3:hr>
            <ns3:cad>79</ns3:cad>
          </ns3:TrackPointExtension>
        </extensions>
      </trkpt>
      <trkpt lat="29.98969777487218379974365234375" lon="120.23984712548553943634033203125">
        <ele>10</ele>
        <time>2026-07-25T12:03:24.000Z</time>
        <extensions>
          <ns3:TrackPointExtension>
            <ns3:hr>136</ns3:hr>
            <ns3:cad>79</ns3:cad>
          </ns3:TrackPointExtension>
        </extensions>
      </trkpt>
      <trkpt lat="29.98969542793929576873779296875" lon="120.23986212909221649169921875">
        <ele>10</ele>
        <time>2026-07-25T12:03:25.000Z</time>
        <extensions>
          <ns3:TrackPointExtension>
            <ns3:hr>137</ns3:hr>
            <ns3:cad>79</ns3:cad>
          </ns3:TrackPointExtension>
        </extensions>
      </trkpt>
      <trkpt lat="29.98968872241675853729248046875" lon="120.23988761007785797119140625">
        <ele>10</ele>
        <time>2026-07-25T12:03:26.000Z</time>
        <extensions>
          <ns3:TrackPointExtension>
            <ns3:hr>136</ns3:hr>
            <ns3:cad>80</ns3:cad>
          </ns3:TrackPointExtension>
        </extensions>
      </trkpt>
      <trkpt lat="29.9896846152842044830322265625" lon="120.23991334252059459686279296875">
        <ele>9.80000019073486328125</ele>
        <time>2026-07-25T12:03:27.000Z</time>
        <extensions>
          <ns3:TrackPointExtension>
            <ns3:hr>136</ns3:hr>
            <ns3:cad>80</ns3:cad>
          </ns3:TrackPointExtension>
        </extensions>
      </trkpt>
      <trkpt lat="29.9896779097616672515869140625" lon="120.23993044160306453704833984375">
        <ele>9.80000019073486328125</ele>
        <time>2026-07-25T12:03:28.000Z</time>
        <extensions>
          <ns3:TrackPointExtension>
            <ns3:hr>137</ns3:hr>
            <ns3:cad>79</ns3:cad>
          </ns3:TrackPointExtension>
        </extensions>
      </trkpt>
      <trkpt lat="29.9896742217242717742919921875" lon="120.23995055817067623138427734375">
        <ele>9.80000019073486328125</ele>
        <time>2026-07-25T12:03:29.000Z</time>
        <extensions>
          <ns3:TrackPointExtension>
            <ns3:hr>136</ns3:hr>
            <ns3:cad>79</ns3:cad>
          </ns3:TrackPointExtension>
        </extensions>
      </trkpt>
      <trkpt lat="29.9896730482578277587890625" lon="120.23997168056666851043701171875">
        <ele>9.80000019073486328125</ele>
        <time>2026-07-25T12:03:30.000Z</time>
        <extensions>
          <ns3:TrackPointExtension>
            <ns3:hr>136</ns3:hr>
            <ns3:cad>79</ns3:cad>
          </ns3:TrackPointExtension>
        </extensions>
      </trkpt>
      <trkpt lat="29.989667348563671112060546875" lon="120.23998743854463100433349609375">
        <ele>9.80000019073486328125</ele>
        <time>2026-07-25T12:03:31.000Z</time>
        <extensions>
          <ns3:TrackPointExtension>
            <ns3:hr>137</ns3:hr>
            <ns3:cad>79</ns3:cad>
          </ns3:TrackPointExtension>
        </extensions>
      </trkpt>
      <trkpt lat="29.98966324143111705780029296875" lon="120.24000822566449642181396484375">
        <ele>9.80000019073486328125</ele>
        <time>2026-07-25T12:03:32.000Z</time>
        <extensions>
          <ns3:TrackPointExtension>
            <ns3:hr>136</ns3:hr>
            <ns3:cad>79</ns3:cad>
          </ns3:TrackPointExtension>
        </extensions>
      </trkpt>
      <trkpt lat="29.98965502716600894927978515625" lon="120.2400342933833599090576171875">
        <ele>9.80000019073486328125</ele>
        <time>2026-07-25T12:03:33.000Z</time>
        <extensions>
          <ns3:TrackPointExtension>
            <ns3:hr>136</ns3:hr>
            <ns3:cad>79</ns3:cad>
          </ns3:TrackPointExtension>
        </extensions>
      </trkpt>
      <trkpt lat="29.9896487407386302947998046875" lon="120.240053571760654449462890625">
        <ele>9.80000019073486328125</ele>
        <time>2026-07-25T12:03:34.000Z</time>
        <extensions>
          <ns3:TrackPointExtension>
            <ns3:hr>136</ns3:hr>
            <ns3:cad>79</ns3:cad>
          </ns3:TrackPointExtension>
        </extensions>
      </trkpt>
      <trkpt lat="29.98964144848287105560302734375" lon="120.24007326923310756683349609375">
        <ele>9.80000019073486328125</ele>
        <time>2026-07-25T12:03:35.000Z</time>
        <extensions>
          <ns3:TrackPointExtension>
            <ns3:hr>135</ns3:hr>
            <ns3:cad>79</ns3:cad>
          </ns3:TrackPointExtension>
        </extensions>
      </trkpt>
      <trkpt lat="29.98963088728487491607666015625" lon="120.2400973252952098846435546875">
        <ele>9.80000019073486328125</ele>
        <time>2026-07-25T12:03:36.000Z</time>
        <extensions>
          <ns3:TrackPointExtension>
            <ns3:hr>135</ns3:hr>
            <ns3:cad>79</ns3:cad>
          </ns3:TrackPointExtension>
        </extensions>
      </trkpt>
      <trkpt lat="29.9896199069917201995849609375" lon="120.2401181124150753021240234375">
        <ele>9.80000019073486328125</ele>
        <time>2026-07-25T12:03:37.000Z</time>
        <extensions>
          <ns3:TrackPointExtension>
            <ns3:hr>135</ns3:hr>
            <ns3:cad>79</ns3:cad>
          </ns3:TrackPointExtension>
        </extensions>
      </trkpt>
      <trkpt lat="29.98960934579372406005859375" lon="120.24013839662075042724609375">
        <ele>9.80000019073486328125</ele>
        <time>2026-07-25T12:03:38.000Z</time>
        <extensions>
          <ns3:TrackPointExtension>
            <ns3:hr>135</ns3:hr>
            <ns3:cad>79</ns3:cad>
          </ns3:TrackPointExtension>
        </extensions>
      </trkpt>
      <trkpt lat="29.98959870077669620513916015625" lon="120.24015851318836212158203125">
        <ele>9.80000019073486328125</ele>
        <time>2026-07-25T12:03:39.000Z</time>
        <extensions>
          <ns3:TrackPointExtension>
            <ns3:hr>135</ns3:hr>
            <ns3:cad>78</ns3:cad>
          </ns3:TrackPointExtension>
        </extensions>
      </trkpt>
      <trkpt lat="29.98958461917936801910400390625" lon="120.240177623927593231201171875">
        <ele>9.80000019073486328125</ele>
        <time>2026-07-25T12:03:40.000Z</time>
        <extensions>
          <ns3:TrackPointExtension>
            <ns3:hr>135</ns3:hr>
            <ns3:cad>78</ns3:cad>
          </ns3:TrackPointExtension>
        </extensions>
      </trkpt>
      <trkpt lat="29.989574141800403594970703125" lon="120.24019933305680751800537109375">
        <ele>9.80000019073486328125</ele>
        <time>2026-07-25T12:03:41.000Z</time>
        <extensions>
          <ns3:TrackPointExtension>
            <ns3:hr>135</ns3:hr>
            <ns3:cad>78</ns3:cad>
          </ns3:TrackPointExtension>
        </extensions>
      </trkpt>
      <trkpt lat="29.98956240713596343994140625" lon="120.2402197010815143585205078125">
        <ele>10</ele>
        <time>2026-07-25T12:03:42.000Z</time>
        <extensions>
          <ns3:TrackPointExtension>
            <ns3:hr>135</ns3:hr>
            <ns3:cad>78</ns3:cad>
          </ns3:TrackPointExtension>
        </extensions>
      </trkpt>
      <trkpt lat="29.989550672471523284912109375" lon="120.24024006910622119903564453125">
        <ele>10</ele>
        <time>2026-07-25T12:03:43.000Z</time>
        <extensions>
          <ns3:TrackPointExtension>
            <ns3:hr>135</ns3:hr>
            <ns3:cad>79</ns3:cad>
          </ns3:TrackPointExtension>
        </extensions>
      </trkpt>
      <trkpt lat="29.98954120092093944549560546875" lon="120.2402632869780063629150390625">
        <ele>10</ele>
        <time>2026-07-25T12:03:44.000Z</time>
        <extensions>
          <ns3:TrackPointExtension>
            <ns3:hr>135</ns3:hr>
            <ns3:cad>79</ns3:cad>
          </ns3:TrackPointExtension>
        </extensions>
      </trkpt>
      <trkpt lat="29.98952996917068958282470703125" lon="120.24028189480304718017578125">
        <ele>10</ele>
        <time>2026-07-25T12:03:45.000Z</time>
        <extensions>
          <ns3:TrackPointExtension>
            <ns3:hr>135</ns3:hr>
            <ns3:cad>79</ns3:cad>
          </ns3:TrackPointExtension>
        </extensions>
      </trkpt>
      <trkpt lat="29.9895183183252811431884765625" lon="120.24029706604778766632080078125">
        <ele>10</ele>
        <time>2026-07-25T12:03:46.000Z</time>
        <extensions>
          <ns3:TrackPointExtension>
            <ns3:hr>135</ns3:hr>
            <ns3:cad>79</ns3:cad>
          </ns3:TrackPointExtension>
        </extensions>
      </trkpt>
      <trkpt lat="29.9895072542130947113037109375" lon="120.2403115667402744293212890625">
        <ele>10</ele>
        <time>2026-07-25T12:03:47.000Z</time>
        <extensions>
          <ns3:TrackPointExtension>
            <ns3:hr>135</ns3:hr>
            <ns3:cad>79</ns3:cad>
          </ns3:TrackPointExtension>
        </extensions>
      </trkpt>
      <trkpt lat="29.98949275352060794830322265625" lon="120.2403286658227443695068359375">
        <ele>10</ele>
        <time>2026-07-25T12:03:48.000Z</time>
        <extensions>
          <ns3:TrackPointExtension>
            <ns3:hr>136</ns3:hr>
            <ns3:cad>79</ns3:cad>
          </ns3:TrackPointExtension>
        </extensions>
      </trkpt>
      <trkpt lat="29.9894764088094234466552734375" lon="120.24034895002841949462890625">
        <ele>10</ele>
        <time>2026-07-25T12:03:49.000Z</time>
        <extensions>
          <ns3:TrackPointExtension>
            <ns3:hr>136</ns3:hr>
            <ns3:cad>79</ns3:cad>
          </ns3:TrackPointExtension>
        </extensions>
      </trkpt>
      <trkpt lat="29.98946760781109333038330078125" lon="120.240372754633426666259765625">
        <ele>10</ele>
        <time>2026-07-25T12:03:50.000Z</time>
        <extensions>
          <ns3:TrackPointExtension>
            <ns3:hr>136</ns3:hr>
            <ns3:cad>79</ns3:cad>
          </ns3:TrackPointExtension>
        </extensions>
      </trkpt>
      <trkpt lat="29.98945453204214572906494140625" lon="120.24039027281105518341064453125">
        <ele>10</ele>
        <time>2026-07-25T12:03:51.000Z</time>
        <extensions>
          <ns3:TrackPointExtension>
            <ns3:hr>137</ns3:hr>
            <ns3:cad>79</ns3:cad>
          </ns3:TrackPointExtension>
        </extensions>
      </trkpt>
      <trkpt lat="29.989435672760009765625" lon="120.240405611693859100341796875">
        <ele>10</ele>
        <time>2026-07-25T12:03:52.000Z</time>
        <extensions>
          <ns3:TrackPointExtension>
            <ns3:hr>137</ns3:hr>
            <ns3:cad>79</ns3:cad>
          </ns3:TrackPointExtension>
        </extensions>
      </trkpt>
      <trkpt lat="29.98942284844815731048583984375" lon="120.24042078293859958648681640625">
        <ele>10</ele>
        <time>2026-07-25T12:03:53.000Z</time>
        <extensions>
          <ns3:TrackPointExtension>
            <ns3:hr>138</ns3:hr>
            <ns3:cad>79</ns3:cad>
          </ns3:TrackPointExtension>
        </extensions>
      </trkpt>
      <trkpt lat="29.989411868155002593994140625" lon="120.24044123478233814239501953125">
        <ele>10</ele>
        <time>2026-07-25T12:03:54.000Z</time>
        <extensions>
          <ns3:TrackPointExtension>
            <ns3:hr>138</ns3:hr>
            <ns3:cad>79</ns3:cad>
          </ns3:TrackPointExtension>
        </extensions>
      </trkpt>
      <trkpt lat="29.98939669691026210784912109375" lon="120.24045933969318866729736328125">
        <ele>10.19999980926513671875</ele>
        <time>2026-07-25T12:03:55.000Z</time>
        <extensions>
          <ns3:TrackPointExtension>
            <ns3:hr>138</ns3:hr>
            <ns3:cad>79</ns3:cad>
          </ns3:TrackPointExtension>
        </extensions>
      </trkpt>
      <trkpt lat="29.9893838725984096527099609375" lon="120.24047635495662689208984375">
        <ele>10.19999980926513671875</ele>
        <time>2026-07-25T12:03:56.000Z</time>
        <extensions>
          <ns3:TrackPointExtension>
            <ns3:hr>139</ns3:hr>
            <ns3:cad>79</ns3:cad>
          </ns3:TrackPointExtension>
        </extensions>
      </trkpt>
      <trkpt lat="29.98937322758138179779052734375" lon="120.240493454039096832275390625">
        <ele>10.19999980926513671875</ele>
        <time>2026-07-25T12:03:57.000Z</time>
        <extensions>
          <ns3:TrackPointExtension>
            <ns3:hr>139</ns3:hr>
            <ns3:cad>79</ns3:cad>
          </ns3:TrackPointExtension>
        </extensions>
      </trkpt>
      <trkpt lat="29.98935830779373645782470703125" lon="120.24051189422607421875">
        <ele>10.19999980926513671875</ele>
        <time>2026-07-25T12:03:58.000Z</time>
        <extensions>
          <ns3:TrackPointExtension>
            <ns3:hr>140</ns3:hr>
            <ns3:cad>78</ns3:cad>
          </ns3:TrackPointExtension>
        </extensions>
      </trkpt>
      <trkpt lat="29.98934539966285228729248046875" lon="120.2405294962227344512939453125">
        <ele>10.19999980926513671875</ele>
        <time>2026-07-25T12:03:59.000Z</time>
        <extensions>
          <ns3:TrackPointExtension>
            <ns3:hr>140</ns3:hr>
            <ns3:cad>78</ns3:cad>
          </ns3:TrackPointExtension>
        </extensions>
      </trkpt>
      <trkpt lat="29.98933400027453899383544921875" lon="120.24054751731455326080322265625">
        <ele>10.19999980926513671875</ele>
        <time>2026-07-25T12:04:00.000Z</time>
        <extensions>
          <ns3:TrackPointExtension>
            <ns3:hr>140</ns3:hr>
            <ns3:cad>79</ns3:cad>
          </ns3:TrackPointExtension>
        </extensions>
      </trkpt>
      <trkpt lat="29.9893174879252910614013671875" lon="120.24056729860603809356689453125">
        <ele>10.3999996185302734375</ele>
        <time>2026-07-25T12:04:01.000Z</time>
        <extensions>
          <ns3:TrackPointExtension>
            <ns3:hr>141</ns3:hr>
            <ns3:cad>79</ns3:cad>
          </ns3:TrackPointExtension>
        </extensions>
      </trkpt>
      <trkpt lat="29.9893084354698657989501953125" lon="120.24057953618466854095458984375">
        <ele>10.3999996185302734375</ele>
        <time>2026-07-25T12:04:02.000Z</time>
        <extensions>
          <ns3:TrackPointExtension>
            <ns3:hr>141</ns3:hr>
            <ns3:cad>79</ns3:cad>
          </ns3:TrackPointExtension>
        </extensions>
      </trkpt>
      <trkpt lat="29.989303238689899444580078125" lon="120.24059646762907505035400390625">
        <ele>10.19999980926513671875</ele>
        <time>2026-07-25T12:04:03.000Z</time>
        <extensions>
          <ns3:TrackPointExtension>
            <ns3:hr>141</ns3:hr>
            <ns3:cad>79</ns3:cad>
          </ns3:TrackPointExtension>
        </extensions>
      </trkpt>
      <trkpt lat="29.98928722925484180450439453125" lon="120.2406180091202259063720703125">
        <ele>10.19999980926513671875</ele>
        <time>2026-07-25T12:04:04.000Z</time>
        <extensions>
          <ns3:TrackPointExtension>
            <ns3:hr>141</ns3:hr>
            <ns3:cad>79</ns3:cad>
          </ns3:TrackPointExtension>
        </extensions>
      </trkpt>
      <trkpt lat="29.98927138745784759521484375" lon="120.24063519202172756195068359375">
        <ele>10</ele>
        <time>2026-07-25T12:04:05.000Z</time>
        <extensions>
          <ns3:TrackPointExtension>
            <ns3:hr>142</ns3:hr>
            <ns3:cad>79</ns3:cad>
          </ns3:TrackPointExtension>
        </extensions>
      </trkpt>
      <trkpt lat="29.98926141299307346343994140625" lon="120.240653045475482940673828125">
        <ele>10</ele>
        <time>2026-07-25T12:04:06.000Z</time>
        <extensions>
          <ns3:TrackPointExtension>
            <ns3:hr>142</ns3:hr>
            <ns3:cad>79</ns3:cad>
          </ns3:TrackPointExtension>
        </extensions>
      </trkpt>
      <trkpt lat="29.989245235919952392578125" lon="120.240676514804363250732421875">
        <ele>10</ele>
        <time>2026-07-25T12:04:07.000Z</time>
        <extensions>
          <ns3:TrackPointExtension>
            <ns3:hr>142</ns3:hr>
            <ns3:cad>80</ns3:cad>
          </ns3:TrackPointExtension>
        </extensions>
      </trkpt>
      <trkpt lat="29.989228807389736175537109375" lon="120.24069495499134063720703125">
        <ele>10</ele>
        <time>2026-07-25T12:04:08.000Z</time>
        <extensions>
          <ns3:TrackPointExtension>
            <ns3:hr>142</ns3:hr>
            <ns3:cad>80</ns3:cad>
          </ns3:TrackPointExtension>
        </extensions>
      </trkpt>
      <trkpt lat="29.98921648599207401275634765625" lon="120.24070962332189083099365234375">
        <ele>10</ele>
        <time>2026-07-25T12:04:09.000Z</time>
        <extensions>
          <ns3:TrackPointExtension>
            <ns3:hr>143</ns3:hr>
            <ns3:cad>79</ns3:cad>
          </ns3:TrackPointExtension>
        </extensions>
      </trkpt>
      <trkpt lat="29.9892001412808895111083984375" lon="120.2407289855182170867919921875">
        <ele>10</ele>
        <time>2026-07-25T12:04:10.000Z</time>
        <extensions>
          <ns3:TrackPointExtension>
            <ns3:hr>142</ns3:hr>
            <ns3:cad>79</ns3:cad>
          </ns3:TrackPointExtension>
        </extensions>
      </trkpt>
      <trkpt lat="29.989185892045497894287109375" lon="120.2407464198768138885498046875">
        <ele>10.19999980926513671875</ele>
        <time>2026-07-25T12:04:11.000Z</time>
        <extensions>
          <ns3:TrackPointExtension>
            <ns3:hr>142</ns3:hr>
            <ns3:cad>79</ns3:cad>
          </ns3:TrackPointExtension>
        </extensions>
      </trkpt>
      <trkpt lat="29.98917910270392894744873046875" lon="120.240761674940586090087890625">
        <ele>10.19999980926513671875</ele>
        <time>2026-07-25T12:04:12.000Z</time>
        <extensions>
          <ns3:TrackPointExtension>
            <ns3:hr>142</ns3:hr>
            <ns3:cad>79</ns3:cad>
          </ns3:TrackPointExtension>
        </extensions>
      </trkpt>
      <trkpt lat="29.9891662783920764923095703125" lon="120.24078154005110263824462890625">
        <ele>10.19999980926513671875</ele>
        <time>2026-07-25T12:04:13.000Z</time>
        <extensions>
          <ns3:TrackPointExtension>
            <ns3:hr>143</ns3:hr>
            <ns3:cad>79</ns3:cad>
          </ns3:TrackPointExtension>
        </extensions>
      </trkpt>
      <trkpt lat="29.98915161006152629852294921875" lon="120.24079930968582630157470703125">
        <ele>10.19999980926513671875</ele>
        <time>2026-07-25T12:04:14.000Z</time>
        <extensions>
          <ns3:TrackPointExtension>
            <ns3:hr>142</ns3:hr>
            <ns3:cad>79</ns3:cad>
          </ns3:TrackPointExtension>
        </extensions>
      </trkpt>
      <trkpt lat="29.989147000014781951904296875" lon="120.2408123016357421875">
        <ele>10.19999980926513671875</ele>
        <time>2026-07-25T12:04:15.000Z</time>
        <extensions>
          <ns3:TrackPointExtension>
            <ns3:hr>143</ns3:hr>
            <ns3:cad>79</ns3:cad>
          </ns3:TrackPointExtension>
        </extensions>
      </trkpt>
      <trkpt lat="29.9891339242458343505859375" lon="120.24083451367914676666259765625">
        <ele>10.19999980926513671875</ele>
        <time>2026-07-25T12:04:16.000Z</time>
        <extensions>
          <ns3:TrackPointExtension>
            <ns3:hr>143</ns3:hr>
            <ns3:cad>79</ns3:cad>
          </ns3:TrackPointExtension>
        </extensions>
      </trkpt>
      <trkpt lat="29.98911523260176181793212890625" lon="120.2408547140657901763916015625">
        <ele>10.3999996185302734375</ele>
        <time>2026-07-25T12:04:17.000Z</time>
        <extensions>
          <ns3:TrackPointExtension>
            <ns3:hr>143</ns3:hr>
            <ns3:cad>79</ns3:cad>
          </ns3:TrackPointExtension>
        </extensions>
      </trkpt>
      <trkpt lat="29.98910643160343170166015625" lon="120.2408744953572750091552734375">
        <ele>10.3999996185302734375</ele>
        <time>2026-07-25T12:04:18.000Z</time>
        <extensions>
          <ns3:TrackPointExtension>
            <ns3:hr>143</ns3:hr>
            <ns3:cad>79</ns3:cad>
          </ns3:TrackPointExtension>
        </extensions>
      </trkpt>
      <trkpt lat="29.98909360729157924652099609375" lon="120.24089335463941097259521484375">
        <ele>10.6000003814697265625</ele>
        <time>2026-07-25T12:04:19.000Z</time>
        <extensions>
          <ns3:TrackPointExtension>
            <ns3:hr>143</ns3:hr>
            <ns3:cad>79</ns3:cad>
          </ns3:TrackPointExtension>
        </extensions>
      </trkpt>
      <trkpt lat="29.98907751403748989105224609375" lon="120.24090995080769062042236328125">
        <ele>10.3999996185302734375</ele>
        <time>2026-07-25T12:04:20.000Z</time>
        <extensions>
          <ns3:TrackPointExtension>
            <ns3:hr>144</ns3:hr>
            <ns3:cad>79</ns3:cad>
          </ns3:TrackPointExtension>
        </extensions>
      </trkpt>
      <trkpt lat="29.98906812630593776702880859375" lon="120.24092906154692173004150390625">
        <ele>10.3999996185302734375</ele>
        <time>2026-07-25T12:04:21.000Z</time>
        <extensions>
          <ns3:TrackPointExtension>
            <ns3:hr>144</ns3:hr>
            <ns3:cad>79</ns3:cad>
          </ns3:TrackPointExtension>
        </extensions>
      </trkpt>
      <trkpt lat="29.9890496022999286651611328125" lon="120.24095202796161174774169921875">
        <ele>10.3999996185302734375</ele>
        <time>2026-07-25T12:04:22.000Z</time>
        <extensions>
          <ns3:TrackPointExtension>
            <ns3:hr>144</ns3:hr>
            <ns3:cad>79</ns3:cad>
          </ns3:TrackPointExtension>
        </extensions>
      </trkpt>
      <trkpt lat="29.9890328384935855865478515625" lon="120.24097130633890628814697265625">
        <ele>10.3999996185302734375</ele>
        <time>2026-07-25T12:04:23.000Z</time>
        <extensions>
          <ns3:TrackPointExtension>
            <ns3:hr>144</ns3:hr>
            <ns3:cad>79</ns3:cad>
          </ns3:TrackPointExtension>
        </extensions>
      </trkpt>
      <trkpt lat="29.98902303166687488555908203125" lon="120.24098790250718593597412109375">
        <ele>10.19999980926513671875</ele>
        <time>2026-07-25T12:04:24.000Z</time>
        <extensions>
          <ns3:TrackPointExtension>
            <ns3:hr>144</ns3:hr>
            <ns3:cad>79</ns3:cad>
          </ns3:TrackPointExtension>
        </extensions>
      </trkpt>
      <trkpt lat="29.989007525146007537841796875" lon="120.2410065941512584686279296875">
        <ele>10.19999980926513671875</ele>
        <time>2026-07-25T12:04:25.000Z</time>
        <extensions>
          <ns3:TrackPointExtension>
            <ns3:hr>144</ns3:hr>
            <ns3:cad>79</ns3:cad>
          </ns3:TrackPointExtension>
        </extensions>
      </trkpt>
      <trkpt lat="29.988990761339664459228515625" lon="120.24102226831018924713134765625">
        <ele>10.19999980926513671875</ele>
        <time>2026-07-25T12:04:26.000Z</time>
        <extensions>
          <ns3:TrackPointExtension>
            <ns3:hr>144</ns3:hr>
            <ns3:cad>79</ns3:cad>
          </ns3:TrackPointExtension>
        </extensions>
      </trkpt>
      <trkpt lat="29.98897902667522430419921875" lon="120.2410357631742954254150390625">
        <ele>10.19999980926513671875</ele>
        <time>2026-07-25T12:04:27.000Z</time>
        <extensions>
          <ns3:TrackPointExtension>
            <ns3:hr>144</ns3:hr>
            <ns3:cad>79</ns3:cad>
          </ns3:TrackPointExtension>
        </extensions>
      </trkpt>
      <trkpt lat="29.9889624305069446563720703125" lon="120.2410515211522579193115234375">
        <ele>10.19999980926513671875</ele>
        <time>2026-07-25T12:04:28.000Z</time>
        <extensions>
          <ns3:TrackPointExtension>
            <ns3:hr>144</ns3:hr>
            <ns3:cad>80</ns3:cad>
          </ns3:TrackPointExtension>
        </extensions>
      </trkpt>
      <trkpt lat="29.9889449961483478546142578125" lon="120.24106903932988643646240234375">
        <ele>10.19999980926513671875</ele>
        <time>2026-07-25T12:04:29.000Z</time>
        <extensions>
          <ns3:TrackPointExtension>
            <ns3:hr>144</ns3:hr>
            <ns3:cad>80</ns3:cad>
          </ns3:TrackPointExtension>
        </extensions>
      </trkpt>
      <trkpt lat="29.9889335967600345611572265625" lon="120.2410840429365634918212890625">
        <ele>10.3999996185302734375</ele>
        <time>2026-07-25T12:04:30.000Z</time>
        <extensions>
          <ns3:TrackPointExtension>
            <ns3:hr>144</ns3:hr>
            <ns3:cad>80</ns3:cad>
          </ns3:TrackPointExtension>
        </extensions>
      </trkpt>
      <trkpt lat="29.988917000591754913330078125" lon="120.241103656589984893798828125">
        <ele>10.3999996185302734375</ele>
        <time>2026-07-25T12:04:31.000Z</time>
        <extensions>
          <ns3:TrackPointExtension>
            <ns3:hr>145</ns3:hr>
            <ns3:cad>79</ns3:cad>
          </ns3:TrackPointExtension>
        </extensions>
      </trkpt>
      <trkpt lat="29.98890115879476070404052734375" lon="120.24112402461469173431396484375">
        <ele>10.3999996185302734375</ele>
        <time>2026-07-25T12:04:32.000Z</time>
        <extensions>
          <ns3:TrackPointExtension>
            <ns3:hr>145</ns3:hr>
            <ns3:cad>79</ns3:cad>
          </ns3:TrackPointExtension>
        </extensions>
      </trkpt>
      <trkpt lat="29.988890849053859710693359375" lon="120.2411408722400665283203125">
        <ele>10.3999996185302734375</ele>
        <time>2026-07-25T12:04:33.000Z</time>
        <extensions>
          <ns3:TrackPointExtension>
            <ns3:hr>145</ns3:hr>
            <ns3:cad>79</ns3:cad>
          </ns3:TrackPointExtension>
        </extensions>
      </trkpt>
      <trkpt lat="29.988877438008785247802734375" lon="120.241161994636058807373046875">
        <ele>10.3999996185302734375</ele>
        <time>2026-07-25T12:04:34.000Z</time>
        <extensions>
          <ns3:TrackPointExtension>
            <ns3:hr>145</ns3:hr>
            <ns3:cad>79</ns3:cad>
          </ns3:TrackPointExtension>
        </extensions>
      </trkpt>
      <trkpt lat="29.98885941691696643829345703125" lon="120.241184793412685394287109375">
        <ele>10.3999996185302734375</ele>
        <time>2026-07-25T12:04:35.000Z</time>
        <extensions>
          <ns3:TrackPointExtension>
            <ns3:hr>145</ns3:hr>
            <ns3:cad>79</ns3:cad>
          </ns3:TrackPointExtension>
        </extensions>
      </trkpt>
      <trkpt lat="29.98884759843349456787109375" lon="120.2412000484764575958251953125">
        <ele>10.3999996185302734375</ele>
        <time>2026-07-25T12:04:36.000Z</time>
        <extensions>
          <ns3:TrackPointExtension>
            <ns3:hr>145</ns3:hr>
            <ns3:cad>80</ns3:cad>
          </ns3:TrackPointExtension>
        </extensions>
      </trkpt>
      <trkpt lat="29.988831840455532073974609375" lon="120.2412205003201961517333984375">
        <ele>10.3999996185302734375</ele>
        <time>2026-07-25T12:04:37.000Z</time>
        <extensions>
          <ns3:TrackPointExtension>
            <ns3:hr>146</ns3:hr>
            <ns3:cad>80</ns3:cad>
          </ns3:TrackPointExtension>
        </extensions>
      </trkpt>
      <trkpt lat="29.98881675302982330322265625" lon="120.24123868905007839202880859375">
        <ele>10.3999996185302734375</ele>
        <time>2026-07-25T12:04:38.000Z</time>
        <extensions>
          <ns3:TrackPointExtension>
            <ns3:hr>145</ns3:hr>
            <ns3:cad>79</ns3:cad>
          </ns3:TrackPointExtension>
        </extensions>
      </trkpt>
      <trkpt lat="29.98881013132631778717041015625" lon="120.24125444702804088592529296875">
        <ele>10.3999996185302734375</ele>
        <time>2026-07-25T12:04:39.000Z</time>
        <extensions>
          <ns3:TrackPointExtension>
            <ns3:hr>146</ns3:hr>
            <ns3:cad>79</ns3:cad>
          </ns3:TrackPointExtension>
        </extensions>
      </trkpt>
      <trkpt lat="29.9887964688241481781005859375" lon="120.24127808399498462677001953125">
        <ele>10.3999996185302734375</ele>
        <time>2026-07-25T12:04:40.000Z</time>
        <extensions>
          <ns3:TrackPointExtension>
            <ns3:hr>146</ns3:hr>
            <ns3:cad>80</ns3:cad>
          </ns3:TrackPointExtension>
        </extensions>
      </trkpt>
      <trkpt lat="29.988784231245517730712890625" lon="120.2412996254861354827880859375">
        <ele>10.3999996185302734375</ele>
        <time>2026-07-25T12:04:41.000Z</time>
        <extensions>
          <ns3:TrackPointExtension>
            <ns3:hr>146</ns3:hr>
            <ns3:cad>80</ns3:cad>
          </ns3:TrackPointExtension>
        </extensions>
      </trkpt>
      <trkpt lat="29.9887800402939319610595703125" lon="120.24131563492119312286376953125">
        <ele>10.3999996185302734375</ele>
        <time>2026-07-25T12:04:42.000Z</time>
        <extensions>
          <ns3:TrackPointExtension>
            <ns3:hr>145</ns3:hr>
            <ns3:cad>80</ns3:cad>
          </ns3:TrackPointExtension>
        </extensions>
      </trkpt>
      <trkpt lat="29.9887662939727306365966796875" lon="120.2413422055542469024658203125">
        <ele>10.3999996185302734375</ele>
        <time>2026-07-25T12:04:43.000Z</time>
        <extensions>
          <ns3:TrackPointExtension>
            <ns3:hr>146</ns3:hr>
            <ns3:cad>80</ns3:cad>
          </ns3:TrackPointExtension>
        </extensions>
      </trkpt>
      <trkpt lat="29.98875548131763935089111328125" lon="120.24136408232152462005615234375">
        <ele>10.3999996185302734375</ele>
        <time>2026-07-25T12:04:44.000Z</time>
        <extensions>
          <ns3:TrackPointExtension>
            <ns3:hr>146</ns3:hr>
            <ns3:cad>80</ns3:cad>
          </ns3:TrackPointExtension>
        </extensions>
      </trkpt>
      <trkpt lat="29.98874911107122898101806640625" lon="120.241383612155914306640625">
        <ele>10.3999996185302734375</ele>
        <time>2026-07-25T12:04:45.000Z</time>
        <extensions>
          <ns3:TrackPointExtension>
            <ns3:hr>146</ns3:hr>
            <ns3:cad>80</ns3:cad>
          </ns3:TrackPointExtension>
        </extensions>
      </trkpt>
      <trkpt lat="29.98873720876872539520263671875" lon="120.241411440074443817138671875">
        <ele>10.3999996185302734375</ele>
        <time>2026-07-25T12:04:46.000Z</time>
        <extensions>
          <ns3:TrackPointExtension>
            <ns3:hr>146</ns3:hr>
            <ns3:cad>80</ns3:cad>
          </ns3:TrackPointExtension>
        </extensions>
      </trkpt>
      <trkpt lat="29.98872824013233184814453125" lon="120.24143214337527751922607421875">
        <ele>10.6000003814697265625</ele>
        <time>2026-07-25T12:04:47.000Z</time>
        <extensions>
          <ns3:TrackPointExtension>
            <ns3:hr>146</ns3:hr>
            <ns3:cad>80</ns3:cad>
          </ns3:TrackPointExtension>
        </extensions>
      </trkpt>
      <trkpt lat="29.9887257255613803863525390625" lon="120.24145225994288921356201171875">
        <ele>10.6000003814697265625</ele>
        <time>2026-07-25T12:04:48.000Z</time>
        <extensions>
          <ns3:TrackPointExtension>
            <ns3:hr>146</ns3:hr>
            <ns3:cad>80</ns3:cad>
          </ns3:TrackPointExtension>
        </extensions>
      </trkpt>
      <trkpt lat="29.98871860094368457794189453125" lon="120.2414786629378795623779296875">
        <ele>10.3999996185302734375</ele>
        <time>2026-07-25T12:04:49.000Z</time>
        <extensions>
          <ns3:TrackPointExtension>
            <ns3:hr>147</ns3:hr>
            <ns3:cad>80</ns3:cad>
          </ns3:TrackPointExtension>
        </extensions>
      </trkpt>
      <trkpt lat="29.9887163378298282623291015625" lon="120.241498611867427825927734375">
        <ele>10.3999996185302734375</ele>
        <time>2026-07-25T12:04:50.000Z</time>
        <extensions>
          <ns3:TrackPointExtension>
            <ns3:hr>147</ns3:hr>
            <ns3:cad>81</ns3:cad>
          </ns3:TrackPointExtension>
        </extensions>
      </trkpt>
      <trkpt lat="29.9887163378298282623291015625" lon="120.2415172196924686431884765625">
        <ele>10.3999996185302734375</ele>
        <time>2026-07-25T12:04:51.000Z</time>
        <extensions>
          <ns3:TrackPointExtension>
            <ns3:hr>147</ns3:hr>
            <ns3:cad>81</ns3:cad>
          </ns3:TrackPointExtension>
        </extensions>
      </trkpt>
      <trkpt lat="29.9887119792401790618896484375" lon="120.24154194630682468414306640625">
        <ele>10.3999996185302734375</ele>
        <time>2026-07-25T12:04:52.000Z</time>
        <extensions>
          <ns3:TrackPointExtension>
            <ns3:hr>147</ns3:hr>
            <ns3:cad>81</ns3:cad>
          </ns3:TrackPointExtension>
        </extensions>
      </trkpt>
      <trkpt lat="29.98870946466922760009765625" lon="120.24156005121767520904541015625">
        <ele>10.6000003814697265625</ele>
        <time>2026-07-25T12:04:53.000Z</time>
        <extensions>
          <ns3:TrackPointExtension>
            <ns3:hr>147</ns3:hr>
            <ns3:cad>80</ns3:cad>
          </ns3:TrackPointExtension>
        </extensions>
      </trkpt>
      <trkpt lat="29.988709799945354461669921875" lon="120.24157832376658916473388671875">
        <ele>10.6000003814697265625</ele>
        <time>2026-07-25T12:04:54.000Z</time>
        <extensions>
          <ns3:TrackPointExtension>
            <ns3:hr>147</ns3:hr>
            <ns3:cad>80</ns3:cad>
          </ns3:TrackPointExtension>
        </extensions>
      </trkpt>
      <trkpt lat="29.9887069500982761383056640625" lon="120.24160715751349925994873046875">
        <ele>10.6000003814697265625</ele>
        <time>2026-07-25T12:04:55.000Z</time>
        <extensions>
          <ns3:TrackPointExtension>
            <ns3:hr>147</ns3:hr>
            <ns3:cad>80</ns3:cad>
          </ns3:TrackPointExtension>
        </extensions>
      </trkpt>
      <trkpt lat="29.9887046031653881072998046875" lon="120.2416275255382061004638671875">
        <ele>10.6000003814697265625</ele>
        <time>2026-07-25T12:04:56.000Z</time>
        <extensions>
          <ns3:TrackPointExtension>
            <ns3:hr>147</ns3:hr>
            <ns3:cad>81</ns3:cad>
          </ns3:TrackPointExtension>
        </extensions>
      </trkpt>
      <trkpt lat="29.988703429698944091796875" lon="120.2416486479341983795166015625">
        <ele>10.6000003814697265625</ele>
        <time>2026-07-25T12:04:57.000Z</time>
        <extensions>
          <ns3:TrackPointExtension>
            <ns3:hr>147</ns3:hr>
            <ns3:cad>80</ns3:cad>
          </ns3:TrackPointExtension>
        </extensions>
      </trkpt>
      <trkpt lat="29.98870066367089748382568359375" lon="120.24167790077626705169677734375">
        <ele>10.6000003814697265625</ele>
        <time>2026-07-25T12:04:58.000Z</time>
        <extensions>
          <ns3:TrackPointExtension>
            <ns3:hr>147</ns3:hr>
            <ns3:cad>81</ns3:cad>
          </ns3:TrackPointExtension>
        </extensions>
      </trkpt>
      <trkpt lat="29.98869848437607288360595703125" lon="120.2416962571442127227783203125">
        <ele>10.6000003814697265625</ele>
        <time>2026-07-25T12:04:59.000Z</time>
        <extensions>
          <ns3:TrackPointExtension>
            <ns3:hr>147</ns3:hr>
            <ns3:cad>81</ns3:cad>
          </ns3:TrackPointExtension>
        </extensions>
      </trkpt>
      <trkpt lat="29.98869630508124828338623046875" lon="120.24172131903469562530517578125">
        <ele>10.6000003814697265625</ele>
        <time>2026-07-25T12:05:00.000Z</time>
        <extensions>
          <ns3:TrackPointExtension>
            <ns3:hr>148</ns3:hr>
            <ns3:cad>81</ns3:cad>
          </ns3:TrackPointExtension>
        </extensions>
      </trkpt>
      <trkpt lat="29.98869479633867740631103515625" lon="120.24175032041966915130615234375">
        <ele>10.6000003814697265625</ele>
        <time>2026-07-25T12:05:01.000Z</time>
        <extensions>
          <ns3:TrackPointExtension>
            <ns3:hr>147</ns3:hr>
            <ns3:cad>81</ns3:cad>
          </ns3:TrackPointExtension>
        </extensions>
      </trkpt>
      <trkpt lat="29.9886878393590450286865234375" lon="120.2417706884443759918212890625">
        <ele>10.6000003814697265625</ele>
        <time>2026-07-25T12:05:02.000Z</time>
        <extensions>
          <ns3:TrackPointExtension>
            <ns3:hr>147</ns3:hr>
            <ns3:cad>80</ns3:cad>
          </ns3:TrackPointExtension>
        </extensions>
      </trkpt>
      <trkpt lat="29.98868398368358612060546875" lon="120.24179038591682910919189453125">
        <ele>10.6000003814697265625</ele>
        <time>2026-07-25T12:05:03.000Z</time>
        <extensions>
          <ns3:TrackPointExtension>
            <ns3:hr>147</ns3:hr>
            <ns3:cad>80</ns3:cad>
          </ns3:TrackPointExtension>
        </extensions>
      </trkpt>
      <trkpt lat="29.9886777810752391815185546875" lon="120.24181586690247058868408203125">
        <ele>10.6000003814697265625</ele>
        <time>2026-07-25T12:05:04.000Z</time>
        <extensions>
          <ns3:TrackPointExtension>
            <ns3:hr>147</ns3:hr>
            <ns3:cad>80</ns3:cad>
          </ns3:TrackPointExtension>
        </extensions>
      </trkpt>
      <trkpt lat="29.988666884601116180419921875" lon="120.24183078669011592864990234375">
        <ele>10.6000003814697265625</ele>
        <time>2026-07-25T12:05:05.000Z</time>
        <extensions>
          <ns3:TrackPointExtension>
            <ns3:hr>147</ns3:hr>
            <ns3:cad>80</ns3:cad>
          </ns3:TrackPointExtension>
        </extensions>
      </trkpt>
      <trkpt lat="29.98865439556539058685302734375" lon="120.24185006506741046905517578125">
        <ele>10.6000003814697265625</ele>
        <time>2026-07-25T12:05:06.000Z</time>
        <extensions>
          <ns3:TrackPointExtension>
            <ns3:hr>147</ns3:hr>
            <ns3:cad>80</ns3:cad>
          </ns3:TrackPointExtension>
        </extensions>
      </trkpt>
      <trkpt lat="29.98864299617707729339599609375" lon="120.2418642304837703704833984375">
        <ele>10.6000003814697265625</ele>
        <time>2026-07-25T12:05:07.000Z</time>
        <extensions>
          <ns3:TrackPointExtension>
            <ns3:hr>147</ns3:hr>
            <ns3:cad>80</ns3:cad>
          </ns3:TrackPointExtension>
        </extensions>
      </trkpt>
      <trkpt lat="29.98865338973701000213623046875" lon="120.2418766357004642486572265625">
        <ele>10.6000003814697265625</ele>
        <time>2026-07-25T12:05:08.000Z</time>
        <extensions>
          <ns3:TrackPointExtension>
            <ns3:hr>148</ns3:hr>
            <ns3:cad>79</ns3:cad>
          </ns3:TrackPointExtension>
        </extensions>
      </trkpt>
      <trkpt lat="29.98866696842014789581298828125" lon="120.2418820001184940338134765625">
        <ele>10.6000003814697265625</ele>
        <time>2026-07-25T12:05:09.000Z</time>
        <extensions>
          <ns3:TrackPointExtension>
            <ns3:hr>148</ns3:hr>
            <ns3:cad>78</ns3:cad>
          </ns3:TrackPointExtension>
        </extensions>
      </trkpt>
      <trkpt lat="29.98868809081614017486572265625" lon="120.2418853528797626495361328125">
        <ele>10.6000003814697265625</ele>
        <time>2026-07-25T12:05:10.000Z</time>
        <extensions>
          <ns3:TrackPointExtension>
            <ns3:hr>148</ns3:hr>
            <ns3:cad>78</ns3:cad>
          </ns3:TrackPointExtension>
        </extensions>
      </trkpt>
      <trkpt lat="29.98870854265987873077392578125" lon="120.241895578801631927490234375">
        <ele>10.6000003814697265625</ele>
        <time>2026-07-25T12:05:11.000Z</time>
        <extensions>
          <ns3:TrackPointExtension>
            <ns3:hr>147</ns3:hr>
            <ns3:cad>76</ns3:cad>
          </ns3:TrackPointExtension>
        </extensions>
      </trkpt>
      <trkpt lat="29.9887230433523654937744140625" lon="120.24190689437091350555419921875">
        <ele>10.6000003814697265625</ele>
        <time>2026-07-25T12:05:12.000Z</time>
        <extensions>
          <ns3:TrackPointExtension>
            <ns3:hr>148</ns3:hr>
            <ns3:cad>76</ns3:cad>
          </ns3:TrackPointExtension>
        </extensions>
      </trkpt>
      <trkpt lat="29.9887434951961040496826171875" lon="120.24191963486373424530029296875">
        <ele>10.6000003814697265625</ele>
        <time>2026-07-25T12:05:13.000Z</time>
        <extensions>
          <ns3:TrackPointExtension>
            <ns3:hr>148</ns3:hr>
            <ns3:cad>77</ns3:cad>
          </ns3:TrackPointExtension>
        </extensions>
      </trkpt>
      <trkpt lat="29.9887646175920963287353515625" lon="120.241938494145870208740234375">
        <ele>10.6000003814697265625</ele>
        <time>2026-07-25T12:05:14.000Z</time>
        <extensions>
          <ns3:TrackPointExtension>
            <ns3:hr>148</ns3:hr>
            <ns3:cad>77</ns3:cad>
          </ns3:TrackPointExtension>
        </extensions>
      </trkpt>
      <trkpt lat="29.98877526260912418365478515625" lon="120.24195064790546894073486328125">
        <ele>10.6000003814697265625</ele>
        <time>2026-07-25T12:05:15.000Z</time>
        <extensions>
          <ns3:TrackPointExtension>
            <ns3:hr>148</ns3:hr>
            <ns3:cad>78</ns3:cad>
          </ns3:TrackPointExtension>
        </extensions>
      </trkpt>
      <trkpt lat="29.98879437334835529327392578125" lon="120.24196439422667026519775390625">
        <ele>10.6000003814697265625</ele>
        <time>2026-07-25T12:05:16.000Z</time>
        <extensions>
          <ns3:TrackPointExtension>
            <ns3:hr>148</ns3:hr>
            <ns3:cad>78</ns3:cad>
          </ns3:TrackPointExtension>
        </extensions>
      </trkpt>
      <trkpt lat="29.9888134002685546875" lon="120.24198316968977451324462890625">
        <ele>10.6000003814697265625</ele>
        <time>2026-07-25T12:05:17.000Z</time>
        <extensions>
          <ns3:TrackPointExtension>
            <ns3:hr>149</ns3:hr>
            <ns3:cad>78</ns3:cad>
          </ns3:TrackPointExtension>
        </extensions>
      </trkpt>
      <trkpt lat="29.98882236890494823455810546875" lon="120.2419963292777538299560546875">
        <ele>10.6000003814697265625</ele>
        <time>2026-07-25T12:05:18.000Z</time>
        <extensions>
          <ns3:TrackPointExtension>
            <ns3:hr>148</ns3:hr>
            <ns3:cad>79</ns3:cad>
          </ns3:TrackPointExtension>
        </extensions>
      </trkpt>
      <trkpt lat="29.9888343550264835357666015625" lon="120.2420067228376865386962890625">
        <ele>10.6000003814697265625</ele>
        <time>2026-07-25T12:05:19.000Z</time>
        <extensions>
          <ns3:TrackPointExtension>
            <ns3:hr>147</ns3:hr>
            <ns3:cad>80</ns3:cad>
          </ns3:TrackPointExtension>
        </extensions>
      </trkpt>
      <trkpt lat="29.9888558126986026763916015625" lon="120.2420278452336788177490234375">
        <ele>10.6000003814697265625</ele>
        <time>2026-07-25T12:05:20.000Z</time>
        <extensions>
          <ns3:TrackPointExtension>
            <ns3:hr>147</ns3:hr>
            <ns3:cad>80</ns3:cad>
          </ns3:TrackPointExtension>
        </extensions>
      </trkpt>
      <trkpt lat="29.9888683855533599853515625" lon="120.24204066954553127288818359375">
        <ele>10.6000003814697265625</ele>
        <time>2026-07-25T12:05:21.000Z</time>
        <extensions>
          <ns3:TrackPointExtension>
            <ns3:hr>146</ns3:hr>
            <ns3:cad>79</ns3:cad>
          </ns3:TrackPointExtension>
        </extensions>
      </trkpt>
      <trkpt lat="29.988882131874561309814453125" lon="120.24204418994486331939697265625">
        <ele>10.6000003814697265625</ele>
        <time>2026-07-25T12:05:22.000Z</time>
        <extensions>
          <ns3:TrackPointExtension>
            <ns3:hr>145</ns3:hr>
            <ns3:cad>79</ns3:cad>
          </ns3:TrackPointExtension>
        </extensions>
      </trkpt>
      <trkpt lat="29.98889897949993610382080078125" lon="120.242058522999286651611328125">
        <ele>10.6000003814697265625</ele>
        <time>2026-07-25T12:05:23.000Z</time>
        <extensions>
          <ns3:TrackPointExtension>
            <ns3:hr>145</ns3:hr>
            <ns3:cad>79</ns3:cad>
          </ns3:TrackPointExtension>
        </extensions>
      </trkpt>
      <trkpt lat="29.98891239054501056671142578125" lon="120.2420697547495365142822265625">
        <ele>10.6000003814697265625</ele>
        <time>2026-07-25T12:05:24.000Z</time>
        <extensions>
          <ns3:TrackPointExtension>
            <ns3:hr>145</ns3:hr>
            <ns3:cad>79</ns3:cad>
          </ns3:TrackPointExtension>
        </extensions>
      </trkpt>
      <trkpt lat="29.988927729427814483642578125" lon="120.2420767955482006072998046875">
        <ele>10.6000003814697265625</ele>
        <time>2026-07-25T12:05:25.000Z</time>
        <extensions>
          <ns3:TrackPointExtension>
            <ns3:hr>145</ns3:hr>
            <ns3:cad>79</ns3:cad>
          </ns3:TrackPointExtension>
        </extensions>
      </trkpt>
      <trkpt lat="29.98894558288156986236572265625" lon="120.24209045805037021636962890625">
        <ele>10.6000003814697265625</ele>
        <time>2026-07-25T12:05:26.000Z</time>
        <extensions>
          <ns3:TrackPointExtension>
            <ns3:hr>146</ns3:hr>
            <ns3:cad>79</ns3:cad>
          </ns3:TrackPointExtension>
        </extensions>
      </trkpt>
      <trkpt lat="29.98895782046020030975341796875" lon="120.2420979179441928863525390625">
        <ele>10.6000003814697265625</ele>
        <time>2026-07-25T12:05:27.000Z</time>
        <extensions>
          <ns3:TrackPointExtension>
            <ns3:hr>146</ns3:hr>
            <ns3:cad>80</ns3:cad>
          </ns3:TrackPointExtension>
        </extensions>
      </trkpt>
      <trkpt lat="29.98897424899041652679443359375" lon="120.24210588075220584869384765625">
        <ele>10.6000003814697265625</ele>
        <time>2026-07-25T12:05:28.000Z</time>
        <extensions>
          <ns3:TrackPointExtension>
            <ns3:hr>146</ns3:hr>
            <ns3:cad>80</ns3:cad>
          </ns3:TrackPointExtension>
        </extensions>
      </trkpt>
      <trkpt lat="29.9889912642538547515869140625" lon="120.2421220578253269195556640625">
        <ele>10.6000003814697265625</ele>
        <time>2026-07-25T12:05:29.000Z</time>
        <extensions>
          <ns3:TrackPointExtension>
            <ns3:hr>146</ns3:hr>
            <ns3:cad>80</ns3:cad>
          </ns3:TrackPointExtension>
        </extensions>
      </trkpt>
      <trkpt lat="29.9890036694705486297607421875" lon="120.24212968535721302032470703125">
        <ele>10.6000003814697265625</ele>
        <time>2026-07-25T12:05:30.000Z</time>
        <extensions>
          <ns3:TrackPointExtension>
            <ns3:hr>147</ns3:hr>
            <ns3:cad>80</ns3:cad>
          </ns3:TrackPointExtension>
        </extensions>
      </trkpt>
      <trkpt lat="29.98901817016303539276123046875" lon="120.24213940836489200592041015625">
        <ele>10.6000003814697265625</ele>
        <time>2026-07-25T12:05:31.000Z</time>
        <extensions>
          <ns3:TrackPointExtension>
            <ns3:hr>147</ns3:hr>
            <ns3:cad>81</ns3:cad>
          </ns3:TrackPointExtension>
        </extensions>
      </trkpt>
      <trkpt lat="29.98903711326420307159423828125" lon="120.2421522326767444610595703125">
        <ele>10.6000003814697265625</ele>
        <time>2026-07-25T12:05:32.000Z</time>
        <extensions>
          <ns3:TrackPointExtension>
            <ns3:hr>147</ns3:hr>
            <ns3:cad>81</ns3:cad>
          </ns3:TrackPointExtension>
        </extensions>
      </trkpt>
      <trkpt lat="29.98904985375702381134033203125" lon="120.242163799703121185302734375">
        <ele>10.6000003814697265625</ele>
        <time>2026-07-25T12:05:33.000Z</time>
        <extensions>
          <ns3:TrackPointExtension>
            <ns3:hr>147</ns3:hr>
            <ns3:cad>81</ns3:cad>
          </ns3:TrackPointExtension>
        </extensions>
      </trkpt>
      <trkpt lat="29.9890663661062717437744140625" lon="120.24217612110078334808349609375">
        <ele>10.6000003814697265625</ele>
        <time>2026-07-25T12:05:34.000Z</time>
        <extensions>
          <ns3:TrackPointExtension>
            <ns3:hr>147</ns3:hr>
            <ns3:cad>80</ns3:cad>
          </ns3:TrackPointExtension>
        </extensions>
      </trkpt>
      <trkpt lat="29.98908740468323230743408203125" lon="120.2421951480209827423095703125">
        <ele>10.6000003814697265625</ele>
        <time>2026-07-25T12:05:35.000Z</time>
        <extensions>
          <ns3:TrackPointExtension>
            <ns3:hr>147</ns3:hr>
            <ns3:cad>80</ns3:cad>
          </ns3:TrackPointExtension>
        </extensions>
      </trkpt>
      <trkpt lat="29.98910316266119480133056640625" lon="120.24220847524702548980712890625">
        <ele>10.6000003814697265625</ele>
        <time>2026-07-25T12:05:36.000Z</time>
        <extensions>
          <ns3:TrackPointExtension>
            <ns3:hr>147</ns3:hr>
            <ns3:cad>80</ns3:cad>
          </ns3:TrackPointExtension>
        </extensions>
      </trkpt>
      <trkpt lat="29.989121854305267333984375" lon="120.242221467196941375732421875">
        <ele>10.6000003814697265625</ele>
        <time>2026-07-25T12:05:37.000Z</time>
        <extensions>
          <ns3:TrackPointExtension>
            <ns3:hr>148</ns3:hr>
            <ns3:cad>80</ns3:cad>
          </ns3:TrackPointExtension>
        </extensions>
      </trkpt>
      <trkpt lat="29.9891404621303081512451171875" lon="120.24223848246037960052490234375">
        <ele>10.6000003814697265625</ele>
        <time>2026-07-25T12:05:38.000Z</time>
        <extensions>
          <ns3:TrackPointExtension>
            <ns3:hr>148</ns3:hr>
            <ns3:cad>80</ns3:cad>
          </ns3:TrackPointExtension>
        </extensions>
      </trkpt>
      <trkpt lat="29.98915513046085834503173828125" lon="120.24224719963967800140380859375">
        <ele>10.3999996185302734375</ele>
        <time>2026-07-25T12:05:39.000Z</time>
        <extensions>
          <ns3:TrackPointExtension>
            <ns3:hr>148</ns3:hr>
            <ns3:cad>80</ns3:cad>
          </ns3:TrackPointExtension>
        </extensions>
      </trkpt>
      <trkpt lat="29.98917214572429656982421875" lon="120.2422548271715641021728515625">
        <ele>10.3999996185302734375</ele>
        <time>2026-07-25T12:05:40.000Z</time>
        <extensions>
          <ns3:TrackPointExtension>
            <ns3:hr>148</ns3:hr>
            <ns3:cad>81</ns3:cad>
          </ns3:TrackPointExtension>
        </extensions>
      </trkpt>
      <trkpt lat="29.9891897477209568023681640625" lon="120.2422685734927654266357421875">
        <ele>10.3999996185302734375</ele>
        <time>2026-07-25T12:05:41.000Z</time>
        <extensions>
          <ns3:TrackPointExtension>
            <ns3:hr>149</ns3:hr>
            <ns3:cad>81</ns3:cad>
          </ns3:TrackPointExtension>
        </extensions>
      </trkpt>
      <trkpt lat="29.98920626007020473480224609375" lon="120.24227553047239780426025390625">
        <ele>10.3999996185302734375</ele>
        <time>2026-07-25T12:05:42.000Z</time>
        <extensions>
          <ns3:TrackPointExtension>
            <ns3:hr>149</ns3:hr>
            <ns3:cad>81</ns3:cad>
          </ns3:TrackPointExtension>
        </extensions>
      </trkpt>
      <trkpt lat="29.9892279691994190216064453125" lon="120.24228894151747226715087890625">
        <ele>10.3999996185302734375</ele>
        <time>2026-07-25T12:05:43.000Z</time>
        <extensions>
          <ns3:TrackPointExtension>
            <ns3:hr>149</ns3:hr>
            <ns3:cad>81</ns3:cad>
          </ns3:TrackPointExtension>
        </extensions>
      </trkpt>
      <trkpt lat="29.98924666084349155426025390625" lon="120.2423064596951007843017578125">
        <ele>10.3999996185302734375</ele>
        <time>2026-07-25T12:05:44.000Z</time>
        <extensions>
          <ns3:TrackPointExtension>
            <ns3:hr>149</ns3:hr>
            <ns3:cad>80</ns3:cad>
          </ns3:TrackPointExtension>
        </extensions>
      </trkpt>
      <trkpt lat="29.9892625026404857635498046875" lon="120.2423156797885894775390625">
        <ele>10.3999996185302734375</ele>
        <time>2026-07-25T12:05:45.000Z</time>
        <extensions>
          <ns3:TrackPointExtension>
            <ns3:hr>148</ns3:hr>
            <ns3:cad>80</ns3:cad>
          </ns3:TrackPointExtension>
        </extensions>
      </trkpt>
      <trkpt lat="29.98928203247487545013427734375" lon="120.242326073348522186279296875">
        <ele>10.19999980926513671875</ele>
        <time>2026-07-25T12:05:46.000Z</time>
        <extensions>
          <ns3:TrackPointExtension>
            <ns3:hr>148</ns3:hr>
            <ns3:cad>80</ns3:cad>
          </ns3:TrackPointExtension>
        </extensions>
      </trkpt>
      <trkpt lat="29.9892997182905673980712890625" lon="120.24233780801296234130859375">
        <ele>10.19999980926513671875</ele>
        <time>2026-07-25T12:05:47.000Z</time>
        <extensions>
          <ns3:TrackPointExtension>
            <ns3:hr>149</ns3:hr>
            <ns3:cad>81</ns3:cad>
          </ns3:TrackPointExtension>
        </extensions>
      </trkpt>
      <trkpt lat="29.989315979182720184326171875" lon="120.24234719574451446533203125">
        <ele>10.19999980926513671875</ele>
        <time>2026-07-25T12:05:48.000Z</time>
        <extensions>
          <ns3:TrackPointExtension>
            <ns3:hr>149</ns3:hr>
            <ns3:cad>81</ns3:cad>
          </ns3:TrackPointExtension>
        </extensions>
      </trkpt>
      <trkpt lat="29.9893319047987461090087890625" lon="120.2423572540283203125">
        <ele>10.19999980926513671875</ele>
        <time>2026-07-25T12:05:49.000Z</time>
        <extensions>
          <ns3:TrackPointExtension>
            <ns3:hr>149</ns3:hr>
            <ns3:cad>79</ns3:cad>
          </ns3:TrackPointExtension>
        </extensions>
      </trkpt>
      <trkpt lat="29.989347495138645172119140625" lon="120.242367647588253021240234375">
        <ele>10.19999980926513671875</ele>
        <time>2026-07-25T12:05:50.000Z</time>
        <extensions>
          <ns3:TrackPointExtension>
            <ns3:hr>148</ns3:hr>
            <ns3:cad>79</ns3:cad>
          </ns3:TrackPointExtension>
        </extensions>
      </trkpt>
      <trkpt lat="29.98935948126018047332763671875" lon="120.24237661622464656829833984375">
        <ele>10.19999980926513671875</ele>
        <time>2026-07-25T12:05:51.000Z</time>
        <extensions>
          <ns3:TrackPointExtension>
            <ns3:hr>148</ns3:hr>
            <ns3:cad>79</ns3:cad>
          </ns3:TrackPointExtension>
        </extensions>
      </trkpt>
      <trkpt lat="29.9893741495907306671142578125" lon="120.2423872612416744232177734375">
        <ele>10.3999996185302734375</ele>
        <time>2026-07-25T12:05:52.000Z</time>
        <extensions>
          <ns3:TrackPointExtension>
            <ns3:hr>148</ns3:hr>
            <ns3:cad>79</ns3:cad>
          </ns3:TrackPointExtension>
        </extensions>
      </trkpt>
      <trkpt lat="29.9893914163112640380859375" lon="120.24240125901997089385986328125">
        <ele>10.3999996185302734375</ele>
        <time>2026-07-25T12:05:53.000Z</time>
        <extensions>
          <ns3:TrackPointExtension>
            <ns3:hr>148</ns3:hr>
            <ns3:cad>80</ns3:cad>
          </ns3:TrackPointExtension>
        </extensions>
      </trkpt>
      <trkpt lat="29.989403821527957916259765625" lon="120.2424107305705547332763671875">
        <ele>10.3999996185302734375</ele>
        <time>2026-07-25T12:05:54.000Z</time>
        <extensions>
          <ns3:TrackPointExtension>
            <ns3:hr>149</ns3:hr>
            <ns3:cad>80</ns3:cad>
          </ns3:TrackPointExtension>
        </extensions>
      </trkpt>
      <trkpt lat="29.98942234553396701812744140625" lon="120.24242858402431011199951171875">
        <ele>10.3999996185302734375</ele>
        <time>2026-07-25T12:05:55.000Z</time>
        <extensions>
          <ns3:TrackPointExtension>
            <ns3:hr>148</ns3:hr>
            <ns3:cad>80</ns3:cad>
          </ns3:TrackPointExtension>
        </extensions>
      </trkpt>
      <trkpt lat="29.9894385226070880889892578125" lon="120.242442078888416290283203125">
        <ele>10.3999996185302734375</ele>
        <time>2026-07-25T12:05:56.000Z</time>
        <extensions>
          <ns3:TrackPointExtension>
            <ns3:hr>148</ns3:hr>
            <ns3:cad>80</ns3:cad>
          </ns3:TrackPointExtension>
        </extensions>
      </trkpt>
      <trkpt lat="29.98945184983313083648681640625" lon="120.24244375526905059814453125">
        <ele>10.19999980926513671875</ele>
        <time>2026-07-25T12:05:57.000Z</time>
        <extensions>
          <ns3:TrackPointExtension>
            <ns3:hr>149</ns3:hr>
            <ns3:cad>80</ns3:cad>
          </ns3:TrackPointExtension>
        </extensions>
      </trkpt>
      <trkpt lat="29.98947582207620143890380859375" lon="120.24245942942798137664794921875">
        <ele>10.19999980926513671875</ele>
        <time>2026-07-25T12:05:58.000Z</time>
        <extensions>
          <ns3:TrackPointExtension>
            <ns3:hr>148</ns3:hr>
            <ns3:cad>80</ns3:cad>
          </ns3:TrackPointExtension>
        </extensions>
      </trkpt>
      <trkpt lat="29.989493675529956817626953125" lon="120.24247183464467525482177734375">
        <ele>10.19999980926513671875</ele>
        <time>2026-07-25T12:05:59.000Z</time>
        <extensions>
          <ns3:TrackPointExtension>
            <ns3:hr>147</ns3:hr>
            <ns3:cad>80</ns3:cad>
          </ns3:TrackPointExtension>
        </extensions>
      </trkpt>
      <trkpt lat="29.98951186425983905792236328125" lon="120.24248105473816394805908203125">
        <ele>10.3999996185302734375</ele>
        <time>2026-07-25T12:06:00.000Z</time>
        <extensions>
          <ns3:TrackPointExtension>
            <ns3:hr>147</ns3:hr>
            <ns3:cad>80</ns3:cad>
          </ns3:TrackPointExtension>
        </extensions>
      </trkpt>
      <trkpt lat="29.98953063972294330596923828125" lon="120.24249471724033355712890625">
        <ele>10.6000003814697265625</ele>
        <time>2026-07-25T12:06:01.000Z</time>
        <extensions>
          <ns3:TrackPointExtension>
            <ns3:hr>147</ns3:hr>
            <ns3:cad>79</ns3:cad>
          </ns3:TrackPointExtension>
        </extensions>
      </trkpt>
      <trkpt lat="29.98954405076801776885986328125" lon="120.2425072900950908660888671875">
        <ele>10.80000019073486328125</ele>
        <time>2026-07-25T12:06:02.000Z</time>
        <extensions>
          <ns3:TrackPointExtension>
            <ns3:hr>146</ns3:hr>
            <ns3:cad>79</ns3:cad>
          </ns3:TrackPointExtension>
        </extensions>
      </trkpt>
      <trkpt lat="29.9895603954792022705078125" lon="120.2425181865692138671875">
        <ele>10.80000019073486328125</ele>
        <time>2026-07-25T12:06:03.000Z</time>
        <extensions>
          <ns3:TrackPointExtension>
            <ns3:hr>146</ns3:hr>
            <ns3:cad>79</ns3:cad>
          </ns3:TrackPointExtension>
        </extensions>
      </trkpt>
      <trkpt lat="29.98957623727619647979736328125" lon="120.2425321005284786224365234375">
        <ele>11</ele>
        <time>2026-07-25T12:06:04.000Z</time>
        <extensions>
          <ns3:TrackPointExtension>
            <ns3:hr>145</ns3:hr>
            <ns3:cad>80</ns3:cad>
          </ns3:TrackPointExtension>
        </extensions>
      </trkpt>
      <trkpt lat="29.9895914085209369659423828125" lon="120.24254308082163333892822265625">
        <ele>11</ele>
        <time>2026-07-25T12:06:05.000Z</time>
        <extensions>
          <ns3:TrackPointExtension>
            <ns3:hr>145</ns3:hr>
            <ns3:cad>81</ns3:cad>
          </ns3:TrackPointExtension>
        </extensions>
      </trkpt>
      <trkpt lat="29.9896071664988994598388671875" lon="120.242551378905773162841796875">
        <ele>11</ele>
        <time>2026-07-25T12:06:06.000Z</time>
        <extensions>
          <ns3:TrackPointExtension>
            <ns3:hr>145</ns3:hr>
            <ns3:cad>81</ns3:cad>
          </ns3:TrackPointExtension>
        </extensions>
      </trkpt>
      <trkpt lat="29.9896242655813694000244140625" lon="120.2425642870366573333740234375">
        <ele>10.80000019073486328125</ele>
        <time>2026-07-25T12:06:07.000Z</time>
        <extensions>
          <ns3:TrackPointExtension>
            <ns3:hr>145</ns3:hr>
            <ns3:cad>81</ns3:cad>
          </ns3:TrackPointExtension>
        </extensions>
      </trkpt>
      <trkpt lat="29.98963826335966587066650390625" lon="120.24257652461528778076171875">
        <ele>10.80000019073486328125</ele>
        <time>2026-07-25T12:06:08.000Z</time>
        <extensions>
          <ns3:TrackPointExtension>
            <ns3:hr>145</ns3:hr>
            <ns3:cad>81</ns3:cad>
          </ns3:TrackPointExtension>
        </extensions>
      </trkpt>
      <trkpt lat="29.9896541051566600799560546875" lon="120.242583565413951873779296875">
        <ele>10.6000003814697265625</ele>
        <time>2026-07-25T12:06:09.000Z</time>
        <extensions>
          <ns3:TrackPointExtension>
            <ns3:hr>144</ns3:hr>
            <ns3:cad>81</ns3:cad>
          </ns3:TrackPointExtension>
        </extensions>
      </trkpt>
      <trkpt lat="29.98967212624847888946533203125" lon="120.2425954677164554595947265625">
        <ele>10.3999996185302734375</ele>
        <time>2026-07-25T12:06:10.000Z</time>
        <extensions>
          <ns3:TrackPointExtension>
            <ns3:hr>144</ns3:hr>
            <ns3:cad>81</ns3:cad>
          </ns3:TrackPointExtension>
        </extensions>
      </trkpt>
      <trkpt lat="29.98968503437936305999755859375" lon="120.2426040172576904296875">
        <ele>10.19999980926513671875</ele>
        <time>2026-07-25T12:06:11.000Z</time>
        <extensions>
          <ns3:TrackPointExtension>
            <ns3:hr>144</ns3:hr>
            <ns3:cad>81</ns3:cad>
          </ns3:TrackPointExtension>
        </extensions>
      </trkpt>
      <trkpt lat="29.98969928361475467681884765625" lon="120.24261139333248138427734375">
        <ele>10.19999980926513671875</ele>
        <time>2026-07-25T12:06:12.000Z</time>
        <extensions>
          <ns3:TrackPointExtension>
            <ns3:hr>145</ns3:hr>
            <ns3:cad>80</ns3:cad>
          </ns3:TrackPointExtension>
        </extensions>
      </trkpt>
      <trkpt lat="29.98971738852560520172119140625" lon="120.24262421764433383941650390625">
        <ele>10.19999980926513671875</ele>
        <time>2026-07-25T12:06:13.000Z</time>
        <extensions>
          <ns3:TrackPointExtension>
            <ns3:hr>146</ns3:hr>
            <ns3:cad>80</ns3:cad>
          </ns3:TrackPointExtension>
        </extensions>
      </trkpt>
      <trkpt lat="29.989733733236789703369140625" lon="120.24263846687972545623779296875">
        <ele>10.19999980926513671875</ele>
        <time>2026-07-25T12:06:14.000Z</time>
        <extensions>
          <ns3:TrackPointExtension>
            <ns3:hr>146</ns3:hr>
            <ns3:cad>80</ns3:cad>
          </ns3:TrackPointExtension>
        </extensions>
      </trkpt>
      <trkpt lat="29.98975284397602081298828125" lon="120.24265229701995849609375">
        <ele>10.19999980926513671875</ele>
        <time>2026-07-25T12:06:15.000Z</time>
        <extensions>
          <ns3:TrackPointExtension>
            <ns3:hr>146</ns3:hr>
            <ns3:cad>80</ns3:cad>
          </ns3:TrackPointExtension>
        </extensions>
      </trkpt>
      <trkpt lat="29.9897731281816959381103515625" lon="120.2426675520837306976318359375">
        <ele>10.19999980926513671875</ele>
        <time>2026-07-25T12:06:16.000Z</time>
        <extensions>
          <ns3:TrackPointExtension>
            <ns3:hr>146</ns3:hr>
            <ns3:cad>80</ns3:cad>
          </ns3:TrackPointExtension>
        </extensions>
      </trkpt>
      <trkpt lat="29.9897885508835315704345703125" lon="120.2426769398152828216552734375">
        <ele>10.19999980926513671875</ele>
        <time>2026-07-25T12:06:17.000Z</time>
        <extensions>
          <ns3:TrackPointExtension>
            <ns3:hr>146</ns3:hr>
            <ns3:cad>80</ns3:cad>
          </ns3:TrackPointExtension>
        </extensions>
      </trkpt>
      <trkpt lat="29.98980472795665264129638671875" lon="120.2426883392035961151123046875">
        <ele>10.19999980926513671875</ele>
        <time>2026-07-25T12:06:18.000Z</time>
        <extensions>
          <ns3:TrackPointExtension>
            <ns3:hr>145</ns3:hr>
            <ns3:cad>80</ns3:cad>
          </ns3:TrackPointExtension>
        </extensions>
      </trkpt>
      <trkpt lat="29.98982392251491546630859375" lon="120.24270200170576572418212890625">
        <ele>10.19999980926513671875</ele>
        <time>2026-07-25T12:06:19.000Z</time>
        <extensions>
          <ns3:TrackPointExtension>
            <ns3:hr>145</ns3:hr>
            <ns3:cad>80</ns3:cad>
          </ns3:TrackPointExtension>
        </extensions>
      </trkpt>
      <trkpt lat="29.98983741737902164459228515625" lon="120.24271239526569843292236328125">
        <ele>10.19999980926513671875</ele>
        <time>2026-07-25T12:06:20.000Z</time>
        <extensions>
          <ns3:TrackPointExtension>
            <ns3:hr>145</ns3:hr>
            <ns3:cad>80</ns3:cad>
          </ns3:TrackPointExtension>
        </extensions>
      </trkpt>
      <trkpt lat="29.9898540973663330078125" lon="120.24272195063531398773193359375">
        <ele>10.19999980926513671875</ele>
        <time>2026-07-25T12:06:21.000Z</time>
        <extensions>
          <ns3:TrackPointExtension>
            <ns3:hr>146</ns3:hr>
            <ns3:cad>81</ns3:cad>
          </ns3:TrackPointExtension>
        </extensions>
      </trkpt>
      <trkpt lat="29.98987295664846897125244140625" lon="120.24274013936519622802734375">
        <ele>10</ele>
        <time>2026-07-25T12:06:22.000Z</time>
        <extensions>
          <ns3:TrackPointExtension>
            <ns3:hr>145</ns3:hr>
            <ns3:cad>81</ns3:cad>
          </ns3:TrackPointExtension>
        </extensions>
      </trkpt>
      <trkpt lat="29.98988829553127288818359375" lon="120.2427496947348117828369140625">
        <ele>10</ele>
        <time>2026-07-25T12:06:23.000Z</time>
        <extensions>
          <ns3:TrackPointExtension>
            <ns3:hr>146</ns3:hr>
            <ns3:cad>81</ns3:cad>
          </ns3:TrackPointExtension>
        </extensions>
      </trkpt>
      <trkpt lat="29.98990564607083797454833984375" lon="120.2427624352276325225830078125">
        <ele>10</ele>
        <time>2026-07-25T12:06:24.000Z</time>
        <extensions>
          <ns3:TrackPointExtension>
            <ns3:hr>146</ns3:hr>
            <ns3:cad>80</ns3:cad>
          </ns3:TrackPointExtension>
        </extensions>
      </trkpt>
      <trkpt lat="29.989923499524593353271484375" lon="120.24277794174849987030029296875">
        <ele>10</ele>
        <time>2026-07-25T12:06:25.000Z</time>
        <extensions>
          <ns3:TrackPointExtension>
            <ns3:hr>146</ns3:hr>
            <ns3:cad>80</ns3:cad>
          </ns3:TrackPointExtension>
        </extensions>
      </trkpt>
      <trkpt lat="29.9899414367973804473876953125" lon="120.2427882514894008636474609375">
        <ele>10</ele>
        <time>2026-07-25T12:06:26.000Z</time>
        <extensions>
          <ns3:TrackPointExtension>
            <ns3:hr>145</ns3:hr>
            <ns3:cad>80</ns3:cad>
          </ns3:TrackPointExtension>
        </extensions>
      </trkpt>
      <trkpt lat="29.9899612180888652801513671875" lon="120.24280174635350704193115234375">
        <ele>10</ele>
        <time>2026-07-25T12:06:27.000Z</time>
        <extensions>
          <ns3:TrackPointExtension>
            <ns3:hr>146</ns3:hr>
            <ns3:cad>81</ns3:cad>
          </ns3:TrackPointExtension>
        </extensions>
      </trkpt>
      <trkpt lat="29.98998125083744525909423828125" lon="120.2428185939788818359375">
        <ele>10</ele>
        <time>2026-07-25T12:06:28.000Z</time>
        <extensions>
          <ns3:TrackPointExtension>
            <ns3:hr>146</ns3:hr>
            <ns3:cad>81</ns3:cad>
          </ns3:TrackPointExtension>
        </extensions>
      </trkpt>
      <trkpt lat="29.989998601377010345458984375" lon="120.2428298257291316986083984375">
        <ele>10</ele>
        <time>2026-07-25T12:06:29.000Z</time>
        <extensions>
          <ns3:TrackPointExtension>
            <ns3:hr>145</ns3:hr>
            <ns3:cad>81</ns3:cad>
          </ns3:TrackPointExtension>
        </extensions>
      </trkpt>
      <trkpt lat="29.99001896940171718597412109375" lon="120.24284332059323787689208984375">
        <ele>10</ele>
        <time>2026-07-25T12:06:30.000Z</time>
        <extensions>
          <ns3:TrackPointExtension>
            <ns3:hr>146</ns3:hr>
            <ns3:cad>81</ns3:cad>
          </ns3:TrackPointExtension>
        </extensions>
      </trkpt>
      <trkpt lat="29.9900351464748382568359375" lon="120.24285287596285343170166015625">
        <ele>10.19999980926513671875</ele>
        <time>2026-07-25T12:06:31.000Z</time>
        <extensions>
          <ns3:TrackPointExtension>
            <ns3:hr>146</ns3:hr>
            <ns3:cad>81</ns3:cad>
          </ns3:TrackPointExtension>
        </extensions>
      </trkpt>
      <trkpt lat="29.99005299992859363555908203125" lon="120.24286109022796154022216796875">
        <ele>10.19999980926513671875</ele>
        <time>2026-07-25T12:06:32.000Z</time>
        <extensions>
          <ns3:TrackPointExtension>
            <ns3:hr>147</ns3:hr>
            <ns3:cad>80</ns3:cad>
          </ns3:TrackPointExtension>
        </extensions>
      </trkpt>
      <trkpt lat="29.9900745414197444915771484375" lon="120.24287584237754344940185546875">
        <ele>10.19999980926513671875</ele>
        <time>2026-07-25T12:06:33.000Z</time>
        <extensions>
          <ns3:TrackPointExtension>
            <ns3:hr>147</ns3:hr>
            <ns3:cad>80</ns3:cad>
          </ns3:TrackPointExtension>
        </extensions>
      </trkpt>
      <trkpt lat="29.9900901317596435546875" lon="120.2428896725177764892578125">
        <ele>10.19999980926513671875</ele>
        <time>2026-07-25T12:06:34.000Z</time>
        <extensions>
          <ns3:TrackPointExtension>
            <ns3:hr>147</ns3:hr>
            <ns3:cad>80</ns3:cad>
          </ns3:TrackPointExtension>
        </extensions>
      </trkpt>
      <trkpt lat="29.99010463245213031768798828125" lon="120.2429029159247875213623046875">
        <ele>10.19999980926513671875</ele>
        <time>2026-07-25T12:06:35.000Z</time>
        <extensions>
          <ns3:TrackPointExtension>
            <ns3:hr>147</ns3:hr>
            <ns3:cad>80</ns3:cad>
          </ns3:TrackPointExtension>
        </extensions>
      </trkpt>
      <trkpt lat="29.99012567102909088134765625" lon="120.24291741661727428436279296875">
        <ele>10</ele>
        <time>2026-07-25T12:06:36.000Z</time>
        <extensions>
          <ns3:TrackPointExtension>
            <ns3:hr>147</ns3:hr>
            <ns3:cad>80</ns3:cad>
          </ns3:TrackPointExtension>
        </extensions>
      </trkpt>
      <trkpt lat="29.990142770111560821533203125" lon="120.24292713962495326995849609375">
        <ele>10</ele>
        <time>2026-07-25T12:06:37.000Z</time>
        <extensions>
          <ns3:TrackPointExtension>
            <ns3:hr>147</ns3:hr>
            <ns3:cad>80</ns3:cad>
          </ns3:TrackPointExtension>
        </extensions>
      </trkpt>
      <trkpt lat="29.99015928246080875396728515625" lon="120.24293887428939342498779296875">
        <ele>10</ele>
        <time>2026-07-25T12:06:38.000Z</time>
        <extensions>
          <ns3:TrackPointExtension>
            <ns3:hr>147</ns3:hr>
            <ns3:cad>80</ns3:cad>
          </ns3:TrackPointExtension>
        </extensions>
      </trkpt>
      <trkpt lat="29.99017906375229358673095703125" lon="120.24295245297253131866455078125">
        <ele>10</ele>
        <time>2026-07-25T12:06:39.000Z</time>
        <extensions>
          <ns3:TrackPointExtension>
            <ns3:hr>147</ns3:hr>
            <ns3:cad>80</ns3:cad>
          </ns3:TrackPointExtension>
        </extensions>
      </trkpt>
      <trkpt lat="29.990195073187351226806640625" lon="120.2429609186947345733642578125">
        <ele>10</ele>
        <time>2026-07-25T12:06:40.000Z</time>
        <extensions>
          <ns3:TrackPointExtension>
            <ns3:hr>147</ns3:hr>
            <ns3:cad>80</ns3:cad>
          </ns3:TrackPointExtension>
        </extensions>
      </trkpt>
      <trkpt lat="29.990214519202709197998046875" lon="120.2429733239114284515380859375">
        <ele>10</ele>
        <time>2026-07-25T12:06:41.000Z</time>
        <extensions>
          <ns3:TrackPointExtension>
            <ns3:hr>147</ns3:hr>
            <ns3:cad>80</ns3:cad>
          </ns3:TrackPointExtension>
        </extensions>
      </trkpt>
      <trkpt lat="29.99023639596998691558837890625" lon="120.24298514239490032196044921875">
        <ele>10</ele>
        <time>2026-07-25T12:06:42.000Z</time>
        <extensions>
          <ns3:TrackPointExtension>
            <ns3:hr>147</ns3:hr>
            <ns3:cad>81</ns3:cad>
          </ns3:TrackPointExtension>
        </extensions>
      </trkpt>
      <trkpt lat="29.990252740681171417236328125" lon="120.24299033917486667633056640625">
        <ele>10</ele>
        <time>2026-07-25T12:06:43.000Z</time>
        <extensions>
          <ns3:TrackPointExtension>
            <ns3:hr>147</ns3:hr>
            <ns3:cad>81</ns3:cad>
          </ns3:TrackPointExtension>
        </extensions>
      </trkpt>
      <trkpt lat="29.99027252197265625" lon="120.24300341494381427764892578125">
        <ele>10</ele>
        <time>2026-07-25T12:06:44.000Z</time>
        <extensions>
          <ns3:TrackPointExtension>
            <ns3:hr>147</ns3:hr>
            <ns3:cad>81</ns3:cad>
          </ns3:TrackPointExtension>
        </extensions>
      </trkpt>
      <trkpt lat="29.99028928577899932861328125" lon="120.2430159039795398712158203125">
        <ele>10</ele>
        <time>2026-07-25T12:06:45.000Z</time>
        <extensions>
          <ns3:TrackPointExtension>
            <ns3:hr>147</ns3:hr>
            <ns3:cad>81</ns3:cad>
          </ns3:TrackPointExtension>
        </extensions>
      </trkpt>
      <trkpt lat="29.99030713923275470733642578125" lon="120.24302436970174312591552734375">
        <ele>10</ele>
        <time>2026-07-25T12:06:46.000Z</time>
        <extensions>
          <ns3:TrackPointExtension>
            <ns3:hr>147</ns3:hr>
            <ns3:cad>81</ns3:cad>
          </ns3:TrackPointExtension>
        </extensions>
      </trkpt>
      <trkpt lat="29.99032683670520782470703125" lon="120.243038199841976165771484375">
        <ele>10</ele>
        <time>2026-07-25T12:06:47.000Z</time>
        <extensions>
          <ns3:TrackPointExtension>
            <ns3:hr>147</ns3:hr>
            <ns3:cad>81</ns3:cad>
          </ns3:TrackPointExtension>
        </extensions>
      </trkpt>
      <trkpt lat="29.99034318141639232635498046875" lon="120.24305253289639949798583984375">
        <ele>10.19999980926513671875</ele>
        <time>2026-07-25T12:06:48.000Z</time>
        <extensions>
          <ns3:TrackPointExtension>
            <ns3:hr>147</ns3:hr>
            <ns3:cad>81</ns3:cad>
          </ns3:TrackPointExtension>
        </extensions>
      </trkpt>
      <trkpt lat="29.9903595261275768280029296875" lon="120.2430635131895542144775390625">
        <ele>10.19999980926513671875</ele>
        <time>2026-07-25T12:06:49.000Z</time>
        <extensions>
          <ns3:TrackPointExtension>
            <ns3:hr>147</ns3:hr>
            <ns3:cad>81</ns3:cad>
          </ns3:TrackPointExtension>
        </extensions>
      </trkpt>
      <trkpt lat="29.99037805013358592987060546875" lon="120.243078768253326416015625">
        <ele>10.19999980926513671875</ele>
        <time>2026-07-25T12:06:50.000Z</time>
        <extensions>
          <ns3:TrackPointExtension>
            <ns3:hr>147</ns3:hr>
            <ns3:cad>80</ns3:cad>
          </ns3:TrackPointExtension>
        </extensions>
      </trkpt>
      <trkpt lat="29.9903943948447704315185546875" lon="120.24308941327035427093505859375">
        <ele>10.19999980926513671875</ele>
        <time>2026-07-25T12:06:51.000Z</time>
        <extensions>
          <ns3:TrackPointExtension>
            <ns3:hr>147</ns3:hr>
            <ns3:cad>80</ns3:cad>
          </ns3:TrackPointExtension>
        </extensions>
      </trkpt>
      <trkpt lat="29.99041124247014522552490234375" lon="120.2430975437164306640625">
        <ele>10.19999980926513671875</ele>
        <time>2026-07-25T12:06:52.000Z</time>
        <extensions>
          <ns3:TrackPointExtension>
            <ns3:hr>147</ns3:hr>
            <ns3:cad>80</ns3:cad>
          </ns3:TrackPointExtension>
        </extensions>
      </trkpt>
      <trkpt lat="29.99042917974293231964111328125" lon="120.24310936219990253448486328125">
        <ele>10.19999980926513671875</ele>
        <time>2026-07-25T12:06:53.000Z</time>
        <extensions>
          <ns3:TrackPointExtension>
            <ns3:hr>146</ns3:hr>
            <ns3:cad>80</ns3:cad>
          </ns3:TrackPointExtension>
        </extensions>
      </trkpt>
      <trkpt lat="29.99044443480670452117919921875" lon="120.243121348321437835693359375">
        <ele>10.19999980926513671875</ele>
        <time>2026-07-25T12:06:54.000Z</time>
        <extensions>
          <ns3:TrackPointExtension>
            <ns3:hr>146</ns3:hr>
            <ns3:cad>80</ns3:cad>
          </ns3:TrackPointExtension>
        </extensions>
      </trkpt>
      <trkpt lat="29.99046362936496734619140625" lon="120.24312897585332393646240234375">
        <ele>10.19999980926513671875</ele>
        <time>2026-07-25T12:06:55.000Z</time>
        <extensions>
          <ns3:TrackPointExtension>
            <ns3:hr>146</ns3:hr>
            <ns3:cad>80</ns3:cad>
          </ns3:TrackPointExtension>
        </extensions>
      </trkpt>
      <trkpt lat="29.990483410656452178955078125" lon="120.2431418001651763916015625">
        <ele>10.19999980926513671875</ele>
        <time>2026-07-25T12:06:56.000Z</time>
        <extensions>
          <ns3:TrackPointExtension>
            <ns3:hr>146</ns3:hr>
            <ns3:cad>80</ns3:cad>
          </ns3:TrackPointExtension>
        </extensions>
      </trkpt>
      <trkpt lat="29.9904986657202243804931640625" lon="120.2431510202586650848388671875">
        <ele>10.19999980926513671875</ele>
        <time>2026-07-25T12:06:57.000Z</time>
        <extensions>
          <ns3:TrackPointExtension>
            <ns3:hr>146</ns3:hr>
            <ns3:cad>80</ns3:cad>
          </ns3:TrackPointExtension>
        </extensions>
      </trkpt>
      <trkpt lat="29.99051501043140888214111328125" lon="120.2431605756282806396484375">
        <ele>10.19999980926513671875</ele>
        <time>2026-07-25T12:06:58.000Z</time>
        <extensions>
          <ns3:TrackPointExtension>
            <ns3:hr>145</ns3:hr>
            <ns3:cad>80</ns3:cad>
          </ns3:TrackPointExtension>
        </extensions>
      </trkpt>
      <trkpt lat="29.9905338697135448455810546875" lon="120.243170969188213348388671875">
        <ele>10.19999980926513671875</ele>
        <time>2026-07-25T12:06:59.000Z</time>
        <extensions>
          <ns3:TrackPointExtension>
            <ns3:hr>146</ns3:hr>
            <ns3:cad>80</ns3:cad>
          </ns3:TrackPointExtension>
        </extensions>
      </trkpt>
      <trkpt lat="29.99054417945444583892822265625" lon="120.24318379350006580352783203125">
        <ele>10</ele>
        <time>2026-07-25T12:07:00.000Z</time>
        <extensions>
          <ns3:TrackPointExtension>
            <ns3:hr>146</ns3:hr>
            <ns3:cad>80</ns3:cad>
          </ns3:TrackPointExtension>
        </extensions>
      </trkpt>
      <trkpt lat="29.99055641703307628631591796875" lon="120.243195109069347381591796875">
        <ele>10</ele>
        <time>2026-07-25T12:07:01.000Z</time>
        <extensions>
          <ns3:TrackPointExtension>
            <ns3:hr>145</ns3:hr>
            <ns3:cad>81</ns3:cad>
          </ns3:TrackPointExtension>
        </extensions>
      </trkpt>
      <trkpt lat="29.99057267792522907257080078125" lon="120.243208520114421844482421875">
        <ele>10</ele>
        <time>2026-07-25T12:07:02.000Z</time>
        <extensions>
          <ns3:TrackPointExtension>
            <ns3:hr>146</ns3:hr>
            <ns3:cad>81</ns3:cad>
          </ns3:TrackPointExtension>
        </extensions>
      </trkpt>
      <trkpt lat="29.99058072455227375030517578125" lon="120.2432169020175933837890625">
        <ele>10</ele>
        <time>2026-07-25T12:07:03.000Z</time>
        <extensions>
          <ns3:TrackPointExtension>
            <ns3:hr>146</ns3:hr>
            <ns3:cad>81</ns3:cad>
          </ns3:TrackPointExtension>
        </extensions>
      </trkpt>
      <trkpt lat="29.990594722330570220947265625" lon="120.2432304807007312774658203125">
        <ele>10.19999980926513671875</ele>
        <time>2026-07-25T12:07:04.000Z</time>
        <extensions>
          <ns3:TrackPointExtension>
            <ns3:hr>147</ns3:hr>
            <ns3:cad>80</ns3:cad>
          </ns3:TrackPointExtension>
        </extensions>
      </trkpt>
      <trkpt lat="29.99060872010886669158935546875" lon="120.243245065212249755859375">
        <ele>10.19999980926513671875</ele>
        <time>2026-07-25T12:07:05.000Z</time>
        <extensions>
          <ns3:TrackPointExtension>
            <ns3:hr>147</ns3:hr>
            <ns3:cad>80</ns3:cad>
          </ns3:TrackPointExtension>
        </extensions>
      </trkpt>
      <trkpt lat="29.9906227178871631622314453125" lon="120.24325604550540447235107421875">
        <ele>10.3999996185302734375</ele>
        <time>2026-07-25T12:07:06.000Z</time>
        <extensions>
          <ns3:TrackPointExtension>
            <ns3:hr>147</ns3:hr>
            <ns3:cad>80</ns3:cad>
          </ns3:TrackPointExtension>
        </extensions>
      </trkpt>
      <trkpt lat="29.99063923023641109466552734375" lon="120.24326677434146404266357421875">
        <ele>10.3999996185302734375</ele>
        <time>2026-07-25T12:07:07.000Z</time>
        <extensions>
          <ns3:TrackPointExtension>
            <ns3:hr>147</ns3:hr>
            <ns3:cad>80</ns3:cad>
          </ns3:TrackPointExtension>
        </extensions>
      </trkpt>
      <trkpt lat="29.99065850861370563507080078125" lon="120.24328269995748996734619140625">
        <ele>10.3999996185302734375</ele>
        <time>2026-07-25T12:07:08.000Z</time>
        <extensions>
          <ns3:TrackPointExtension>
            <ns3:hr>147</ns3:hr>
            <ns3:cad>80</ns3:cad>
          </ns3:TrackPointExtension>
        </extensions>
      </trkpt>
      <trkpt lat="29.9906733445823192596435546875" lon="120.24329057894647121429443359375">
        <ele>10.19999980926513671875</ele>
        <time>2026-07-25T12:07:09.000Z</time>
        <extensions>
          <ns3:TrackPointExtension>
            <ns3:hr>146</ns3:hr>
            <ns3:cad>80</ns3:cad>
          </ns3:TrackPointExtension>
        </extensions>
      </trkpt>
      <trkpt lat="29.99069337733089923858642578125" lon="120.24330340325832366943359375">
        <ele>10.19999980926513671875</ele>
        <time>2026-07-25T12:07:10.000Z</time>
        <extensions>
          <ns3:TrackPointExtension>
            <ns3:hr>147</ns3:hr>
            <ns3:cad>80</ns3:cad>
          </ns3:TrackPointExtension>
        </extensions>
      </trkpt>
      <trkpt lat="29.9907145835459232330322265625" lon="120.24331656284630298614501953125">
        <ele>10</ele>
        <time>2026-07-25T12:07:11.000Z</time>
        <extensions>
          <ns3:TrackPointExtension>
            <ns3:hr>147</ns3:hr>
            <ns3:cad>81</ns3:cad>
          </ns3:TrackPointExtension>
        </extensions>
      </trkpt>
      <trkpt lat="29.99073126353323459625244140625" lon="120.24332393892109394073486328125">
        <ele>10</ele>
        <time>2026-07-25T12:07:12.000Z</time>
        <extensions>
          <ns3:TrackPointExtension>
            <ns3:hr>147</ns3:hr>
            <ns3:cad>81</ns3:cad>
          </ns3:TrackPointExtension>
        </extensions>
      </trkpt>
      <trkpt lat="29.99075288884341716766357421875" lon="120.24333734996616840362548828125">
        <ele>10</ele>
        <time>2026-07-25T12:07:13.000Z</time>
        <extensions>
          <ns3:TrackPointExtension>
            <ns3:hr>147</ns3:hr>
            <ns3:cad>80</ns3:cad>
          </ns3:TrackPointExtension>
        </extensions>
      </trkpt>
      <trkpt lat="29.99077199958264827728271484375" lon="120.24335302412509918212890625">
        <ele>10.19999980926513671875</ele>
        <time>2026-07-25T12:07:14.000Z</time>
        <extensions>
          <ns3:TrackPointExtension>
            <ns3:hr>147</ns3:hr>
            <ns3:cad>80</ns3:cad>
          </ns3:TrackPointExtension>
        </extensions>
      </trkpt>
      <trkpt lat="29.990787841379642486572265625" lon="120.24336216039955615997314453125">
        <ele>10.19999980926513671875</ele>
        <time>2026-07-25T12:07:15.000Z</time>
        <extensions>
          <ns3:TrackPointExtension>
            <ns3:hr>147</ns3:hr>
            <ns3:cad>80</ns3:cad>
          </ns3:TrackPointExtension>
        </extensions>
      </trkpt>
      <trkpt lat="29.99080854468047618865966796875" lon="120.243374146521091461181640625">
        <ele>10.19999980926513671875</ele>
        <time>2026-07-25T12:07:16.000Z</time>
        <extensions>
          <ns3:TrackPointExtension>
            <ns3:hr>147</ns3:hr>
            <ns3:cad>80</ns3:cad>
          </ns3:TrackPointExtension>
        </extensions>
      </trkpt>
      <trkpt lat="29.99082497321069240570068359375" lon="120.243384875357151031494140625">
        <ele>10.19999980926513671875</ele>
        <time>2026-07-25T12:07:17.000Z</time>
        <extensions>
          <ns3:TrackPointExtension>
            <ns3:hr>147</ns3:hr>
            <ns3:cad>80</ns3:cad>
          </ns3:TrackPointExtension>
        </extensions>
      </trkpt>
      <trkpt lat="29.9908411502838134765625" lon="120.24339451454579830169677734375">
        <ele>10.19999980926513671875</ele>
        <time>2026-07-25T12:07:18.000Z</time>
        <extensions>
          <ns3:TrackPointExtension>
            <ns3:hr>148</ns3:hr>
            <ns3:cad>80</ns3:cad>
          </ns3:TrackPointExtension>
        </extensions>
      </trkpt>
      <trkpt lat="29.99086118303239345550537109375" lon="120.24340691976249217987060546875">
        <ele>10.19999980926513671875</ele>
        <time>2026-07-25T12:07:19.000Z</time>
        <extensions>
          <ns3:TrackPointExtension>
            <ns3:hr>148</ns3:hr>
            <ns3:cad>80</ns3:cad>
          </ns3:TrackPointExtension>
        </extensions>
      </trkpt>
      <trkpt lat="29.990874342620372772216796875" lon="120.2434162236750125885009765625">
        <ele>10.19999980926513671875</ele>
        <time>2026-07-25T12:07:20.000Z</time>
        <extensions>
          <ns3:TrackPointExtension>
            <ns3:hr>148</ns3:hr>
            <ns3:cad>80</ns3:cad>
          </ns3:TrackPointExtension>
        </extensions>
      </trkpt>
      <trkpt lat="29.99089412391185760498046875" lon="120.24342720396816730499267578125">
        <ele>10.19999980926513671875</ele>
        <time>2026-07-25T12:07:21.000Z</time>
        <extensions>
          <ns3:TrackPointExtension>
            <ns3:hr>148</ns3:hr>
            <ns3:cad>81</ns3:cad>
          </ns3:TrackPointExtension>
        </extensions>
      </trkpt>
      <trkpt lat="29.9909095466136932373046875" lon="120.24344195611774921417236328125">
        <ele>10.19999980926513671875</ele>
        <time>2026-07-25T12:07:22.000Z</time>
        <extensions>
          <ns3:TrackPointExtension>
            <ns3:hr>149</ns3:hr>
            <ns3:cad>81</ns3:cad>
          </ns3:TrackPointExtension>
        </extensions>
      </trkpt>
      <trkpt lat="29.9909251369535923004150390625" lon="120.24345704354345798492431640625">
        <ele>10.19999980926513671875</ele>
        <time>2026-07-25T12:07:23.000Z</time>
        <extensions>
          <ns3:TrackPointExtension>
            <ns3:hr>148</ns3:hr>
            <ns3:cad>81</ns3:cad>
          </ns3:TrackPointExtension>
        </extensions>
      </trkpt>
      <trkpt lat="29.99094349332153797149658203125" lon="120.24346995167434215545654296875">
        <ele>10.3999996185302734375</ele>
        <time>2026-07-25T12:07:24.000Z</time>
        <extensions>
          <ns3:TrackPointExtension>
            <ns3:hr>148</ns3:hr>
            <ns3:cad>81</ns3:cad>
          </ns3:TrackPointExtension>
        </extensions>
      </trkpt>
      <trkpt lat="29.99096159823238849639892578125" lon="120.24348705075681209564208984375">
        <ele>10.3999996185302734375</ele>
        <time>2026-07-25T12:07:25.000Z</time>
        <extensions>
          <ns3:TrackPointExtension>
            <ns3:hr>149</ns3:hr>
            <ns3:cad>80</ns3:cad>
          </ns3:TrackPointExtension>
        </extensions>
      </trkpt>
      <trkpt lat="29.99098037369549274444580078125" lon="120.243498869240283966064453125">
        <ele>10.3999996185302734375</ele>
        <time>2026-07-25T12:07:26.000Z</time>
        <extensions>
          <ns3:TrackPointExtension>
            <ns3:hr>148</ns3:hr>
            <ns3:cad>80</ns3:cad>
          </ns3:TrackPointExtension>
        </extensions>
      </trkpt>
      <trkpt lat="29.990998394787311553955078125" lon="120.2435097657144069671630859375">
        <ele>10.3999996185302734375</ele>
        <time>2026-07-25T12:07:27.000Z</time>
        <extensions>
          <ns3:TrackPointExtension>
            <ns3:hr>148</ns3:hr>
            <ns3:cad>81</ns3:cad>
          </ns3:TrackPointExtension>
        </extensions>
      </trkpt>
      <trkpt lat="29.99101473949849605560302734375" lon="120.2435225062072277069091796875">
        <ele>10.3999996185302734375</ele>
        <time>2026-07-25T12:07:28.000Z</time>
        <extensions>
          <ns3:TrackPointExtension>
            <ns3:hr>149</ns3:hr>
            <ns3:cad>81</ns3:cad>
          </ns3:TrackPointExtension>
        </extensions>
      </trkpt>
      <trkpt lat="29.9910275638103485107421875" lon="120.24352862499654293060302734375">
        <ele>10.19999980926513671875</ele>
        <time>2026-07-25T12:07:29.000Z</time>
        <extensions>
          <ns3:TrackPointExtension>
            <ns3:hr>148</ns3:hr>
            <ns3:cad>81</ns3:cad>
          </ns3:TrackPointExtension>
        </extensions>
      </trkpt>
      <trkpt lat="29.9910441599786281585693359375" lon="120.2435432933270931243896484375">
        <ele>10.19999980926513671875</ele>
        <time>2026-07-25T12:07:30.000Z</time>
        <extensions>
          <ns3:TrackPointExtension>
            <ns3:hr>148</ns3:hr>
            <ns3:cad>81</ns3:cad>
          </ns3:TrackPointExtension>
        </extensions>
      </trkpt>
      <trkpt lat="29.9910602532327175140380859375" lon="120.2435588836669921875">
        <ele>10.19999980926513671875</ele>
        <time>2026-07-25T12:07:31.000Z</time>
        <extensions>
          <ns3:TrackPointExtension>
            <ns3:hr>148</ns3:hr>
            <ns3:cad>81</ns3:cad>
          </ns3:TrackPointExtension>
        </extensions>
      </trkpt>
      <trkpt lat="29.9910756759345531463623046875" lon="120.243569277226924896240234375">
        <ele>10</ele>
        <time>2026-07-25T12:07:32.000Z</time>
        <extensions>
          <ns3:TrackPointExtension>
            <ns3:hr>148</ns3:hr>
            <ns3:cad>81</ns3:cad>
          </ns3:TrackPointExtension>
        </extensions>
      </trkpt>
      <trkpt lat="29.99109755270183086395263671875" lon="120.24358880706131458282470703125">
        <ele>10</ele>
        <time>2026-07-25T12:07:33.000Z</time>
        <extensions>
          <ns3:TrackPointExtension>
            <ns3:hr>149</ns3:hr>
            <ns3:cad>81</ns3:cad>
          </ns3:TrackPointExtension>
        </extensions>
      </trkpt>
      <trkpt lat="29.99111733399331569671630859375" lon="120.24359970353543758392333984375">
        <ele>10</ele>
        <time>2026-07-25T12:07:34.000Z</time>
        <extensions>
          <ns3:TrackPointExtension>
            <ns3:hr>148</ns3:hr>
            <ns3:cad>81</ns3:cad>
          </ns3:TrackPointExtension>
        </extensions>
      </trkpt>
      <trkpt lat="29.991141892969608306884765625" lon="120.243614204227924346923828125">
        <ele>10</ele>
        <time>2026-07-25T12:07:35.000Z</time>
        <extensions>
          <ns3:TrackPointExtension>
            <ns3:hr>149</ns3:hr>
            <ns3:cad>82</ns3:cad>
          </ns3:TrackPointExtension>
        </extensions>
      </trkpt>
      <trkpt lat="29.99116058461368083953857421875" lon="120.24362199939787387847900390625">
        <ele>10.19999980926513671875</ele>
        <time>2026-07-25T12:07:36.000Z</time>
        <extensions>
          <ns3:TrackPointExtension>
            <ns3:hr>149</ns3:hr>
            <ns3:cad>83</ns3:cad>
          </ns3:TrackPointExtension>
        </extensions>
      </trkpt>
      <trkpt lat="29.9911843053996562957763671875" lon="120.24363624863326549530029296875">
        <ele>10</ele>
        <time>2026-07-25T12:07:37.000Z</time>
        <extensions>
          <ns3:TrackPointExtension>
            <ns3:hr>149</ns3:hr>
            <ns3:cad>85</ns3:cad>
          </ns3:TrackPointExtension>
        </extensions>
      </trkpt>
      <trkpt lat="29.9912010692059993743896484375" lon="120.24365200661122798919677734375">
        <ele>10</ele>
        <time>2026-07-25T12:07:38.000Z</time>
        <extensions>
          <ns3:TrackPointExtension>
            <ns3:hr>148</ns3:hr>
            <ns3:cad>86</ns3:cad>
          </ns3:TrackPointExtension>
        </extensions>
      </trkpt>
      <trkpt lat="29.9912181682884693145751953125" lon="120.243663825094699859619140625">
        <ele>10</ele>
        <time>2026-07-25T12:07:39.000Z</time>
        <extensions>
          <ns3:TrackPointExtension>
            <ns3:hr>149</ns3:hr>
            <ns3:cad>87</ns3:cad>
          </ns3:TrackPointExtension>
        </extensions>
      </trkpt>
      <trkpt lat="29.9912340939044952392578125" lon="120.2436767332255840301513671875">
        <ele>10</ele>
        <time>2026-07-25T12:07:40.000Z</time>
        <extensions>
          <ns3:TrackPointExtension>
            <ns3:hr>149</ns3:hr>
            <ns3:cad>87</ns3:cad>
          </ns3:TrackPointExtension>
        </extensions>
      </trkpt>
      <trkpt lat="29.9912500195205211639404296875" lon="120.243683271110057830810546875">
        <ele>10.19999980926513671875</ele>
        <time>2026-07-25T12:07:41.000Z</time>
        <extensions>
          <ns3:TrackPointExtension>
            <ns3:hr>149</ns3:hr>
            <ns3:cad>87</ns3:cad>
          </ns3:TrackPointExtension>
        </extensions>
      </trkpt>
      <trkpt lat="29.99126334674656391143798828125" lon="120.24369911290705204010009765625">
        <ele>10.19999980926513671875</ele>
        <time>2026-07-25T12:07:42.000Z</time>
        <extensions>
          <ns3:TrackPointExtension>
            <ns3:hr>149</ns3:hr>
            <ns3:cad>87</ns3:cad>
          </ns3:TrackPointExtension>
        </extensions>
      </trkpt>
      <trkpt lat="29.99127893708646297454833984375" lon="120.243711769580841064453125">
        <ele>10.19999980926513671875</ele>
        <time>2026-07-25T12:07:43.000Z</time>
        <extensions>
          <ns3:TrackPointExtension>
            <ns3:hr>150</ns3:hr>
            <ns3:cad>87</ns3:cad>
          </ns3:TrackPointExtension>
        </extensions>
      </trkpt>
      <trkpt lat="29.9912999756634235382080078125" lon="120.24372828193008899688720703125">
        <ele>10.3999996185302734375</ele>
        <time>2026-07-25T12:07:44.000Z</time>
        <extensions>
          <ns3:TrackPointExtension>
            <ns3:hr>150</ns3:hr>
            <ns3:cad>86</ns3:cad>
          </ns3:TrackPointExtension>
        </extensions>
      </trkpt>
      <trkpt lat="29.99131766147911548614501953125" lon="120.24374135769903659820556640625">
        <ele>10.3999996185302734375</ele>
        <time>2026-07-25T12:07:45.000Z</time>
        <extensions>
          <ns3:TrackPointExtension>
            <ns3:hr>150</ns3:hr>
            <ns3:cad>86</ns3:cad>
          </ns3:TrackPointExtension>
        </extensions>
      </trkpt>
      <trkpt lat="29.99133660458028316497802734375" lon="120.2437545172870159149169921875">
        <ele>10.3999996185302734375</ele>
        <time>2026-07-25T12:07:46.000Z</time>
        <extensions>
          <ns3:TrackPointExtension>
            <ns3:hr>150</ns3:hr>
            <ns3:cad>85</ns3:cad>
          </ns3:TrackPointExtension>
        </extensions>
      </trkpt>
      <trkpt lat="29.9913566373288631439208984375" lon="120.2437696047127246856689453125">
        <ele>10.19999980926513671875</ele>
        <time>2026-07-25T12:07:47.000Z</time>
        <extensions>
          <ns3:TrackPointExtension>
            <ns3:hr>150</ns3:hr>
            <ns3:cad>85</ns3:cad>
          </ns3:TrackPointExtension>
        </extensions>
      </trkpt>
      <trkpt lat="29.99137599952518939971923828125" lon="120.243779830634593963623046875">
        <ele>10.19999980926513671875</ele>
        <time>2026-07-25T12:07:48.000Z</time>
        <extensions>
          <ns3:TrackPointExtension>
            <ns3:hr>150</ns3:hr>
            <ns3:cad>85</ns3:cad>
          </ns3:TrackPointExtension>
        </extensions>
      </trkpt>
      <trkpt lat="29.991397373378276824951171875" lon="120.2437977679073810577392578125">
        <ele>10.19999980926513671875</ele>
        <time>2026-07-25T12:07:49.000Z</time>
        <extensions>
          <ns3:TrackPointExtension>
            <ns3:hr>150</ns3:hr>
            <ns3:cad>85</ns3:cad>
          </ns3:TrackPointExtension>
        </extensions>
      </trkpt>
      <trkpt lat="29.99141371808946132659912109375" lon="120.2438096702098846435546875">
        <ele>10.19999980926513671875</ele>
        <time>2026-07-25T12:07:50.000Z</time>
        <extensions>
          <ns3:TrackPointExtension>
            <ns3:hr>150</ns3:hr>
            <ns3:cad>86</ns3:cad>
          </ns3:TrackPointExtension>
        </extensions>
      </trkpt>
      <trkpt lat="29.99143416993319988250732421875" lon="120.243828110396862030029296875">
        <ele>10.19999980926513671875</ele>
        <time>2026-07-25T12:07:51.000Z</time>
        <extensions>
          <ns3:TrackPointExtension>
            <ns3:hr>150</ns3:hr>
            <ns3:cad>86</ns3:cad>
          </ns3:TrackPointExtension>
        </extensions>
      </trkpt>
      <trkpt lat="29.991446994245052337646484375" lon="120.2438445389270782470703125">
        <ele>10.19999980926513671875</ele>
        <time>2026-07-25T12:07:52.000Z</time>
        <extensions>
          <ns3:TrackPointExtension>
            <ns3:hr>150</ns3:hr>
            <ns3:cad>86</ns3:cad>
          </ns3:TrackPointExtension>
        </extensions>
      </trkpt>
      <trkpt lat="29.991463087499141693115234375" lon="120.24386188946664333343505859375">
        <ele>10.19999980926513671875</ele>
        <time>2026-07-25T12:07:53.000Z</time>
        <extensions>
          <ns3:TrackPointExtension>
            <ns3:hr>150</ns3:hr>
            <ns3:cad>85</ns3:cad>
          </ns3:TrackPointExtension>
        </extensions>
      </trkpt>
      <trkpt lat="29.9914783425629138946533203125" lon="120.24387898854911327362060546875">
        <ele>10.19999980926513671875</ele>
        <time>2026-07-25T12:07:54.000Z</time>
        <extensions>
          <ns3:TrackPointExtension>
            <ns3:hr>151</ns3:hr>
            <ns3:cad>85</ns3:cad>
          </ns3:TrackPointExtension>
        </extensions>
      </trkpt>
      <trkpt lat="29.9914947710931301116943359375" lon="120.2438909746706485748291015625">
        <ele>10.19999980926513671875</ele>
        <time>2026-07-25T12:07:55.000Z</time>
        <extensions>
          <ns3:TrackPointExtension>
            <ns3:hr>150</ns3:hr>
            <ns3:cad>85</ns3:cad>
          </ns3:TrackPointExtension>
        </extensions>
      </trkpt>
      <trkpt lat="29.9915152229368686676025390625" lon="120.24390421807765960693359375">
        <ele>10.19999980926513671875</ele>
        <time>2026-07-25T12:07:56.000Z</time>
        <extensions>
          <ns3:TrackPointExtension>
            <ns3:hr>150</ns3:hr>
            <ns3:cad>85</ns3:cad>
          </ns3:TrackPointExtension>
        </extensions>
      </trkpt>
      <trkpt lat="29.99153207056224346160888671875" lon="120.24391226470470428466796875">
        <ele>10.19999980926513671875</ele>
        <time>2026-07-25T12:07:57.000Z</time>
        <extensions>
          <ns3:TrackPointExtension>
            <ns3:hr>151</ns3:hr>
            <ns3:cad>85</ns3:cad>
          </ns3:TrackPointExtension>
        </extensions>
      </trkpt>
      <trkpt lat="29.9915524385869503021240234375" lon="120.24392425082623958587646484375">
        <ele>10.19999980926513671875</ele>
        <time>2026-07-25T12:07:58.000Z</time>
        <extensions>
          <ns3:TrackPointExtension>
            <ns3:hr>151</ns3:hr>
            <ns3:cad>86</ns3:cad>
          </ns3:TrackPointExtension>
        </extensions>
      </trkpt>
      <trkpt lat="29.99156626872718334197998046875" lon="120.24392961524426937103271484375">
        <ele>10.19999980926513671875</ele>
        <time>2026-07-25T12:07:59.000Z</time>
        <extensions>
          <ns3:TrackPointExtension>
            <ns3:hr>151</ns3:hr>
            <ns3:cad>86</ns3:cad>
          </ns3:TrackPointExtension>
        </extensions>
      </trkpt>
      <trkpt lat="29.99158772639930248260498046875" lon="120.2439439482986927032470703125">
        <ele>10.19999980926513671875</ele>
        <time>2026-07-25T12:08:00.000Z</time>
        <extensions>
          <ns3:TrackPointExtension>
            <ns3:hr>151</ns3:hr>
            <ns3:cad>86</ns3:cad>
          </ns3:TrackPointExtension>
        </extensions>
      </trkpt>
      <trkpt lat="29.9916010536253452301025390625" lon="120.2439550124108791351318359375">
        <ele>10.3999996185302734375</ele>
        <time>2026-07-25T12:08:01.000Z</time>
        <extensions>
          <ns3:TrackPointExtension>
            <ns3:hr>151</ns3:hr>
            <ns3:cad>86</ns3:cad>
          </ns3:TrackPointExtension>
        </extensions>
      </trkpt>
      <trkpt lat="29.9916215054690837860107421875" lon="120.24396565742790699005126953125">
        <ele>10.3999996185302734375</ele>
        <time>2026-07-25T12:08:02.000Z</time>
        <extensions>
          <ns3:TrackPointExtension>
            <ns3:hr>152</ns3:hr>
            <ns3:cad>86</ns3:cad>
          </ns3:TrackPointExtension>
        </extensions>
      </trkpt>
      <trkpt lat="29.991637766361236572265625" lon="120.2439791522920131683349609375">
        <ele>10.3999996185302734375</ele>
        <time>2026-07-25T12:08:03.000Z</time>
        <extensions>
          <ns3:TrackPointExtension>
            <ns3:hr>152</ns3:hr>
            <ns3:cad>86</ns3:cad>
          </ns3:TrackPointExtension>
        </extensions>
      </trkpt>
      <trkpt lat="29.99165360815823078155517578125" lon="120.24399063549935817718505859375">
        <ele>10.3999996185302734375</ele>
        <time>2026-07-25T12:08:04.000Z</time>
        <extensions>
          <ns3:TrackPointExtension>
            <ns3:hr>152</ns3:hr>
            <ns3:cad>87</ns3:cad>
          </ns3:TrackPointExtension>
        </extensions>
      </trkpt>
      <trkpt lat="29.991668276488780975341796875" lon="120.2440042980015277862548828125">
        <ele>10.3999996185302734375</ele>
        <time>2026-07-25T12:08:05.000Z</time>
        <extensions>
          <ns3:TrackPointExtension>
            <ns3:hr>152</ns3:hr>
            <ns3:cad>87</ns3:cad>
          </ns3:TrackPointExtension>
        </extensions>
      </trkpt>
      <trkpt lat="29.99168135225772857666015625" lon="120.2440106682479381561279296875">
        <ele>10.3999996185302734375</ele>
        <time>2026-07-25T12:08:06.000Z</time>
        <extensions>
          <ns3:TrackPointExtension>
            <ns3:hr>151</ns3:hr>
            <ns3:cad>87</ns3:cad>
          </ns3:TrackPointExtension>
        </extensions>
      </trkpt>
      <trkpt lat="29.9917007982730865478515625" lon="120.24402366019785404205322265625">
        <ele>10.19999980926513671875</ele>
        <time>2026-07-25T12:08:07.000Z</time>
        <extensions>
          <ns3:TrackPointExtension>
            <ns3:hr>152</ns3:hr>
            <ns3:cad>86</ns3:cad>
          </ns3:TrackPointExtension>
        </extensions>
      </trkpt>
      <trkpt lat="29.99171596951782703399658203125" lon="120.24403220973908901214599609375">
        <ele>10.3999996185302734375</ele>
        <time>2026-07-25T12:08:08.000Z</time>
        <extensions>
          <ns3:TrackPointExtension>
            <ns3:hr>152</ns3:hr>
            <ns3:cad>86</ns3:cad>
          </ns3:TrackPointExtension>
        </extensions>
      </trkpt>
      <trkpt lat="29.9917331524193286895751953125" lon="120.24404377676546573638916015625">
        <ele>10.3999996185302734375</ele>
        <time>2026-07-25T12:08:09.000Z</time>
        <extensions>
          <ns3:TrackPointExtension>
            <ns3:hr>152</ns3:hr>
            <ns3:cad>86</ns3:cad>
          </ns3:TrackPointExtension>
        </extensions>
      </trkpt>
      <trkpt lat="29.99175033532083034515380859375" lon="120.2440566010773181915283203125">
        <ele>10.19999980926513671875</ele>
        <time>2026-07-25T12:08:10.000Z</time>
        <extensions>
          <ns3:TrackPointExtension>
            <ns3:hr>151</ns3:hr>
            <ns3:cad>86</ns3:cad>
          </ns3:TrackPointExtension>
        </extensions>
      </trkpt>
      <trkpt lat="29.9917666800320148468017578125" lon="120.2440656535327434539794921875">
        <ele>10.19999980926513671875</ele>
        <time>2026-07-25T12:08:11.000Z</time>
        <extensions>
          <ns3:TrackPointExtension>
            <ns3:hr>152</ns3:hr>
            <ns3:cad>86</ns3:cad>
          </ns3:TrackPointExtension>
        </extensions>
      </trkpt>
      <trkpt lat="29.9917874671518802642822265625" lon="120.24407814256846904754638671875">
        <ele>10.19999980926513671875</ele>
        <time>2026-07-25T12:08:12.000Z</time>
        <extensions>
          <ns3:TrackPointExtension>
            <ns3:hr>152</ns3:hr>
            <ns3:cad>86</ns3:cad>
          </ns3:TrackPointExtension>
        </extensions>
      </trkpt>
      <trkpt lat="29.9918045662343502044677734375" lon="120.24408736266195774078369140625">
        <ele>10.19999980926513671875</ele>
        <time>2026-07-25T12:08:13.000Z</time>
        <extensions>
          <ns3:TrackPointExtension>
            <ns3:hr>152</ns3:hr>
            <ns3:cad>86</ns3:cad>
          </ns3:TrackPointExtension>
        </extensions>
      </trkpt>
      <trkpt lat="29.991823844611644744873046875" lon="120.24410228244960308074951171875">
        <ele>10.19999980926513671875</ele>
        <time>2026-07-25T12:08:14.000Z</time>
        <extensions>
          <ns3:TrackPointExtension>
            <ns3:hr>153</ns3:hr>
            <ns3:cad>86</ns3:cad>
          </ns3:TrackPointExtension>
        </extensions>
      </trkpt>
      <trkpt lat="29.99183884821832180023193359375" lon="120.244109071791172027587890625">
        <ele>10.19999980926513671875</ele>
        <time>2026-07-25T12:08:15.000Z</time>
        <extensions>
          <ns3:TrackPointExtension>
            <ns3:hr>153</ns3:hr>
            <ns3:cad>86</ns3:cad>
          </ns3:TrackPointExtension>
        </extensions>
      </trkpt>
      <trkpt lat="29.9918575398623943328857421875" lon="120.24411837570369243621826171875">
        <ele>10.19999980926513671875</ele>
        <time>2026-07-25T12:08:16.000Z</time>
        <extensions>
          <ns3:TrackPointExtension>
            <ns3:hr>153</ns3:hr>
            <ns3:cad>86</ns3:cad>
          </ns3:TrackPointExtension>
        </extensions>
      </trkpt>
      <trkpt lat="29.99187237583100795745849609375" lon="120.24412893690168857574462890625">
        <ele>10.19999980926513671875</ele>
        <time>2026-07-25T12:08:17.000Z</time>
        <extensions>
          <ns3:TrackPointExtension>
            <ns3:hr>153</ns3:hr>
            <ns3:cad>86</ns3:cad>
          </ns3:TrackPointExtension>
        </extensions>
      </trkpt>
      <trkpt lat="29.99188897199928760528564453125" lon="120.24414285086095333099365234375">
        <ele>10.19999980926513671875</ele>
        <time>2026-07-25T12:08:18.000Z</time>
        <extensions>
          <ns3:TrackPointExtension>
            <ns3:hr>153</ns3:hr>
            <ns3:cad>86</ns3:cad>
          </ns3:TrackPointExtension>
        </extensions>
      </trkpt>
      <trkpt lat="29.9919064901769161224365234375" lon="120.24415542371571063995361328125">
        <ele>10.19999980926513671875</ele>
        <time>2026-07-25T12:08:19.000Z</time>
        <extensions>
          <ns3:TrackPointExtension>
            <ns3:hr>153</ns3:hr>
            <ns3:cad>86</ns3:cad>
          </ns3:TrackPointExtension>
        </extensions>
      </trkpt>
      <trkpt lat="29.991922080516815185546875" lon="120.24416699074208736419677734375">
        <ele>10.19999980926513671875</ele>
        <time>2026-07-25T12:08:20.000Z</time>
        <extensions>
          <ns3:TrackPointExtension>
            <ns3:hr>153</ns3:hr>
            <ns3:cad>86</ns3:cad>
          </ns3:TrackPointExtension>
        </extensions>
      </trkpt>
      <trkpt lat="29.99194127507507801055908203125" lon="120.2441816590726375579833984375">
        <ele>10.19999980926513671875</ele>
        <time>2026-07-25T12:08:21.000Z</time>
        <extensions>
          <ns3:TrackPointExtension>
            <ns3:hr>153</ns3:hr>
            <ns3:cad>86</ns3:cad>
          </ns3:TrackPointExtension>
        </extensions>
      </trkpt>
      <trkpt lat="29.99195636250078678131103515625" lon="120.244191549718379974365234375">
        <ele>10.19999980926513671875</ele>
        <time>2026-07-25T12:08:22.000Z</time>
        <extensions>
          <ns3:TrackPointExtension>
            <ns3:hr>153</ns3:hr>
            <ns3:cad>86</ns3:cad>
          </ns3:TrackPointExtension>
        </extensions>
      </trkpt>
      <trkpt lat="29.9919745512306690216064453125" lon="120.24420454166829586029052734375">
        <ele>10.19999980926513671875</ele>
        <time>2026-07-25T12:08:23.000Z</time>
        <extensions>
          <ns3:TrackPointExtension>
            <ns3:hr>153</ns3:hr>
            <ns3:cad>87</ns3:cad>
          </ns3:TrackPointExtension>
        </extensions>
      </trkpt>
      <trkpt lat="29.99198888428509235382080078125" lon="120.2442151866853237152099609375">
        <ele>10.19999980926513671875</ele>
        <time>2026-07-25T12:08:24.000Z</time>
        <extensions>
          <ns3:TrackPointExtension>
            <ns3:hr>153</ns3:hr>
            <ns3:cad>87</ns3:cad>
          </ns3:TrackPointExtension>
        </extensions>
      </trkpt>
      <trkpt lat="29.9920084141194820404052734375" lon="120.2442275919020175933837890625">
        <ele>10.19999980926513671875</ele>
        <time>2026-07-25T12:08:25.000Z</time>
        <extensions>
          <ns3:TrackPointExtension>
            <ns3:hr>153</ns3:hr>
            <ns3:cad>86</ns3:cad>
          </ns3:TrackPointExtension>
        </extensions>
      </trkpt>
      <trkpt lat="29.99202760867774486541748046875" lon="120.2442423440515995025634765625">
        <ele>10.19999980926513671875</ele>
        <time>2026-07-25T12:08:26.000Z</time>
        <extensions>
          <ns3:TrackPointExtension>
            <ns3:hr>153</ns3:hr>
            <ns3:cad>85</ns3:cad>
          </ns3:TrackPointExtension>
        </extensions>
      </trkpt>
      <trkpt lat="29.99204420484602451324462890625" lon="120.2442530728876590728759765625">
        <ele>10.19999980926513671875</ele>
        <time>2026-07-25T12:08:27.000Z</time>
        <extensions>
          <ns3:TrackPointExtension>
            <ns3:hr>153</ns3:hr>
            <ns3:cad>85</ns3:cad>
          </ns3:TrackPointExtension>
        </extensions>
      </trkpt>
      <trkpt lat="29.99206884764134883880615234375" lon="120.2442641369998455047607421875">
        <ele>10.3999996185302734375</ele>
        <time>2026-07-25T12:08:28.000Z</time>
        <extensions>
          <ns3:TrackPointExtension>
            <ns3:hr>153</ns3:hr>
            <ns3:cad>85</ns3:cad>
          </ns3:TrackPointExtension>
        </extensions>
      </trkpt>
      <trkpt lat="29.99208393506705760955810546875" lon="120.2442768774926662445068359375">
        <ele>10.3999996185302734375</ele>
        <time>2026-07-25T12:08:29.000Z</time>
        <extensions>
          <ns3:TrackPointExtension>
            <ns3:hr>153</ns3:hr>
            <ns3:cad>84</ns3:cad>
          </ns3:TrackPointExtension>
        </extensions>
      </trkpt>
      <trkpt lat="29.99210388399660587310791015625" lon="120.24428651668131351470947265625">
        <ele>10.3999996185302734375</ele>
        <time>2026-07-25T12:08:30.000Z</time>
        <extensions>
          <ns3:TrackPointExtension>
            <ns3:hr>153</ns3:hr>
            <ns3:cad>84</ns3:cad>
          </ns3:TrackPointExtension>
        </extensions>
      </trkpt>
      <trkpt lat="29.99212316237390041351318359375" lon="120.2443006820976734161376953125">
        <ele>10.3999996185302734375</ele>
        <time>2026-07-25T12:08:31.000Z</time>
        <extensions>
          <ns3:TrackPointExtension>
            <ns3:hr>153</ns3:hr>
            <ns3:cad>85</ns3:cad>
          </ns3:TrackPointExtension>
        </extensions>
      </trkpt>
      <trkpt lat="29.99213959090411663055419921875" lon="120.2443077228963375091552734375">
        <ele>10.3999996185302734375</ele>
        <time>2026-07-25T12:08:32.000Z</time>
        <extensions>
          <ns3:TrackPointExtension>
            <ns3:hr>153</ns3:hr>
            <ns3:cad>85</ns3:cad>
          </ns3:TrackPointExtension>
        </extensions>
      </trkpt>
      <trkpt lat="29.99216012656688690185546875" lon="120.24431903846561908721923828125">
        <ele>10.3999996185302734375</ele>
        <time>2026-07-25T12:08:33.000Z</time>
        <extensions>
          <ns3:TrackPointExtension>
            <ns3:hr>153</ns3:hr>
            <ns3:cad>85</ns3:cad>
          </ns3:TrackPointExtension>
        </extensions>
      </trkpt>
      <trkpt lat="29.99217429198324680328369140625" lon="120.244324989616870880126953125">
        <ele>10.3999996185302734375</ele>
        <time>2026-07-25T12:08:34.000Z</time>
        <extensions>
          <ns3:TrackPointExtension>
            <ns3:hr>153</ns3:hr>
            <ns3:cad>85</ns3:cad>
          </ns3:TrackPointExtension>
        </extensions>
      </trkpt>
      <trkpt lat="29.99219424091279506683349609375" lon="120.244335047900676727294921875">
        <ele>10.3999996185302734375</ele>
        <time>2026-07-25T12:08:35.000Z</time>
        <extensions>
          <ns3:TrackPointExtension>
            <ns3:hr>153</ns3:hr>
            <ns3:cad>86</ns3:cad>
          </ns3:TrackPointExtension>
        </extensions>
      </trkpt>
      <trkpt lat="29.992208741605281829833984375" lon="120.24434183724224567413330078125">
        <ele>10.3999996185302734375</ele>
        <time>2026-07-25T12:08:36.000Z</time>
        <extensions>
          <ns3:TrackPointExtension>
            <ns3:hr>153</ns3:hr>
            <ns3:cad>86</ns3:cad>
          </ns3:TrackPointExtension>
        </extensions>
      </trkpt>
      <trkpt lat="29.99222726561129093170166015625" lon="120.24436027742922306060791015625">
        <ele>10.3999996185302734375</ele>
        <time>2026-07-25T12:08:37.000Z</time>
        <extensions>
          <ns3:TrackPointExtension>
            <ns3:hr>153</ns3:hr>
            <ns3:cad>86</ns3:cad>
          </ns3:TrackPointExtension>
        </extensions>
      </trkpt>
      <trkpt lat="29.99224000610411167144775390625" lon="120.24437016807496547698974609375">
        <ele>10.3999996185302734375</ele>
        <time>2026-07-25T12:08:38.000Z</time>
        <extensions>
          <ns3:TrackPointExtension>
            <ns3:hr>152</ns3:hr>
            <ns3:cad>86</ns3:cad>
          </ns3:TrackPointExtension>
        </extensions>
      </trkpt>
      <trkpt lat="29.99225894920527935028076171875" lon="120.24438341148197650909423828125">
        <ele>10.3999996185302734375</ele>
        <time>2026-07-25T12:08:39.000Z</time>
        <extensions>
          <ns3:TrackPointExtension>
            <ns3:hr>152</ns3:hr>
            <ns3:cad>86</ns3:cad>
          </ns3:TrackPointExtension>
        </extensions>
      </trkpt>
      <trkpt lat="29.992278479039669036865234375" lon="120.2444005943834781646728515625">
        <ele>10.3999996185302734375</ele>
        <time>2026-07-25T12:08:40.000Z</time>
        <extensions>
          <ns3:TrackPointExtension>
            <ns3:hr>152</ns3:hr>
            <ns3:cad>87</ns3:cad>
          </ns3:TrackPointExtension>
        </extensions>
      </trkpt>
      <trkpt lat="29.9922967515885829925537109375" lon="120.24440906010568141937255859375">
        <ele>10.3999996185302734375</ele>
        <time>2026-07-25T12:08:41.000Z</time>
        <extensions>
          <ns3:TrackPointExtension>
            <ns3:hr>152</ns3:hr>
            <ns3:cad>87</ns3:cad>
          </ns3:TrackPointExtension>
        </extensions>
      </trkpt>
      <trkpt lat="29.9923168681561946868896484375" lon="120.24442263878881931304931640625">
        <ele>10.3999996185302734375</ele>
        <time>2026-07-25T12:08:42.000Z</time>
        <extensions>
          <ns3:TrackPointExtension>
            <ns3:hr>152</ns3:hr>
            <ns3:cad>87</ns3:cad>
          </ns3:TrackPointExtension>
        </extensions>
      </trkpt>
      <trkpt lat="29.992331452667713165283203125" lon="120.2444346249103546142578125">
        <ele>10.3999996185302734375</ele>
        <time>2026-07-25T12:08:43.000Z</time>
        <extensions>
          <ns3:TrackPointExtension>
            <ns3:hr>151</ns3:hr>
            <ns3:cad>86</ns3:cad>
          </ns3:TrackPointExtension>
        </extensions>
      </trkpt>
      <trkpt lat="29.9923510663211345672607421875" lon="120.244445689022541046142578125">
        <ele>10.3999996185302734375</ele>
        <time>2026-07-25T12:08:44.000Z</time>
        <extensions>
          <ns3:TrackPointExtension>
            <ns3:hr>152</ns3:hr>
            <ns3:cad>86</ns3:cad>
          </ns3:TrackPointExtension>
        </extensions>
      </trkpt>
      <trkpt lat="29.9923638068139553070068359375" lon="120.24445541203022003173828125">
        <ele>10.3999996185302734375</ele>
        <time>2026-07-25T12:08:45.000Z</time>
        <extensions>
          <ns3:TrackPointExtension>
            <ns3:hr>152</ns3:hr>
            <ns3:cad>86</ns3:cad>
          </ns3:TrackPointExtension>
        </extensions>
      </trkpt>
      <trkpt lat="29.992381073534488677978515625" lon="120.2444716729223728179931640625">
        <ele>10.3999996185302734375</ele>
        <time>2026-07-25T12:08:46.000Z</time>
        <extensions>
          <ns3:TrackPointExtension>
            <ns3:hr>151</ns3:hr>
            <ns3:cad>86</ns3:cad>
          </ns3:TrackPointExtension>
        </extensions>
      </trkpt>
      <trkpt lat="29.99239406548440456390380859375" lon="120.244484581053256988525390625">
        <ele>10.3999996185302734375</ele>
        <time>2026-07-25T12:08:47.000Z</time>
        <extensions>
          <ns3:TrackPointExtension>
            <ns3:hr>152</ns3:hr>
            <ns3:cad>86</ns3:cad>
          </ns3:TrackPointExtension>
        </extensions>
      </trkpt>
      <trkpt lat="29.9924087338149547576904296875" lon="120.24449807591736316680908203125">
        <ele>10.3999996185302734375</ele>
        <time>2026-07-25T12:08:48.000Z</time>
        <extensions>
          <ns3:TrackPointExtension>
            <ns3:hr>152</ns3:hr>
            <ns3:cad>86</ns3:cad>
          </ns3:TrackPointExtension>
        </extensions>
      </trkpt>
      <trkpt lat="29.992425329983234405517578125" lon="120.24451584555208683013916015625">
        <ele>10.19999980926513671875</ele>
        <time>2026-07-25T12:08:49.000Z</time>
        <extensions>
          <ns3:TrackPointExtension>
            <ns3:hr>151</ns3:hr>
            <ns3:cad>86</ns3:cad>
          </ns3:TrackPointExtension>
        </extensions>
      </trkpt>
      <trkpt lat="29.9924446083605289459228515625" lon="120.24452607147395610809326171875">
        <ele>10.19999980926513671875</ele>
        <time>2026-07-25T12:08:50.000Z</time>
        <extensions>
          <ns3:TrackPointExtension>
            <ns3:hr>152</ns3:hr>
            <ns3:cad>87</ns3:cad>
          </ns3:TrackPointExtension>
        </extensions>
      </trkpt>
      <trkpt lat="29.99246581457555294036865234375" lon="120.24454384110867977142333984375">
        <ele>10.19999980926513671875</ele>
        <time>2026-07-25T12:08:51.000Z</time>
        <extensions>
          <ns3:TrackPointExtension>
            <ns3:hr>152</ns3:hr>
            <ns3:cad>87</ns3:cad>
          </ns3:TrackPointExtension>
        </extensions>
      </trkpt>
      <trkpt lat="29.992481656372547149658203125" lon="120.2445534802973270416259765625">
        <ele>10.19999980926513671875</ele>
        <time>2026-07-25T12:08:52.000Z</time>
        <extensions>
          <ns3:TrackPointExtension>
            <ns3:hr>152</ns3:hr>
            <ns3:cad>87</ns3:cad>
          </ns3:TrackPointExtension>
        </extensions>
      </trkpt>
      <trkpt lat="29.9925016053020954132080078125" lon="120.24456563405692577362060546875">
        <ele>10.3999996185302734375</ele>
        <time>2026-07-25T12:08:53.000Z</time>
        <extensions>
          <ns3:TrackPointExtension>
            <ns3:hr>151</ns3:hr>
            <ns3:cad>87</ns3:cad>
          </ns3:TrackPointExtension>
        </extensions>
      </trkpt>
      <trkpt lat="29.992517530918121337890625" lon="120.24457267485558986663818359375">
        <ele>10.3999996185302734375</ele>
        <time>2026-07-25T12:08:54.000Z</time>
        <extensions>
          <ns3:TrackPointExtension>
            <ns3:hr>152</ns3:hr>
            <ns3:cad>87</ns3:cad>
          </ns3:TrackPointExtension>
        </extensions>
      </trkpt>
      <trkpt lat="29.992542676627635955810546875" lon="120.24457074701786041259765625">
        <ele>10.3999996185302734375</ele>
        <time>2026-07-25T12:08:55.000Z</time>
        <extensions>
          <ns3:TrackPointExtension>
            <ns3:hr>152</ns3:hr>
            <ns3:cad>87</ns3:cad>
          </ns3:TrackPointExtension>
        </extensions>
      </trkpt>
      <trkpt lat="29.99256304465234279632568359375" lon="120.24457208812236785888671875">
        <ele>10.3999996185302734375</ele>
        <time>2026-07-25T12:08:56.000Z</time>
        <extensions>
          <ns3:TrackPointExtension>
            <ns3:hr>151</ns3:hr>
            <ns3:cad>87</ns3:cad>
          </ns3:TrackPointExtension>
        </extensions>
      </trkpt>
      <trkpt lat="29.992584250867366790771484375" lon="120.244563706219196319580078125">
        <ele>10.3999996185302734375</ele>
        <time>2026-07-25T12:08:57.000Z</time>
        <extensions>
          <ns3:TrackPointExtension>
            <ns3:hr>152</ns3:hr>
            <ns3:cad>86</ns3:cad>
          </ns3:TrackPointExtension>
        </extensions>
      </trkpt>
      <trkpt lat="29.99260813929140567779541015625" lon="120.24455733597278594970703125">
        <ele>10.19999980926513671875</ele>
        <time>2026-07-25T12:08:58.000Z</time>
        <extensions>
          <ns3:TrackPointExtension>
            <ns3:hr>152</ns3:hr>
            <ns3:cad>86</ns3:cad>
          </ns3:TrackPointExtension>
        </extensions>
      </trkpt>
      <trkpt lat="29.992620460689067840576171875" lon="120.24454819969832897186279296875">
        <ele>10.19999980926513671875</ele>
        <time>2026-07-25T12:08:59.000Z</time>
        <extensions>
          <ns3:TrackPointExtension>
            <ns3:hr>151</ns3:hr>
            <ns3:cad>86</ns3:cad>
          </ns3:TrackPointExtension>
        </extensions>
      </trkpt>
      <trkpt lat="29.99263647012412548065185546875" lon="120.24453462101519107818603515625">
        <ele>10.19999980926513671875</ele>
        <time>2026-07-25T12:09:00.000Z</time>
        <extensions>
          <ns3:TrackPointExtension>
            <ns3:hr>152</ns3:hr>
            <ns3:cad>86</ns3:cad>
          </ns3:TrackPointExtension>
        </extensions>
      </trkpt>
      <trkpt lat="29.9926435947418212890625" lon="120.2445206232368946075439453125">
        <ele>10.19999980926513671875</ele>
        <time>2026-07-25T12:09:01.000Z</time>
        <extensions>
          <ns3:TrackPointExtension>
            <ns3:hr>152</ns3:hr>
            <ns3:cad>86</ns3:cad>
          </ns3:TrackPointExtension>
        </extensions>
      </trkpt>
      <trkpt lat="29.992643930017948150634765625" lon="120.24449975229799747467041015625">
        <ele>10</ele>
        <time>2026-07-25T12:09:02.000Z</time>
        <extensions>
          <ns3:TrackPointExtension>
            <ns3:hr>151</ns3:hr>
            <ns3:cad>86</ns3:cad>
          </ns3:TrackPointExtension>
        </extensions>
      </trkpt>
      <trkpt lat="29.992647282779216766357421875" lon="120.24447795934975147247314453125">
        <ele>10.19999980926513671875</ele>
        <time>2026-07-25T12:09:03.000Z</time>
        <extensions>
          <ns3:TrackPointExtension>
            <ns3:hr>151</ns3:hr>
            <ns3:cad>85</ns3:cad>
          </ns3:TrackPointExtension>
        </extensions>
      </trkpt>
      <trkpt lat="29.99264971353113651275634765625" lon="120.244461782276630401611328125">
        <ele>10.19999980926513671875</ele>
        <time>2026-07-25T12:09:04.000Z</time>
        <extensions>
          <ns3:TrackPointExtension>
            <ns3:hr>151</ns3:hr>
            <ns3:cad>85</ns3:cad>
          </ns3:TrackPointExtension>
        </extensions>
      </trkpt>
      <trkpt lat="29.99265926890075206756591796875" lon="120.244437642395496368408203125">
        <ele>10.19999980926513671875</ele>
        <time>2026-07-25T12:09:05.000Z</time>
        <extensions>
          <ns3:TrackPointExtension>
            <ns3:hr>151</ns3:hr>
            <ns3:cad>83</ns3:cad>
          </ns3:TrackPointExtension>
        </extensions>
      </trkpt>
      <trkpt lat="29.99266580678522586822509765625" lon="120.24442029185593128204345703125">
        <ele>10.19999980926513671875</ele>
        <time>2026-07-25T12:09:06.000Z</time>
        <extensions>
          <ns3:TrackPointExtension>
            <ns3:hr>152</ns3:hr>
            <ns3:cad>83</ns3:cad>
          </ns3:TrackPointExtension>
        </extensions>
      </trkpt>
      <trkpt lat="29.9926725961267948150634765625" lon="120.24439631961286067962646484375">
        <ele>10.19999980926513671875</ele>
        <time>2026-07-25T12:09:07.000Z</time>
        <extensions>
          <ns3:TrackPointExtension>
            <ns3:hr>151</ns3:hr>
            <ns3:cad>83</ns3:cad>
          </ns3:TrackPointExtension>
        </extensions>
      </trkpt>
      <trkpt lat="29.9926819838583469390869140625" lon="120.2443744428455829620361328125">
        <ele>10</ele>
        <time>2026-07-25T12:09:08.000Z</time>
        <extensions>
          <ns3:TrackPointExtension>
            <ns3:hr>151</ns3:hr>
            <ns3:cad>83</ns3:cad>
          </ns3:TrackPointExtension>
        </extensions>
      </trkpt>
      <trkpt lat="29.9926860071718692779541015625" lon="120.244355499744415283203125">
        <ele>10.19999980926513671875</ele>
        <time>2026-07-25T12:09:09.000Z</time>
        <extensions>
          <ns3:TrackPointExtension>
            <ns3:hr>152</ns3:hr>
            <ns3:cad>84</ns3:cad>
          </ns3:TrackPointExtension>
        </extensions>
      </trkpt>
      <trkpt lat="29.99269531108438968658447265625" lon="120.24433337152004241943359375">
        <ele>10.19999980926513671875</ele>
        <time>2026-07-25T12:09:10.000Z</time>
        <extensions>
          <ns3:TrackPointExtension>
            <ns3:hr>151</ns3:hr>
            <ns3:cad>85</ns3:cad>
          </ns3:TrackPointExtension>
        </extensions>
      </trkpt>
      <trkpt lat="29.99269925057888031005859375" lon="120.2443194575607776641845703125">
        <ele>10.19999980926513671875</ele>
        <time>2026-07-25T12:09:11.000Z</time>
        <extensions>
          <ns3:TrackPointExtension>
            <ns3:hr>151</ns3:hr>
            <ns3:cad>85</ns3:cad>
          </ns3:TrackPointExtension>
        </extensions>
      </trkpt>
      <trkpt lat="29.9927094765007495880126953125" lon="120.2442929707467555999755859375">
        <ele>10.19999980926513671875</ele>
        <time>2026-07-25T12:09:12.000Z</time>
        <extensions>
          <ns3:TrackPointExtension>
            <ns3:hr>151</ns3:hr>
            <ns3:cad>85</ns3:cad>
          </ns3:TrackPointExtension>
        </extensions>
      </trkpt>
      <trkpt lat="29.9927121587097644805908203125" lon="120.2442785538733005523681640625">
        <ele>10.19999980926513671875</ele>
        <time>2026-07-25T12:09:13.000Z</time>
        <extensions>
          <ns3:TrackPointExtension>
            <ns3:hr>150</ns3:hr>
            <ns3:cad>85</ns3:cad>
          </ns3:TrackPointExtension>
        </extensions>
      </trkpt>
      <trkpt lat="29.99271928332746028900146484375" lon="120.244252569973468780517578125">
        <ele>10</ele>
        <time>2026-07-25T12:09:14.000Z</time>
        <extensions>
          <ns3:TrackPointExtension>
            <ns3:hr>150</ns3:hr>
            <ns3:cad>86</ns3:cad>
          </ns3:TrackPointExtension>
        </extensions>
      </trkpt>
      <trkpt lat="29.9927242286503314971923828125" lon="120.24423354305326938629150390625">
        <ele>10</ele>
        <time>2026-07-25T12:09:15.000Z</time>
        <extensions>
          <ns3:TrackPointExtension>
            <ns3:hr>150</ns3:hr>
            <ns3:cad>86</ns3:cad>
          </ns3:TrackPointExtension>
        </extensions>
      </trkpt>
      <trkpt lat="29.99272607266902923583984375" lon="120.2442114986479282379150390625">
        <ele>10</ele>
        <time>2026-07-25T12:09:16.000Z</time>
        <extensions>
          <ns3:TrackPointExtension>
            <ns3:hr>150</ns3:hr>
            <ns3:cad>86</ns3:cad>
          </ns3:TrackPointExtension>
        </extensions>
      </trkpt>
      <trkpt lat="29.99273252673447132110595703125" lon="120.24418316781520843505859375">
        <ele>10</ele>
        <time>2026-07-25T12:09:17.000Z</time>
        <extensions>
          <ns3:TrackPointExtension>
            <ns3:hr>150</ns3:hr>
            <ns3:cad>86</ns3:cad>
          </ns3:TrackPointExtension>
        </extensions>
      </trkpt>
      <trkpt lat="29.99273604713380336761474609375" lon="120.2441632188856601715087890625">
        <ele>10</ele>
        <time>2026-07-25T12:09:18.000Z</time>
        <extensions>
          <ns3:TrackPointExtension>
            <ns3:hr>150</ns3:hr>
            <ns3:cad>86</ns3:cad>
          </ns3:TrackPointExtension>
        </extensions>
      </trkpt>
      <trkpt lat="29.99274476431310176849365234375" lon="120.24413715116679668426513671875">
        <ele>10</ele>
        <time>2026-07-25T12:09:19.000Z</time>
        <extensions>
          <ns3:TrackPointExtension>
            <ns3:hr>150</ns3:hr>
            <ns3:cad>86</ns3:cad>
          </ns3:TrackPointExtension>
        </extensions>
      </trkpt>
      <trkpt lat="29.99275163747370243072509765625" lon="120.24411921389400959014892578125">
        <ele>10</ele>
        <time>2026-07-25T12:09:20.000Z</time>
        <extensions>
          <ns3:TrackPointExtension>
            <ns3:hr>150</ns3:hr>
            <ns3:cad>86</ns3:cad>
          </ns3:TrackPointExtension>
        </extensions>
      </trkpt>
      <trkpt lat="29.9927537329494953155517578125" lon="120.2440988458693027496337890625">
        <ele>10</ele>
        <time>2026-07-25T12:09:21.000Z</time>
        <extensions>
          <ns3:TrackPointExtension>
            <ns3:hr>150</ns3:hr>
            <ns3:cad>86</ns3:cad>
          </ns3:TrackPointExtension>
        </extensions>
      </trkpt>
      <trkpt lat="29.99275867827236652374267578125" lon="120.24407227523624897003173828125">
        <ele>9.80000019073486328125</ele>
        <time>2026-07-25T12:09:22.000Z</time>
        <extensions>
          <ns3:TrackPointExtension>
            <ns3:hr>150</ns3:hr>
            <ns3:cad>85</ns3:cad>
          </ns3:TrackPointExtension>
        </extensions>
      </trkpt>
      <trkpt lat="29.992758594453334808349609375" lon="120.2440510690212249755859375">
        <ele>9.80000019073486328125</ele>
        <time>2026-07-25T12:09:23.000Z</time>
        <extensions>
          <ns3:TrackPointExtension>
            <ns3:hr>150</ns3:hr>
            <ns3:cad>84</ns3:cad>
          </ns3:TrackPointExtension>
        </extensions>
      </trkpt>
      <trkpt lat="29.99276605434715747833251953125" lon="120.2440281026065349578857421875">
        <ele>9.6000003814697265625</ele>
        <time>2026-07-25T12:09:24.000Z</time>
        <extensions>
          <ns3:TrackPointExtension>
            <ns3:hr>150</ns3:hr>
            <ns3:cad>83</ns3:cad>
          </ns3:TrackPointExtension>
        </extensions>
      </trkpt>
      <trkpt lat="29.99277167022228240966796875" lon="120.2440106682479381561279296875">
        <ele>9.80000019073486328125</ele>
        <time>2026-07-25T12:09:25.000Z</time>
        <extensions>
          <ns3:TrackPointExtension>
            <ns3:hr>150</ns3:hr>
            <ns3:cad>83</ns3:cad>
          </ns3:TrackPointExtension>
        </extensions>
      </trkpt>
      <trkpt lat="29.992774017155170440673828125" lon="120.243993066251277923583984375">
        <ele>9.80000019073486328125</ele>
        <time>2026-07-25T12:09:26.000Z</time>
        <extensions>
          <ns3:TrackPointExtension>
            <ns3:hr>150</ns3:hr>
            <ns3:cad>85</ns3:cad>
          </ns3:TrackPointExtension>
        </extensions>
      </trkpt>
      <trkpt lat="29.99277376569807529449462890625" lon="120.24399784393608570098876953125">
        <ele>10</ele>
        <time>2026-07-25T12:09:27.000Z</time>
        <extensions>
          <ns3:TrackPointExtension>
            <ns3:hr>151</ns3:hr>
            <ns3:cad>85</ns3:cad>
          </ns3:TrackPointExtension>
        </extensions>
      </trkpt>
      <trkpt lat="29.9927738495171070098876953125" lon="120.2439985983073711395263671875">
        <ele>10.19999980926513671875</ele>
        <time>2026-07-25T12:09:28.000Z</time>
        <extensions>
          <ns3:TrackPointExtension>
            <ns3:hr>150</ns3:hr>
            <ns3:cad>84</ns3:cad>
          </ns3:TrackPointExtension>
        </extensions>
      </trkpt>
      <trkpt lat="29.99277242459356784820556640625" lon="120.24401259608566761016845703125">
        <ele>10.3999996185302734375</ele>
        <time>2026-07-25T12:09:29.000Z</time>
        <extensions>
          <ns3:TrackPointExtension>
            <ns3:hr>150</ns3:hr>
            <ns3:cad>83</ns3:cad>
          </ns3:TrackPointExtension>
        </extensions>
      </trkpt>
      <trkpt lat="29.99276923947036266326904296875" lon="120.2440311200916767120361328125">
        <ele>10.3999996185302734375</ele>
        <time>2026-07-25T12:09:30.000Z</time>
        <extensions>
          <ns3:TrackPointExtension>
            <ns3:hr>150</ns3:hr>
            <ns3:cad>83</ns3:cad>
          </ns3:TrackPointExtension>
        </extensions>
      </trkpt>
      <trkpt lat="29.99276605434715747833251953125" lon="120.24404478259384632110595703125">
        <ele>10.3999996185302734375</ele>
        <time>2026-07-25T12:09:31.000Z</time>
        <extensions>
          <ns3:TrackPointExtension>
            <ns3:hr>150</ns3:hr>
            <ns3:cad>81</ns3:cad>
          </ns3:TrackPointExtension>
        </extensions>
      </trkpt>
      <trkpt lat="29.99276471324265003204345703125" lon="120.244063474237918853759765625">
        <ele>10.3999996185302734375</ele>
        <time>2026-07-25T12:09:32.000Z</time>
        <extensions>
          <ns3:TrackPointExtension>
            <ns3:hr>150</ns3:hr>
            <ns3:cad>80</ns3:cad>
          </ns3:TrackPointExtension>
        </extensions>
      </trkpt>
      <trkpt lat="29.99275918118655681610107421875" lon="120.2440807409584522247314453125">
        <ele>10.3999996185302734375</ele>
        <time>2026-07-25T12:09:33.000Z</time>
        <extensions>
          <ns3:TrackPointExtension>
            <ns3:hr>149</ns3:hr>
            <ns3:cad>80</ns3:cad>
          </ns3:TrackPointExtension>
        </extensions>
      </trkpt>
      <trkpt lat="29.992758929729461669921875" lon="120.244098007678985595703125">
        <ele>10.19999980926513671875</ele>
        <time>2026-07-25T12:09:34.000Z</time>
        <extensions>
          <ns3:TrackPointExtension>
            <ns3:hr>149</ns3:hr>
            <ns3:cad>80</ns3:cad>
          </ns3:TrackPointExtension>
        </extensions>
      </trkpt>
      <trkpt lat="29.99275582842528820037841796875" lon="120.244123153388500213623046875">
        <ele>10.19999980926513671875</ele>
        <time>2026-07-25T12:09:35.000Z</time>
        <extensions>
          <ns3:TrackPointExtension>
            <ns3:hr>148</ns3:hr>
            <ns3:cad>80</ns3:cad>
          </ns3:TrackPointExtension>
        </extensions>
      </trkpt>
      <trkpt lat="29.99275079928338527679443359375" lon="120.24413765408098697662353515625">
        <ele>10.19999980926513671875</ele>
        <time>2026-07-25T12:09:36.000Z</time>
        <extensions>
          <ns3:TrackPointExtension>
            <ns3:hr>148</ns3:hr>
            <ns3:cad>82</ns3:cad>
          </ns3:TrackPointExtension>
        </extensions>
      </trkpt>
      <trkpt lat="29.992743842303752899169921875" lon="120.24416363798081874847412109375">
        <ele>10.19999980926513671875</ele>
        <time>2026-07-25T12:09:37.000Z</time>
        <extensions>
          <ns3:TrackPointExtension>
            <ns3:hr>147</ns3:hr>
            <ns3:cad>82</ns3:cad>
          </ns3:TrackPointExtension>
        </extensions>
      </trkpt>
      <trkpt lat="29.99273520894348621368408203125" lon="120.2441851794719696044921875">
        <ele>10.19999980926513671875</ele>
        <time>2026-07-25T12:09:38.000Z</time>
        <extensions>
          <ns3:TrackPointExtension>
            <ns3:hr>147</ns3:hr>
            <ns3:cad>84</ns3:cad>
          </ns3:TrackPointExtension>
        </extensions>
      </trkpt>
      <trkpt lat="29.99273370020091533660888671875" lon="120.24420957081019878387451171875">
        <ele>10.19999980926513671875</ele>
        <time>2026-07-25T12:09:39.000Z</time>
        <extensions>
          <ns3:TrackPointExtension>
            <ns3:hr>147</ns3:hr>
            <ns3:cad>85</ns3:cad>
          </ns3:TrackPointExtension>
        </extensions>
      </trkpt>
      <trkpt lat="29.99272699467837810516357421875" lon="120.2442319504916667938232421875">
        <ele>10.19999980926513671875</ele>
        <time>2026-07-25T12:09:40.000Z</time>
        <extensions>
          <ns3:TrackPointExtension>
            <ns3:hr>147</ns3:hr>
            <ns3:cad>85</ns3:cad>
          </ns3:TrackPointExtension>
        </extensions>
      </trkpt>
      <trkpt lat="29.99272397719323635101318359375" lon="120.2442480437457561492919921875">
        <ele>10.19999980926513671875</ele>
        <time>2026-07-25T12:09:41.000Z</time>
        <extensions>
          <ns3:TrackPointExtension>
            <ns3:hr>147</ns3:hr>
            <ns3:cad>85</ns3:cad>
          </ns3:TrackPointExtension>
        </extensions>
      </trkpt>
      <trkpt lat="29.99271727167069911956787109375" lon="120.2442695014178752899169921875">
        <ele>10.19999980926513671875</ele>
        <time>2026-07-25T12:09:42.000Z</time>
        <extensions>
          <ns3:TrackPointExtension>
            <ns3:hr>147</ns3:hr>
            <ns3:cad>85</ns3:cad>
          </ns3:TrackPointExtension>
        </extensions>
      </trkpt>
      <trkpt lat="29.992712326347827911376953125" lon="120.24428375065326690673828125">
        <ele>10.19999980926513671875</ele>
        <time>2026-07-25T12:09:43.000Z</time>
        <extensions>
          <ns3:TrackPointExtension>
            <ns3:hr>146</ns3:hr>
            <ns3:cad>84</ns3:cad>
          </ns3:TrackPointExtension>
        </extensions>
      </trkpt>
      <trkpt lat="29.9927078001201152801513671875" lon="120.2443023584783077239990234375">
        <ele>10</ele>
        <time>2026-07-25T12:09:44.000Z</time>
        <extensions>
          <ns3:TrackPointExtension>
            <ns3:hr>146</ns3:hr>
            <ns3:cad>84</ns3:cad>
          </ns3:TrackPointExtension>
        </extensions>
      </trkpt>
      <trkpt lat="29.992698244750499725341796875" lon="120.24432130157947540283203125">
        <ele>10</ele>
        <time>2026-07-25T12:09:45.000Z</time>
        <extensions>
          <ns3:TrackPointExtension>
            <ns3:hr>146</ns3:hr>
            <ns3:cad>84</ns3:cad>
          </ns3:TrackPointExtension>
        </extensions>
      </trkpt>
      <trkpt lat="29.99269388616085052490234375" lon="120.2443328686058521270751953125">
        <ele>10</ele>
        <time>2026-07-25T12:09:46.000Z</time>
        <extensions>
          <ns3:TrackPointExtension>
            <ns3:hr>146</ns3:hr>
            <ns3:cad>85</ns3:cad>
          </ns3:TrackPointExtension>
        </extensions>
      </trkpt>
      <trkpt lat="29.9926866777241230010986328125" lon="120.24434410035610198974609375">
        <ele>10</ele>
        <time>2026-07-25T12:09:47.000Z</time>
        <extensions>
          <ns3:TrackPointExtension>
            <ns3:hr>146</ns3:hr>
            <ns3:cad>85</ns3:cad>
          </ns3:TrackPointExtension>
        </extensions>
      </trkpt>
      <trkpt lat="29.99267787672579288482666015625" lon="120.244365893304347991943359375">
        <ele>10</ele>
        <time>2026-07-25T12:09:48.000Z</time>
        <extensions>
          <ns3:TrackPointExtension>
            <ns3:hr>146</ns3:hr>
            <ns3:cad>84</ns3:cad>
          </ns3:TrackPointExtension>
        </extensions>
      </trkpt>
      <trkpt lat="29.99267779290676116943359375" lon="120.24437838234007358551025390625">
        <ele>10.19999980926513671875</ele>
        <time>2026-07-25T12:09:49.000Z</time>
        <extensions>
          <ns3:TrackPointExtension>
            <ns3:hr>146</ns3:hr>
            <ns3:cad>84</ns3:cad>
          </ns3:TrackPointExtension>
        </extensions>
      </trkpt>
      <trkpt lat="29.99267100356519222259521484375" lon="120.24440352804958820343017578125">
        <ele>10.19999980926513671875</ele>
        <time>2026-07-25T12:09:50.000Z</time>
        <extensions>
          <ns3:TrackPointExtension>
            <ns3:hr>146</ns3:hr>
            <ns3:cad>83</ns3:cad>
          </ns3:TrackPointExtension>
        </extensions>
      </trkpt>
      <trkpt lat="29.99266169965267181396484375" lon="120.2444200403988361358642578125">
        <ele>10</ele>
        <time>2026-07-25T12:09:51.000Z</time>
        <extensions>
          <ns3:TrackPointExtension>
            <ns3:hr>146</ns3:hr>
            <ns3:cad>83</ns3:cad>
          </ns3:TrackPointExtension>
        </extensions>
      </trkpt>
      <trkpt lat="29.9926571734249591827392578125" lon="120.24444024078547954559326171875">
        <ele>10</ele>
        <time>2026-07-25T12:09:52.000Z</time>
        <extensions>
          <ns3:TrackPointExtension>
            <ns3:hr>145</ns3:hr>
            <ns3:cad>83</ns3:cad>
          </ns3:TrackPointExtension>
        </extensions>
      </trkpt>
      <trkpt lat="29.99265038408339023590087890625" lon="120.24446454830467700958251953125">
        <ele>10</ele>
        <time>2026-07-25T12:09:53.000Z</time>
        <extensions>
          <ns3:TrackPointExtension>
            <ns3:hr>145</ns3:hr>
            <ns3:cad>83</ns3:cad>
          </ns3:TrackPointExtension>
        </extensions>
      </trkpt>
      <trkpt lat="29.9926471151411533355712890625" lon="120.24448231793940067291259765625">
        <ele>10.19999980926513671875</ele>
        <time>2026-07-25T12:09:54.000Z</time>
        <extensions>
          <ns3:TrackPointExtension>
            <ns3:hr>145</ns3:hr>
            <ns3:cad>83</ns3:cad>
          </ns3:TrackPointExtension>
        </extensions>
      </trkpt>
      <trkpt lat="29.9926508031785488128662109375" lon="120.2444968186318874359130859375">
        <ele>10.19999980926513671875</ele>
        <time>2026-07-25T12:09:55.000Z</time>
        <extensions>
          <ns3:TrackPointExtension>
            <ns3:hr>145</ns3:hr>
            <ns3:cad>84</ns3:cad>
          </ns3:TrackPointExtension>
        </extensions>
      </trkpt>
      <trkpt lat="29.99265138991177082061767578125" lon="120.24451986886560916900634765625">
        <ele>10.19999980926513671875</ele>
        <time>2026-07-25T12:09:56.000Z</time>
        <extensions>
          <ns3:TrackPointExtension>
            <ns3:hr>146</ns3:hr>
            <ns3:cad>84</ns3:cad>
          </ns3:TrackPointExtension>
        </extensions>
      </trkpt>
      <trkpt lat="29.9926638789474964141845703125" lon="120.2445380575954914093017578125">
        <ele>10.19999980926513671875</ele>
        <time>2026-07-25T12:09:57.000Z</time>
        <extensions>
          <ns3:TrackPointExtension>
            <ns3:hr>145</ns3:hr>
            <ns3:cad>84</ns3:cad>
          </ns3:TrackPointExtension>
        </extensions>
      </trkpt>
      <trkpt lat="29.9926833249628543853759765625" lon="120.2445472776889801025390625">
        <ele>10.19999980926513671875</ele>
        <time>2026-07-25T12:09:58.000Z</time>
        <extensions>
          <ns3:TrackPointExtension>
            <ns3:hr>145</ns3:hr>
            <ns3:cad>83</ns3:cad>
          </ns3:TrackPointExtension>
        </extensions>
      </trkpt>
      <trkpt lat="29.99270595610141754150390625" lon="120.2445678971707820892333984375">
        <ele>10.19999980926513671875</ele>
        <time>2026-07-25T12:09:59.000Z</time>
        <extensions>
          <ns3:TrackPointExtension>
            <ns3:hr>145</ns3:hr>
            <ns3:cad>83</ns3:cad>
          </ns3:TrackPointExtension>
        </extensions>
      </trkpt>
      <trkpt lat="29.99272146262228488922119140625" lon="120.2445766143500804901123046875">
        <ele>10</ele>
        <time>2026-07-25T12:10:00.000Z</time>
        <extensions>
          <ns3:TrackPointExtension>
            <ns3:hr>146</ns3:hr>
            <ns3:cad>83</ns3:cad>
          </ns3:TrackPointExtension>
        </extensions>
      </trkpt>
      <trkpt lat="29.99274551868438720703125" lon="120.24459580890834331512451171875">
        <ele>10</ele>
        <time>2026-07-25T12:10:01.000Z</time>
        <extensions>
          <ns3:TrackPointExtension>
            <ns3:hr>145</ns3:hr>
            <ns3:cad>83</ns3:cad>
          </ns3:TrackPointExtension>
        </extensions>
      </trkpt>
      <trkpt lat="29.99275825917720794677734375" lon="120.244606621563434600830078125">
        <ele>10.19999980926513671875</ele>
        <time>2026-07-25T12:10:02.000Z</time>
        <extensions>
          <ns3:TrackPointExtension>
            <ns3:hr>145</ns3:hr>
            <ns3:cad>83</ns3:cad>
          </ns3:TrackPointExtension>
        </extensions>
      </trkpt>
      <trkpt lat="29.992776028811931610107421875" lon="120.24462196044623851776123046875">
        <ele>10.3999996185302734375</ele>
        <time>2026-07-25T12:10:03.000Z</time>
        <extensions>
          <ns3:TrackPointExtension>
            <ns3:hr>145</ns3:hr>
            <ns3:cad>83</ns3:cad>
          </ns3:TrackPointExtension>
        </extensions>
      </trkpt>
      <trkpt lat="29.99278969131410121917724609375" lon="120.24463755078613758087158203125">
        <ele>10.3999996185302734375</ele>
        <time>2026-07-25T12:10:04.000Z</time>
        <extensions>
          <ns3:TrackPointExtension>
            <ns3:hr>144</ns3:hr>
            <ns3:cad>84</ns3:cad>
          </ns3:TrackPointExtension>
        </extensions>
      </trkpt>
      <trkpt lat="29.99280176125466823577880859375" lon="120.2446517162024974822998046875">
        <ele>10.3999996185302734375</ele>
        <time>2026-07-25T12:10:05.000Z</time>
        <extensions>
          <ns3:TrackPointExtension>
            <ns3:hr>144</ns3:hr>
            <ns3:cad>85</ns3:cad>
          </ns3:TrackPointExtension>
        </extensions>
      </trkpt>
      <trkpt lat="29.99280528165400028228759765625" lon="120.244677029550075531005859375">
        <ele>10.3999996185302734375</ele>
        <time>2026-07-25T12:10:06.000Z</time>
        <extensions>
          <ns3:TrackPointExtension>
            <ns3:hr>145</ns3:hr>
            <ns3:cad>85</ns3:cad>
          </ns3:TrackPointExtension>
        </extensions>
      </trkpt>
      <trkpt lat="29.99280427582561969757080078125" lon="120.24469270370900630950927734375">
        <ele>10.3999996185302734375</ele>
        <time>2026-07-25T12:10:07.000Z</time>
        <extensions>
          <ns3:TrackPointExtension>
            <ns3:hr>145</ns3:hr>
            <ns3:cad>86</ns3:cad>
          </ns3:TrackPointExtension>
        </extensions>
      </trkpt>
      <trkpt lat="29.99280779622495174407958984375" lon="120.244713909924030303955078125">
        <ele>10.19999980926513671875</ele>
        <time>2026-07-25T12:10:08.000Z</time>
        <extensions>
          <ns3:TrackPointExtension>
            <ns3:hr>145</ns3:hr>
            <ns3:cad>86</ns3:cad>
          </ns3:TrackPointExtension>
        </extensions>
      </trkpt>
      <trkpt lat="29.99281316064298152923583984375" lon="120.2447345294058322906494140625">
        <ele>10.19999980926513671875</ele>
        <time>2026-07-25T12:10:09.000Z</time>
        <extensions>
          <ns3:TrackPointExtension>
            <ns3:hr>145</ns3:hr>
            <ns3:cad>86</ns3:cad>
          </ns3:TrackPointExtension>
        </extensions>
      </trkpt>
      <trkpt lat="29.99282271601259708404541015625" lon="120.2447457611560821533203125">
        <ele>10.19999980926513671875</ele>
        <time>2026-07-25T12:10:10.000Z</time>
        <extensions>
          <ns3:TrackPointExtension>
            <ns3:hr>145</ns3:hr>
            <ns3:cad>84</ns3:cad>
          </ns3:TrackPointExtension>
        </extensions>
      </trkpt>
      <trkpt lat="29.992835037410259246826171875" lon="120.244763195514678955078125">
        <ele>10.19999980926513671875</ele>
        <time>2026-07-25T12:10:11.000Z</time>
        <extensions>
          <ns3:TrackPointExtension>
            <ns3:hr>146</ns3:hr>
            <ns3:cad>84</ns3:cad>
          </ns3:TrackPointExtension>
        </extensions>
      </trkpt>
      <trkpt lat="29.992841072380542755126953125" lon="120.24477266706526279449462890625">
        <ele>10.19999980926513671875</ele>
        <time>2026-07-25T12:10:12.000Z</time>
        <extensions>
          <ns3:TrackPointExtension>
            <ns3:hr>147</ns3:hr>
            <ns3:cad>84</ns3:cad>
          </ns3:TrackPointExtension>
        </extensions>
      </trkpt>
      <trkpt lat="29.99285213649272918701171875" lon="120.24478272534906864166259765625">
        <ele>10.19999980926513671875</ele>
        <time>2026-07-25T12:10:13.000Z</time>
        <extensions>
          <ns3:TrackPointExtension>
            <ns3:hr>147</ns3:hr>
            <ns3:cad>84</ns3:cad>
          </ns3:TrackPointExtension>
        </extensions>
      </trkpt>
      <trkpt lat="29.99286563135683536529541015625" lon="120.24479596875607967376708984375">
        <ele>10.19999980926513671875</ele>
        <time>2026-07-25T12:10:14.000Z</time>
        <extensions>
          <ns3:TrackPointExtension>
            <ns3:hr>147</ns3:hr>
            <ns3:cad>84</ns3:cad>
          </ns3:TrackPointExtension>
        </extensions>
      </trkpt>
      <trkpt lat="29.99288558028638362884521484375" lon="120.24480317719280719757080078125">
        <ele>10.19999980926513671875</ele>
        <time>2026-07-25T12:10:15.000Z</time>
        <extensions>
          <ns3:TrackPointExtension>
            <ns3:hr>147</ns3:hr>
            <ns3:cad>84</ns3:cad>
          </ns3:TrackPointExtension>
        </extensions>
      </trkpt>
      <trkpt lat="29.9929009191691875457763671875" lon="120.2448173426091670989990234375">
        <ele>10.3999996185302734375</ele>
        <time>2026-07-25T12:10:16.000Z</time>
        <extensions>
          <ns3:TrackPointExtension>
            <ns3:hr>148</ns3:hr>
            <ns3:cad>83</ns3:cad>
          </ns3:TrackPointExtension>
        </extensions>
      </trkpt>
      <trkpt lat="29.99291441403329372406005859375" lon="120.2448253892362117767333984375">
        <ele>10.3999996185302734375</ele>
        <time>2026-07-25T12:10:17.000Z</time>
        <extensions>
          <ns3:TrackPointExtension>
            <ns3:hr>148</ns3:hr>
            <ns3:cad>82</ns3:cad>
          </ns3:TrackPointExtension>
        </extensions>
      </trkpt>
      <trkpt lat="29.992929585278034210205078125" lon="120.24483251385390758514404296875">
        <ele>10.3999996185302734375</ele>
        <time>2026-07-25T12:10:18.000Z</time>
        <extensions>
          <ns3:TrackPointExtension>
            <ns3:hr>147</ns3:hr>
            <ns3:cad>82</ns3:cad>
          </ns3:TrackPointExtension>
        </extensions>
      </trkpt>
      <trkpt lat="29.9929495342075824737548828125" lon="120.24484307505190372467041015625">
        <ele>10.3999996185302734375</ele>
        <time>2026-07-25T12:10:19.000Z</time>
        <extensions>
          <ns3:TrackPointExtension>
            <ns3:hr>147</ns3:hr>
            <ns3:cad>82</ns3:cad>
          </ns3:TrackPointExtension>
        </extensions>
      </trkpt>
      <trkpt lat="29.99296403490006923675537109375" lon="120.244854725897312164306640625">
        <ele>10.3999996185302734375</ele>
        <time>2026-07-25T12:10:20.000Z</time>
        <extensions>
          <ns3:TrackPointExtension>
            <ns3:hr>147</ns3:hr>
            <ns3:cad>82</ns3:cad>
          </ns3:TrackPointExtension>
        </extensions>
      </trkpt>
      <trkpt lat="29.99298197217285633087158203125" lon="120.24486453272402286529541015625">
        <ele>10.19999980926513671875</ele>
        <time>2026-07-25T12:10:21.000Z</time>
        <extensions>
          <ns3:TrackPointExtension>
            <ns3:hr>147</ns3:hr>
            <ns3:cad>82</ns3:cad>
          </ns3:TrackPointExtension>
        </extensions>
      </trkpt>
      <trkpt lat="29.9929964728653430938720703125" lon="120.24487383663654327392578125">
        <ele>10.19999980926513671875</ele>
        <time>2026-07-25T12:10:22.000Z</time>
        <extensions>
          <ns3:TrackPointExtension>
            <ns3:hr>148</ns3:hr>
            <ns3:cad>84</ns3:cad>
          </ns3:TrackPointExtension>
        </extensions>
      </trkpt>
      <trkpt lat="29.9930122308433055877685546875" lon="120.24488146416842937469482421875">
        <ele>10.3999996185302734375</ele>
        <time>2026-07-25T12:10:23.000Z</time>
        <extensions>
          <ns3:TrackPointExtension>
            <ns3:hr>148</ns3:hr>
            <ns3:cad>84</ns3:cad>
          </ns3:TrackPointExtension>
        </extensions>
      </trkpt>
      <trkpt lat="29.99303159303963184356689453125" lon="120.24489621631801128387451171875">
        <ele>10.19999980926513671875</ele>
        <time>2026-07-25T12:10:24.000Z</time>
        <extensions>
          <ns3:TrackPointExtension>
            <ns3:hr>148</ns3:hr>
            <ns3:cad>85</ns3:cad>
          </ns3:TrackPointExtension>
        </extensions>
      </trkpt>
      <trkpt lat="29.99304785393178462982177734375" lon="120.24490627460181713104248046875">
        <ele>10.19999980926513671875</ele>
        <time>2026-07-25T12:10:25.000Z</time>
        <extensions>
          <ns3:TrackPointExtension>
            <ns3:hr>149</ns3:hr>
            <ns3:cad>85</ns3:cad>
          </ns3:TrackPointExtension>
        </extensions>
      </trkpt>
      <trkpt lat="29.99306713230907917022705078125" lon="120.24492186494171619415283203125">
        <ele>10.19999980926513671875</ele>
        <time>2026-07-25T12:10:26.000Z</time>
        <extensions>
          <ns3:TrackPointExtension>
            <ns3:hr>149</ns3:hr>
            <ns3:cad>85</ns3:cad>
          </ns3:TrackPointExtension>
        </extensions>
      </trkpt>
      <trkpt lat="29.99308356083929538726806640625" lon="120.24493041448295116424560546875">
        <ele>10.19999980926513671875</ele>
        <time>2026-07-25T12:10:27.000Z</time>
        <extensions>
          <ns3:TrackPointExtension>
            <ns3:hr>149</ns3:hr>
            <ns3:cad>85</ns3:cad>
          </ns3:TrackPointExtension>
        </extensions>
      </trkpt>
      <trkpt lat="29.993105940520763397216796875" lon="120.2449420653283596038818359375">
        <ele>10.19999980926513671875</ele>
        <time>2026-07-25T12:10:28.000Z</time>
        <extensions>
          <ns3:TrackPointExtension>
            <ns3:hr>148</ns3:hr>
            <ns3:cad>86</ns3:cad>
          </ns3:TrackPointExtension>
        </extensions>
      </trkpt>
      <trkpt lat="29.9931208603084087371826171875" lon="120.24495430290699005126953125">
        <ele>10.19999980926513671875</ele>
        <time>2026-07-25T12:10:29.000Z</time>
        <extensions>
          <ns3:TrackPointExtension>
            <ns3:hr>149</ns3:hr>
            <ns3:cad>86</ns3:cad>
          </ns3:TrackPointExtension>
        </extensions>
      </trkpt>
      <trkpt lat="29.99313804320991039276123046875" lon="120.24496796540915966033935546875">
        <ele>10.19999980926513671875</ele>
        <time>2026-07-25T12:10:30.000Z</time>
        <extensions>
          <ns3:TrackPointExtension>
            <ns3:hr>150</ns3:hr>
            <ns3:cad>86</ns3:cad>
          </ns3:TrackPointExtension>
        </extensions>
      </trkpt>
      <trkpt lat="29.99315631575882434844970703125" lon="120.244980789721012115478515625">
        <ele>10.19999980926513671875</ele>
        <time>2026-07-25T12:10:31.000Z</time>
        <extensions>
          <ns3:TrackPointExtension>
            <ns3:hr>150</ns3:hr>
            <ns3:cad>86</ns3:cad>
          </ns3:TrackPointExtension>
        </extensions>
      </trkpt>
      <trkpt lat="29.99317408539354801177978515625" lon="120.2449898421764373779296875">
        <ele>10.19999980926513671875</ele>
        <time>2026-07-25T12:10:32.000Z</time>
        <extensions>
          <ns3:TrackPointExtension>
            <ns3:hr>150</ns3:hr>
            <ns3:cad>86</ns3:cad>
          </ns3:TrackPointExtension>
        </extensions>
      </trkpt>
      <trkpt lat="29.99319252558052539825439453125" lon="120.24500350467860698699951171875">
        <ele>10.19999980926513671875</ele>
        <time>2026-07-25T12:10:33.000Z</time>
        <extensions>
          <ns3:TrackPointExtension>
            <ns3:hr>151</ns3:hr>
            <ns3:cad>86</ns3:cad>
          </ns3:TrackPointExtension>
        </extensions>
      </trkpt>
      <trkpt lat="29.99321096576750278472900390625" lon="120.24500970728695392608642578125">
        <ele>10.19999980926513671875</ele>
        <time>2026-07-25T12:10:34.000Z</time>
        <extensions>
          <ns3:TrackPointExtension>
            <ns3:hr>151</ns3:hr>
            <ns3:cad>86</ns3:cad>
          </ns3:TrackPointExtension>
        </extensions>
      </trkpt>
      <trkpt lat="29.993230663239955902099609375" lon="120.2450185082852840423583984375">
        <ele>10.19999980926513671875</ele>
        <time>2026-07-25T12:10:35.000Z</time>
        <extensions>
          <ns3:TrackPointExtension>
            <ns3:hr>151</ns3:hr>
            <ns3:cad>86</ns3:cad>
          </ns3:TrackPointExtension>
        </extensions>
      </trkpt>
      <trkpt lat="29.993247427046298980712890625" lon="120.2450258843600749969482421875">
        <ele>10.19999980926513671875</ele>
        <time>2026-07-25T12:10:36.000Z</time>
        <extensions>
          <ns3:TrackPointExtension>
            <ns3:hr>151</ns3:hr>
            <ns3:cad>86</ns3:cad>
          </ns3:TrackPointExtension>
        </extensions>
      </trkpt>
      <trkpt lat="29.993266873061656951904296875" lon="120.245036780834197998046875">
        <ele>10.19999980926513671875</ele>
        <time>2026-07-25T12:10:37.000Z</time>
        <extensions>
          <ns3:TrackPointExtension>
            <ns3:hr>151</ns3:hr>
            <ns3:cad>86</ns3:cad>
          </ns3:TrackPointExtension>
        </extensions>
      </trkpt>
      <trkpt lat="29.99328221194446086883544921875" lon="120.245043821632862091064453125">
        <ele>10.19999980926513671875</ele>
        <time>2026-07-25T12:10:38.000Z</time>
        <extensions>
          <ns3:TrackPointExtension>
            <ns3:hr>151</ns3:hr>
            <ns3:cad>86</ns3:cad>
          </ns3:TrackPointExtension>
        </extensions>
      </trkpt>
      <trkpt lat="29.99329897575080394744873046875" lon="120.2450547181069850921630859375">
        <ele>10.19999980926513671875</ele>
        <time>2026-07-25T12:10:39.000Z</time>
        <extensions>
          <ns3:TrackPointExtension>
            <ns3:hr>151</ns3:hr>
            <ns3:cad>86</ns3:cad>
          </ns3:TrackPointExtension>
        </extensions>
      </trkpt>
      <trkpt lat="29.9933112971484661102294921875" lon="120.2450644411146640777587890625">
        <ele>10.19999980926513671875</ele>
        <time>2026-07-25T12:10:40.000Z</time>
        <extensions>
          <ns3:TrackPointExtension>
            <ns3:hr>151</ns3:hr>
            <ns3:cad>86</ns3:cad>
          </ns3:TrackPointExtension>
        </extensions>
      </trkpt>
      <trkpt lat="29.99332697130739688873291015625" lon="120.24507424794137477874755859375">
        <ele>10.19999980926513671875</ele>
        <time>2026-07-25T12:10:41.000Z</time>
        <extensions>
          <ns3:TrackPointExtension>
            <ns3:hr>151</ns3:hr>
            <ns3:cad>87</ns3:cad>
          </ns3:TrackPointExtension>
        </extensions>
      </trkpt>
      <trkpt lat="29.993343316018581390380859375" lon="120.24508195929229259490966796875">
        <ele>10.19999980926513671875</ele>
        <time>2026-07-25T12:10:42.000Z</time>
        <extensions>
          <ns3:TrackPointExtension>
            <ns3:hr>152</ns3:hr>
            <ns3:cad>87</ns3:cad>
          </ns3:TrackPointExtension>
        </extensions>
      </trkpt>
      <trkpt lat="29.9933602474629878997802734375" lon="120.24508782662451267242431640625">
        <ele>10.19999980926513671875</ele>
        <time>2026-07-25T12:10:43.000Z</time>
        <extensions>
          <ns3:TrackPointExtension>
            <ns3:hr>152</ns3:hr>
            <ns3:cad>87</ns3:cad>
          </ns3:TrackPointExtension>
        </extensions>
      </trkpt>
      <trkpt lat="29.9933793582022190093994140625" lon="120.24509620852768421173095703125">
        <ele>10.19999980926513671875</ele>
        <time>2026-07-25T12:10:44.000Z</time>
        <extensions>
          <ns3:TrackPointExtension>
            <ns3:hr>152</ns3:hr>
            <ns3:cad>87</ns3:cad>
          </ns3:TrackPointExtension>
        </extensions>
      </trkpt>
      <trkpt lat="29.99339318834245204925537109375" lon="120.2451024949550628662109375">
        <ele>10.19999980926513671875</ele>
        <time>2026-07-25T12:10:45.000Z</time>
        <extensions>
          <ns3:TrackPointExtension>
            <ns3:hr>152</ns3:hr>
            <ns3:cad>87</ns3:cad>
          </ns3:TrackPointExtension>
        </extensions>
      </trkpt>
      <trkpt lat="29.993412382900714874267578125" lon="120.2451143972575664520263671875">
        <ele>10.19999980926513671875</ele>
        <time>2026-07-25T12:10:46.000Z</time>
        <extensions>
          <ns3:TrackPointExtension>
            <ns3:hr>151</ns3:hr>
            <ns3:cad>87</ns3:cad>
          </ns3:TrackPointExtension>
        </extensions>
      </trkpt>
      <trkpt lat="29.99343015253543853759765625" lon="120.24512386880815029144287109375">
        <ele>10.3999996185302734375</ele>
        <time>2026-07-25T12:10:47.000Z</time>
        <extensions>
          <ns3:TrackPointExtension>
            <ns3:hr>152</ns3:hr>
            <ns3:cad>87</ns3:cad>
          </ns3:TrackPointExtension>
        </extensions>
      </trkpt>
      <trkpt lat="29.9934497661888599395751953125" lon="120.2451338432729244232177734375">
        <ele>10.3999996185302734375</ele>
        <time>2026-07-25T12:10:48.000Z</time>
        <extensions>
          <ns3:TrackPointExtension>
            <ns3:hr>152</ns3:hr>
            <ns3:cad>87</ns3:cad>
          </ns3:TrackPointExtension>
        </extensions>
      </trkpt>
      <trkpt lat="29.99346636235713958740234375" lon="120.24514314718544483184814453125">
        <ele>10.3999996185302734375</ele>
        <time>2026-07-25T12:10:49.000Z</time>
        <extensions>
          <ns3:TrackPointExtension>
            <ns3:hr>151</ns3:hr>
            <ns3:cad>86</ns3:cad>
          </ns3:TrackPointExtension>
        </extensions>
      </trkpt>
      <trkpt lat="29.9934846349060535430908203125" lon="120.2451489306986331939697265625">
        <ele>10.3999996185302734375</ele>
        <time>2026-07-25T12:10:50.000Z</time>
        <extensions>
          <ns3:TrackPointExtension>
            <ns3:hr>152</ns3:hr>
            <ns3:cad>86</ns3:cad>
          </ns3:TrackPointExtension>
        </extensions>
      </trkpt>
      <trkpt lat="29.99350232072174549102783203125" lon="120.24516108445823192596435546875">
        <ele>10.19999980926513671875</ele>
        <time>2026-07-25T12:10:51.000Z</time>
        <extensions>
          <ns3:TrackPointExtension>
            <ns3:hr>152</ns3:hr>
            <ns3:cad>86</ns3:cad>
          </ns3:TrackPointExtension>
        </extensions>
      </trkpt>
      <trkpt lat="29.99351791106164455413818359375" lon="120.245167203247547149658203125">
        <ele>10.19999980926513671875</ele>
        <time>2026-07-25T12:10:52.000Z</time>
        <extensions>
          <ns3:TrackPointExtension>
            <ns3:hr>151</ns3:hr>
            <ns3:cad>86</ns3:cad>
          </ns3:TrackPointExtension>
        </extensions>
      </trkpt>
      <trkpt lat="29.993535093963146209716796875" lon="120.24517960846424102783203125">
        <ele>10.19999980926513671875</ele>
        <time>2026-07-25T12:10:53.000Z</time>
        <extensions>
          <ns3:TrackPointExtension>
            <ns3:hr>152</ns3:hr>
            <ns3:cad>86</ns3:cad>
          </ns3:TrackPointExtension>
        </extensions>
      </trkpt>
      <trkpt lat="29.9935506843030452728271484375" lon="120.24518874473869800567626953125">
        <ele>10.19999980926513671875</ele>
        <time>2026-07-25T12:10:54.000Z</time>
        <extensions>
          <ns3:TrackPointExtension>
            <ns3:hr>152</ns3:hr>
            <ns3:cad>86</ns3:cad>
          </ns3:TrackPointExtension>
        </extensions>
      </trkpt>
      <trkpt lat="29.9935711361467838287353515625" lon="120.2451988868415355682373046875">
        <ele>10.19999980926513671875</ele>
        <time>2026-07-25T12:10:55.000Z</time>
        <extensions>
          <ns3:TrackPointExtension>
            <ns3:hr>151</ns3:hr>
            <ns3:cad>86</ns3:cad>
          </ns3:TrackPointExtension>
        </extensions>
      </trkpt>
      <trkpt lat="29.99358748085796833038330078125" lon="120.245207436382770538330078125">
        <ele>10.3999996185302734375</ele>
        <time>2026-07-25T12:10:56.000Z</time>
        <extensions>
          <ns3:TrackPointExtension>
            <ns3:hr>152</ns3:hr>
            <ns3:cad>86</ns3:cad>
          </ns3:TrackPointExtension>
        </extensions>
      </trkpt>
      <trkpt lat="29.9936083517968654632568359375" lon="120.24522252380847930908203125">
        <ele>10.3999996185302734375</ele>
        <time>2026-07-25T12:10:57.000Z</time>
        <extensions>
          <ns3:TrackPointExtension>
            <ns3:hr>152</ns3:hr>
            <ns3:cad>86</ns3:cad>
          </ns3:TrackPointExtension>
        </extensions>
      </trkpt>
      <trkpt lat="29.9936251156032085418701171875" lon="120.24522998370230197906494140625">
        <ele>10.3999996185302734375</ele>
        <time>2026-07-25T12:10:58.000Z</time>
        <extensions>
          <ns3:TrackPointExtension>
            <ns3:hr>151</ns3:hr>
            <ns3:cad>86</ns3:cad>
          </ns3:TrackPointExtension>
        </extensions>
      </trkpt>
      <trkpt lat="29.99364447779953479766845703125" lon="120.2452374435961246490478515625">
        <ele>10.3999996185302734375</ele>
        <time>2026-07-25T12:10:59.000Z</time>
        <extensions>
          <ns3:TrackPointExtension>
            <ns3:hr>152</ns3:hr>
            <ns3:cad>87</ns3:cad>
          </ns3:TrackPointExtension>
        </extensions>
      </trkpt>
      <trkpt lat="29.99366425909101963043212890625" lon="120.245249010622501373291015625">
        <ele>10.3999996185302734375</ele>
        <time>2026-07-25T12:11:00.000Z</time>
        <extensions>
          <ns3:TrackPointExtension>
            <ns3:hr>152</ns3:hr>
            <ns3:cad>87</ns3:cad>
          </ns3:TrackPointExtension>
        </extensions>
      </trkpt>
      <trkpt lat="29.9936814419925212860107421875" lon="120.24525512941181659698486328125">
        <ele>10.3999996185302734375</ele>
        <time>2026-07-25T12:11:01.000Z</time>
        <extensions>
          <ns3:TrackPointExtension>
            <ns3:hr>151</ns3:hr>
            <ns3:cad>87</ns3:cad>
          </ns3:TrackPointExtension>
        </extensions>
      </trkpt>
      <trkpt lat="29.993703402578830718994140625" lon="120.2452666126191616058349609375">
        <ele>10.3999996185302734375</ele>
        <time>2026-07-25T12:11:02.000Z</time>
        <extensions>
          <ns3:TrackPointExtension>
            <ns3:hr>152</ns3:hr>
            <ns3:cad>87</ns3:cad>
          </ns3:TrackPointExtension>
        </extensions>
      </trkpt>
      <trkpt lat="29.99371689744293689727783203125" lon="120.24526946246623992919921875">
        <ele>10.3999996185302734375</ele>
        <time>2026-07-25T12:11:03.000Z</time>
        <extensions>
          <ns3:TrackPointExtension>
            <ns3:hr>152</ns3:hr>
            <ns3:cad>87</ns3:cad>
          </ns3:TrackPointExtension>
        </extensions>
      </trkpt>
      <trkpt lat="29.9937401153147220611572265625" lon="120.24528144858777523040771484375">
        <ele>10.3999996185302734375</ele>
        <time>2026-07-25T12:11:04.000Z</time>
        <extensions>
          <ns3:TrackPointExtension>
            <ns3:hr>151</ns3:hr>
            <ns3:cad>86</ns3:cad>
          </ns3:TrackPointExtension>
        </extensions>
      </trkpt>
      <trkpt lat="29.99375210143625736236572265625" lon="120.2452904172241687774658203125">
        <ele>10.3999996185302734375</ele>
        <time>2026-07-25T12:11:05.000Z</time>
        <extensions>
          <ns3:TrackPointExtension>
            <ns3:hr>152</ns3:hr>
            <ns3:cad>86</ns3:cad>
          </ns3:TrackPointExtension>
        </extensions>
      </trkpt>
      <trkpt lat="29.99377104453742504119873046875" lon="120.24530139751732349395751953125">
        <ele>10.3999996185302734375</ele>
        <time>2026-07-25T12:11:06.000Z</time>
        <extensions>
          <ns3:TrackPointExtension>
            <ns3:hr>152</ns3:hr>
            <ns3:cad>86</ns3:cad>
          </ns3:TrackPointExtension>
        </extensions>
      </trkpt>
      <trkpt lat="29.99378697015345096588134765625" lon="120.24531296454370021820068359375">
        <ele>10.3999996185302734375</ele>
        <time>2026-07-25T12:11:07.000Z</time>
        <extensions>
          <ns3:TrackPointExtension>
            <ns3:hr>151</ns3:hr>
            <ns3:cad>86</ns3:cad>
          </ns3:TrackPointExtension>
        </extensions>
      </trkpt>
      <trkpt lat="29.99380675144493579864501953125" lon="120.24532042443752288818359375">
        <ele>10.3999996185302734375</ele>
        <time>2026-07-25T12:11:08.000Z</time>
        <extensions>
          <ns3:TrackPointExtension>
            <ns3:hr>152</ns3:hr>
            <ns3:cad>86</ns3:cad>
          </ns3:TrackPointExtension>
        </extensions>
      </trkpt>
      <trkpt lat="29.99382686801254749298095703125" lon="120.24532855488359928131103515625">
        <ele>10.3999996185302734375</ele>
        <time>2026-07-25T12:11:09.000Z</time>
        <extensions>
          <ns3:TrackPointExtension>
            <ns3:hr>152</ns3:hr>
            <ns3:cad>87</ns3:cad>
          </ns3:TrackPointExtension>
        </extensions>
      </trkpt>
      <trkpt lat="29.9938438832759857177734375" lon="120.245329476892948150634765625">
        <ele>10.3999996185302734375</ele>
        <time>2026-07-25T12:11:10.000Z</time>
        <extensions>
          <ns3:TrackPointExtension>
            <ns3:hr>151</ns3:hr>
            <ns3:cad>87</ns3:cad>
          </ns3:TrackPointExtension>
        </extensions>
      </trkpt>
      <trkpt lat="29.993864335119724273681640625" lon="120.2453385293483734130859375">
        <ele>10.3999996185302734375</ele>
        <time>2026-07-25T12:11:11.000Z</time>
        <extensions>
          <ns3:TrackPointExtension>
            <ns3:hr>152</ns3:hr>
            <ns3:cad>87</ns3:cad>
          </ns3:TrackPointExtension>
        </extensions>
      </trkpt>
      <trkpt lat="29.99387648887932300567626953125" lon="120.24534414522349834442138671875">
        <ele>10.3999996185302734375</ele>
        <time>2026-07-25T12:11:12.000Z</time>
        <extensions>
          <ns3:TrackPointExtension>
            <ns3:hr>152</ns3:hr>
            <ns3:cad>87</ns3:cad>
          </ns3:TrackPointExtension>
        </extensions>
      </trkpt>
      <trkpt lat="29.99389392323791980743408203125" lon="120.24535437114536762237548828125">
        <ele>10.3999996185302734375</ele>
        <time>2026-07-25T12:11:13.000Z</time>
        <extensions>
          <ns3:TrackPointExtension>
            <ns3:hr>152</ns3:hr>
            <ns3:cad>87</ns3:cad>
          </ns3:TrackPointExtension>
        </extensions>
      </trkpt>
      <trkpt lat="29.993907921016216278076171875" lon="120.24536208249628543853759765625">
        <ele>10.3999996185302734375</ele>
        <time>2026-07-25T12:11:14.000Z</time>
        <extensions>
          <ns3:TrackPointExtension>
            <ns3:hr>152</ns3:hr>
            <ns3:cad>86</ns3:cad>
          </ns3:TrackPointExtension>
        </extensions>
      </trkpt>
      <trkpt lat="29.99392502009868621826171875" lon="120.24537063203752040863037109375">
        <ele>10.6000003814697265625</ele>
        <time>2026-07-25T12:11:15.000Z</time>
        <extensions>
          <ns3:TrackPointExtension>
            <ns3:hr>152</ns3:hr>
            <ns3:cad>85</ns3:cad>
          </ns3:TrackPointExtension>
        </extensions>
      </trkpt>
      <trkpt lat="29.99394237063825130462646484375" lon="120.2453846298158168792724609375">
        <ele>10.6000003814697265625</ele>
        <time>2026-07-25T12:11:16.000Z</time>
        <extensions>
          <ns3:TrackPointExtension>
            <ns3:hr>153</ns3:hr>
            <ns3:cad>85</ns3:cad>
          </ns3:TrackPointExtension>
        </extensions>
      </trkpt>
      <trkpt lat="29.993957541882991790771484375" lon="120.24539376609027385711669921875">
        <ele>10.6000003814697265625</ele>
        <time>2026-07-25T12:11:17.000Z</time>
        <extensions>
          <ns3:TrackPointExtension>
            <ns3:hr>153</ns3:hr>
            <ns3:cad>85</ns3:cad>
          </ns3:TrackPointExtension>
        </extensions>
      </trkpt>
      <trkpt lat="29.99397690407931804656982421875" lon="120.2454087696969509124755859375">
        <ele>10.6000003814697265625</ele>
        <time>2026-07-25T12:11:18.000Z</time>
        <extensions>
          <ns3:TrackPointExtension>
            <ns3:hr>153</ns3:hr>
            <ns3:cad>85</ns3:cad>
          </ns3:TrackPointExtension>
        </extensions>
      </trkpt>
      <trkpt lat="29.9939892254769802093505859375" lon="120.24541388265788555145263671875">
        <ele>10.6000003814697265625</ele>
        <time>2026-07-25T12:11:19.000Z</time>
        <extensions>
          <ns3:TrackPointExtension>
            <ns3:hr>153</ns3:hr>
            <ns3:cad>86</ns3:cad>
          </ns3:TrackPointExtension>
        </extensions>
      </trkpt>
      <trkpt lat="29.99401546083390712738037109375" lon="120.24542142637073993682861328125">
        <ele>10.6000003814697265625</ele>
        <time>2026-07-25T12:11:20.000Z</time>
        <extensions>
          <ns3:TrackPointExtension>
            <ns3:hr>153</ns3:hr>
            <ns3:cad>86</ns3:cad>
          </ns3:TrackPointExtension>
        </extensions>
      </trkpt>
      <trkpt lat="29.99403004534542560577392578125" lon="120.24542368948459625244140625">
        <ele>10.6000003814697265625</ele>
        <time>2026-07-25T12:11:21.000Z</time>
        <extensions>
          <ns3:TrackPointExtension>
            <ns3:hr>153</ns3:hr>
            <ns3:cad>86</ns3:cad>
          </ns3:TrackPointExtension>
        </extensions>
      </trkpt>
      <trkpt lat="29.994049407541751861572265625" lon="120.2454302273690700531005859375">
        <ele>10.80000019073486328125</ele>
        <time>2026-07-25T12:11:22.000Z</time>
        <extensions>
          <ns3:TrackPointExtension>
            <ns3:hr>153</ns3:hr>
            <ns3:cad>86</ns3:cad>
          </ns3:TrackPointExtension>
        </extensions>
      </trkpt>
      <trkpt lat="29.9940690211951732635498046875" lon="120.2454362623393535614013671875">
        <ele>10.80000019073486328125</ele>
        <time>2026-07-25T12:11:23.000Z</time>
        <extensions>
          <ns3:TrackPointExtension>
            <ns3:hr>153</ns3:hr>
            <ns3:cad>86</ns3:cad>
          </ns3:TrackPointExtension>
        </extensions>
      </trkpt>
      <trkpt lat="29.994090311229228973388671875" lon="120.245439112186431884765625">
        <ele>10.80000019073486328125</ele>
        <time>2026-07-25T12:11:24.000Z</time>
        <extensions>
          <ns3:TrackPointExtension>
            <ns3:hr>152</ns3:hr>
            <ns3:cad>86</ns3:cad>
          </ns3:TrackPointExtension>
        </extensions>
      </trkpt>
      <trkpt lat="29.9941112659871578216552734375" lon="120.24544741027057170867919921875">
        <ele>10.80000019073486328125</ele>
        <time>2026-07-25T12:11:25.000Z</time>
        <extensions>
          <ns3:TrackPointExtension>
            <ns3:hr>152</ns3:hr>
            <ns3:cad>86</ns3:cad>
          </ns3:TrackPointExtension>
        </extensions>
      </trkpt>
      <trkpt lat="29.994125850498676300048828125" lon="120.2454506792128086090087890625">
        <ele>10.80000019073486328125</ele>
        <time>2026-07-25T12:11:26.000Z</time>
        <extensions>
          <ns3:TrackPointExtension>
            <ns3:hr>152</ns3:hr>
            <ns3:cad>86</ns3:cad>
          </ns3:TrackPointExtension>
        </extensions>
      </trkpt>
      <trkpt lat="29.994148649275302886962890625" lon="120.2454592287540435791015625">
        <ele>10.80000019073486328125</ele>
        <time>2026-07-25T12:11:27.000Z</time>
        <extensions>
          <ns3:TrackPointExtension>
            <ns3:hr>152</ns3:hr>
            <ns3:cad>86</ns3:cad>
          </ns3:TrackPointExtension>
        </extensions>
      </trkpt>
      <trkpt lat="29.9941672571003437042236328125" lon="120.245464257895946502685546875">
        <ele>10.80000019073486328125</ele>
        <time>2026-07-25T12:11:28.000Z</time>
        <extensions>
          <ns3:TrackPointExtension>
            <ns3:hr>152</ns3:hr>
            <ns3:cad>85</ns3:cad>
          </ns3:TrackPointExtension>
        </extensions>
      </trkpt>
      <trkpt lat="29.99418544583022594451904296875" lon="120.2454694546759128570556640625">
        <ele>10.80000019073486328125</ele>
        <time>2026-07-25T12:11:29.000Z</time>
        <extensions>
          <ns3:TrackPointExtension>
            <ns3:hr>152</ns3:hr>
            <ns3:cad>85</ns3:cad>
          </ns3:TrackPointExtension>
        </extensions>
      </trkpt>
      <trkpt lat="29.99420531094074249267578125" lon="120.24548060260713100433349609375">
        <ele>10.80000019073486328125</ele>
        <time>2026-07-25T12:11:30.000Z</time>
        <extensions>
          <ns3:TrackPointExtension>
            <ns3:hr>151</ns3:hr>
            <ns3:cad>85</ns3:cad>
          </ns3:TrackPointExtension>
        </extensions>
      </trkpt>
      <trkpt lat="29.9942195601761341094970703125" lon="120.2454833686351776123046875">
        <ele>10.80000019073486328125</ele>
        <time>2026-07-25T12:11:31.000Z</time>
        <extensions>
          <ns3:TrackPointExtension>
            <ns3:hr>152</ns3:hr>
            <ns3:cad>84</ns3:cad>
          </ns3:TrackPointExtension>
        </extensions>
      </trkpt>
      <trkpt lat="29.994240514934062957763671875" lon="120.2454932592809200286865234375">
        <ele>10.80000019073486328125</ele>
        <time>2026-07-25T12:11:32.000Z</time>
        <extensions>
          <ns3:TrackPointExtension>
            <ns3:hr>152</ns3:hr>
            <ns3:cad>84</ns3:cad>
          </ns3:TrackPointExtension>
        </extensions>
      </trkpt>
      <trkpt lat="29.99425434507429599761962890625" lon="120.24549686349928379058837890625">
        <ele>10.80000019073486328125</ele>
        <time>2026-07-25T12:11:33.000Z</time>
        <extensions>
          <ns3:TrackPointExtension>
            <ns3:hr>152</ns3:hr>
            <ns3:cad>85</ns3:cad>
          </ns3:TrackPointExtension>
        </extensions>
      </trkpt>
      <trkpt lat="29.9942742101848125457763671875" lon="120.24550558067858219146728515625">
        <ele>10.80000019073486328125</ele>
        <time>2026-07-25T12:11:34.000Z</time>
        <extensions>
          <ns3:TrackPointExtension>
            <ns3:hr>152</ns3:hr>
            <ns3:cad>85</ns3:cad>
          </ns3:TrackPointExtension>
        </extensions>
      </trkpt>
      <trkpt lat="29.9942906387150287628173828125" lon="120.2455140464007854461669921875">
        <ele>10.80000019073486328125</ele>
        <time>2026-07-25T12:11:35.000Z</time>
        <extensions>
          <ns3:TrackPointExtension>
            <ns3:hr>151</ns3:hr>
            <ns3:cad>85</ns3:cad>
          </ns3:TrackPointExtension>
        </extensions>
      </trkpt>
      <trkpt lat="29.9943079054355621337890625" lon="120.245517902076244354248046875">
        <ele>10.80000019073486328125</ele>
        <time>2026-07-25T12:11:36.000Z</time>
        <extensions>
          <ns3:TrackPointExtension>
            <ns3:hr>152</ns3:hr>
            <ns3:cad>86</ns3:cad>
          </ns3:TrackPointExtension>
        </extensions>
      </trkpt>
      <trkpt lat="29.9943291954696178436279296875" lon="120.2455287985503673553466796875">
        <ele>11</ele>
        <time>2026-07-25T12:11:37.000Z</time>
        <extensions>
          <ns3:TrackPointExtension>
            <ns3:hr>152</ns3:hr>
            <ns3:cad>86</ns3:cad>
          </ns3:TrackPointExtension>
        </extensions>
      </trkpt>
      <trkpt lat="29.9943476356565952301025390625" lon="120.245532989501953125">
        <ele>11</ele>
        <time>2026-07-25T12:11:38.000Z</time>
        <extensions>
          <ns3:TrackPointExtension>
            <ns3:hr>152</ns3:hr>
            <ns3:cad>86</ns3:cad>
          </ns3:TrackPointExtension>
        </extensions>
      </trkpt>
      <trkpt lat="29.99437035061419010162353515625" lon="120.2455388568341732025146484375">
        <ele>10.80000019073486328125</ele>
        <time>2026-07-25T12:11:39.000Z</time>
        <extensions>
          <ns3:TrackPointExtension>
            <ns3:hr>152</ns3:hr>
            <ns3:cad>86</ns3:cad>
          </ns3:TrackPointExtension>
        </extensions>
      </trkpt>
      <trkpt lat="29.99438744969666004180908203125" lon="120.24554170668125152587890625">
        <ele>10.80000019073486328125</ele>
        <time>2026-07-25T12:11:40.000Z</time>
        <extensions>
          <ns3:TrackPointExtension>
            <ns3:hr>153</ns3:hr>
            <ns3:cad>86</ns3:cad>
          </ns3:TrackPointExtension>
        </extensions>
      </trkpt>
      <trkpt lat="29.9944126792252063751220703125" lon="120.2455485798418521881103515625">
        <ele>10.6000003814697265625</ele>
        <time>2026-07-25T12:11:41.000Z</time>
        <extensions>
          <ns3:TrackPointExtension>
            <ns3:hr>153</ns3:hr>
            <ns3:cad>86</ns3:cad>
          </ns3:TrackPointExtension>
        </extensions>
      </trkpt>
      <trkpt lat="29.99443053267896175384521484375" lon="120.245552770793437957763671875">
        <ele>10.6000003814697265625</ele>
        <time>2026-07-25T12:11:42.000Z</time>
        <extensions>
          <ns3:TrackPointExtension>
            <ns3:hr>153</ns3:hr>
            <ns3:cad>86</ns3:cad>
          </ns3:TrackPointExtension>
        </extensions>
      </trkpt>
      <trkpt lat="29.99444947578012943267822265625" lon="120.24555771611630916595458984375">
        <ele>10.6000003814697265625</ele>
        <time>2026-07-25T12:11:43.000Z</time>
        <extensions>
          <ns3:TrackPointExtension>
            <ns3:hr>153</ns3:hr>
            <ns3:cad>86</ns3:cad>
          </ns3:TrackPointExtension>
        </extensions>
      </trkpt>
      <trkpt lat="29.994465820491313934326171875" lon="120.245564840734004974365234375">
        <ele>10.6000003814697265625</ele>
        <time>2026-07-25T12:11:44.000Z</time>
        <extensions>
          <ns3:TrackPointExtension>
            <ns3:hr>153</ns3:hr>
            <ns3:cad>86</ns3:cad>
          </ns3:TrackPointExtension>
        </extensions>
      </trkpt>
      <trkpt lat="29.99447948299348354339599609375" lon="120.245566852390766143798828125">
        <ele>10.6000003814697265625</ele>
        <time>2026-07-25T12:11:45.000Z</time>
        <extensions>
          <ns3:TrackPointExtension>
            <ns3:hr>153</ns3:hr>
            <ns3:cad>86</ns3:cad>
          </ns3:TrackPointExtension>
        </extensions>
      </trkpt>
      <trkpt lat="29.99449859373271465301513671875" lon="120.2455760724842548370361328125">
        <ele>10.80000019073486328125</ele>
        <time>2026-07-25T12:11:46.000Z</time>
        <extensions>
          <ns3:TrackPointExtension>
            <ns3:hr>153</ns3:hr>
            <ns3:cad>86</ns3:cad>
          </ns3:TrackPointExtension>
        </extensions>
      </trkpt>
      <trkpt lat="29.99451301060616970062255859375" lon="120.24557749740779399871826171875">
        <ele>10.80000019073486328125</ele>
        <time>2026-07-25T12:11:47.000Z</time>
        <extensions>
          <ns3:TrackPointExtension>
            <ns3:hr>153</ns3:hr>
            <ns3:cad>86</ns3:cad>
          </ns3:TrackPointExtension>
        </extensions>
      </trkpt>
      <trkpt lat="29.99453513883054256439208984375" lon="120.24558998644351959228515625">
        <ele>10.80000019073486328125</ele>
        <time>2026-07-25T12:11:48.000Z</time>
        <extensions>
          <ns3:TrackPointExtension>
            <ns3:hr>153</ns3:hr>
            <ns3:cad>86</ns3:cad>
          </ns3:TrackPointExtension>
        </extensions>
      </trkpt>
      <trkpt lat="29.99455324374139308929443359375" lon="120.24559744633734226226806640625">
        <ele>10.80000019073486328125</ele>
        <time>2026-07-25T12:11:49.000Z</time>
        <extensions>
          <ns3:TrackPointExtension>
            <ns3:hr>154</ns3:hr>
            <ns3:cad>86</ns3:cad>
          </ns3:TrackPointExtension>
        </extensions>
      </trkpt>
      <trkpt lat="29.99456732533872127532958984375" lon="120.245614461600780487060546875">
        <ele>10.6000003814697265625</ele>
        <time>2026-07-25T12:11:50.000Z</time>
        <extensions>
          <ns3:TrackPointExtension>
            <ns3:hr>154</ns3:hr>
            <ns3:cad>86</ns3:cad>
          </ns3:TrackPointExtension>
        </extensions>
      </trkpt>
      <trkpt lat="29.9945814907550811767578125" lon="120.2456243522465229034423828125">
        <ele>10.6000003814697265625</ele>
        <time>2026-07-25T12:11:51.000Z</time>
        <extensions>
          <ns3:TrackPointExtension>
            <ns3:hr>154</ns3:hr>
            <ns3:cad>86</ns3:cad>
          </ns3:TrackPointExtension>
        </extensions>
      </trkpt>
      <trkpt lat="29.99459817074239253997802734375" lon="120.2456330694258213043212890625">
        <ele>10.6000003814697265625</ele>
        <time>2026-07-25T12:11:52.000Z</time>
        <extensions>
          <ns3:TrackPointExtension>
            <ns3:hr>154</ns3:hr>
            <ns3:cad>86</ns3:cad>
          </ns3:TrackPointExtension>
        </extensions>
      </trkpt>
      <trkpt lat="29.99461644329130649566650390625" lon="120.24564069695770740509033203125">
        <ele>10.3999996185302734375</ele>
        <time>2026-07-25T12:11:53.000Z</time>
        <extensions>
          <ns3:TrackPointExtension>
            <ns3:hr>154</ns3:hr>
            <ns3:cad>87</ns3:cad>
          </ns3:TrackPointExtension>
        </extensions>
      </trkpt>
      <trkpt lat="29.99463488347828388214111328125" lon="120.24564488790929317474365234375">
        <ele>10.3999996185302734375</ele>
        <time>2026-07-25T12:11:54.000Z</time>
        <extensions>
          <ns3:TrackPointExtension>
            <ns3:hr>154</ns3:hr>
            <ns3:cad>87</ns3:cad>
          </ns3:TrackPointExtension>
        </extensions>
      </trkpt>
      <trkpt lat="29.994658268988132476806640625" lon="120.24564673192799091339111328125">
        <ele>10.3999996185302734375</ele>
        <time>2026-07-25T12:11:55.000Z</time>
        <extensions>
          <ns3:TrackPointExtension>
            <ns3:hr>154</ns3:hr>
            <ns3:cad>87</ns3:cad>
          </ns3:TrackPointExtension>
        </extensions>
      </trkpt>
      <trkpt lat="29.9946795590221881866455078125" lon="120.24565444327890872955322265625">
        <ele>10.19999980926513671875</ele>
        <time>2026-07-25T12:11:56.000Z</time>
        <extensions>
          <ns3:TrackPointExtension>
            <ns3:hr>154</ns3:hr>
            <ns3:cad>86</ns3:cad>
          </ns3:TrackPointExtension>
        </extensions>
      </trkpt>
      <trkpt lat="29.9947033636271953582763671875" lon="120.24565762840211391448974609375">
        <ele>10.19999980926513671875</ele>
        <time>2026-07-25T12:11:57.000Z</time>
        <extensions>
          <ns3:TrackPointExtension>
            <ns3:hr>154</ns3:hr>
            <ns3:cad>86</ns3:cad>
          </ns3:TrackPointExtension>
        </extensions>
      </trkpt>
      <trkpt lat="29.9947275035083293914794921875" lon="120.24566131643950939178466796875">
        <ele>10.19999980926513671875</ele>
        <time>2026-07-25T12:11:58.000Z</time>
        <extensions>
          <ns3:TrackPointExtension>
            <ns3:hr>155</ns3:hr>
            <ns3:cad>85</ns3:cad>
          </ns3:TrackPointExtension>
        </extensions>
      </trkpt>
      <trkpt lat="29.99474787153303623199462890625" lon="120.245660059154033660888671875">
        <ele>10.19999980926513671875</ele>
        <time>2026-07-25T12:11:59.000Z</time>
        <extensions>
          <ns3:TrackPointExtension>
            <ns3:hr>154</ns3:hr>
            <ns3:cad>85</ns3:cad>
          </ns3:TrackPointExtension>
        </extensions>
      </trkpt>
      <trkpt lat="29.99477301724255084991455078125" lon="120.2456632442772388458251953125">
        <ele>10.19999980926513671875</ele>
        <time>2026-07-25T12:12:00.000Z</time>
        <extensions>
          <ns3:TrackPointExtension>
            <ns3:hr>154</ns3:hr>
            <ns3:cad>86</ns3:cad>
          </ns3:TrackPointExtension>
        </extensions>
      </trkpt>
      <trkpt lat="29.9947932176291942596435546875" lon="120.2456622384488582611083984375">
        <ele>10.19999980926513671875</ele>
        <time>2026-07-25T12:12:01.000Z</time>
        <extensions>
          <ns3:TrackPointExtension>
            <ns3:hr>155</ns3:hr>
            <ns3:cad>86</ns3:cad>
          </ns3:TrackPointExtension>
        </extensions>
      </trkpt>
      <trkpt lat="29.99481660313904285430908203125" lon="120.24566500447690486907958984375">
        <ele>10.19999980926513671875</ele>
        <time>2026-07-25T12:12:02.000Z</time>
        <extensions>
          <ns3:TrackPointExtension>
            <ns3:hr>154</ns3:hr>
            <ns3:cad>86</ns3:cad>
          </ns3:TrackPointExtension>
        </extensions>
      </trkpt>
      <trkpt lat="29.99483386985957622528076171875" lon="120.24566450156271457672119140625">
        <ele>10.19999980926513671875</ele>
        <time>2026-07-25T12:12:03.000Z</time>
        <extensions>
          <ns3:TrackPointExtension>
            <ns3:hr>154</ns3:hr>
            <ns3:cad>86</ns3:cad>
          </ns3:TrackPointExtension>
        </extensions>
      </trkpt>
      <trkpt lat="29.99485918320715427398681640625" lon="120.24566911160945892333984375">
        <ele>10</ele>
        <time>2026-07-25T12:12:04.000Z</time>
        <extensions>
          <ns3:TrackPointExtension>
            <ns3:hr>154</ns3:hr>
            <ns3:cad>86</ns3:cad>
          </ns3:TrackPointExtension>
        </extensions>
      </trkpt>
      <trkpt lat="29.994878880679607391357421875" lon="120.2456729672849178314208984375">
        <ele>10.19999980926513671875</ele>
        <time>2026-07-25T12:12:05.000Z</time>
        <extensions>
          <ns3:TrackPointExtension>
            <ns3:hr>154</ns3:hr>
            <ns3:cad>86</ns3:cad>
          </ns3:TrackPointExtension>
        </extensions>
      </trkpt>
      <trkpt lat="29.99489857815206050872802734375" lon="120.2456749789416790008544921875">
        <ele>10.19999980926513671875</ele>
        <time>2026-07-25T12:12:06.000Z</time>
        <extensions>
          <ns3:TrackPointExtension>
            <ns3:hr>155</ns3:hr>
            <ns3:cad>86</ns3:cad>
          </ns3:TrackPointExtension>
        </extensions>
      </trkpt>
      <trkpt lat="29.99492355622351169586181640625" lon="120.24568109773099422454833984375">
        <ele>10.19999980926513671875</ele>
        <time>2026-07-25T12:12:07.000Z</time>
        <extensions>
          <ns3:TrackPointExtension>
            <ns3:hr>154</ns3:hr>
            <ns3:cad>85</ns3:cad>
          </ns3:TrackPointExtension>
        </extensions>
      </trkpt>
      <trkpt lat="29.99494249932467937469482421875" lon="120.2456847019493579864501953125">
        <ele>10.19999980926513671875</ele>
        <time>2026-07-25T12:12:08.000Z</time>
        <extensions>
          <ns3:TrackPointExtension>
            <ns3:hr>154</ns3:hr>
            <ns3:cad>85</ns3:cad>
          </ns3:TrackPointExtension>
        </extensions>
      </trkpt>
      <trkpt lat="29.994965381920337677001953125" lon="120.24568998254835605621337890625">
        <ele>10.19999980926513671875</ele>
        <time>2026-07-25T12:12:09.000Z</time>
        <extensions>
          <ns3:TrackPointExtension>
            <ns3:hr>155</ns3:hr>
            <ns3:cad>85</ns3:cad>
          </ns3:TrackPointExtension>
        </extensions>
      </trkpt>
      <trkpt lat="29.99498759396374225616455078125" lon="120.24569802917540073394775390625">
        <ele>10.3999996185302734375</ele>
        <time>2026-07-25T12:12:10.000Z</time>
        <extensions>
          <ns3:TrackPointExtension>
            <ns3:hr>155</ns3:hr>
            <ns3:cad>85</ns3:cad>
          </ns3:TrackPointExtension>
        </extensions>
      </trkpt>
      <trkpt lat="29.99501290731132030487060546875" lon="120.24569869972765445709228515625">
        <ele>10.3999996185302734375</ele>
        <time>2026-07-25T12:12:11.000Z</time>
        <extensions>
          <ns3:TrackPointExtension>
            <ns3:hr>155</ns3:hr>
            <ns3:cad>85</ns3:cad>
          </ns3:TrackPointExtension>
        </extensions>
      </trkpt>
      <trkpt lat="29.99503302387893199920654296875" lon="120.24570372886955738067626953125">
        <ele>10.19999980926513671875</ele>
        <time>2026-07-25T12:12:12.000Z</time>
        <extensions>
          <ns3:TrackPointExtension>
            <ns3:hr>154</ns3:hr>
            <ns3:cad>85</ns3:cad>
          </ns3:TrackPointExtension>
        </extensions>
      </trkpt>
      <trkpt lat="29.9950543977320194244384765625" lon="120.24570724926888942718505859375">
        <ele>10.19999980926513671875</ele>
        <time>2026-07-25T12:12:13.000Z</time>
        <extensions>
          <ns3:TrackPointExtension>
            <ns3:hr>155</ns3:hr>
            <ns3:cad>85</ns3:cad>
          </ns3:TrackPointExtension>
        </extensions>
      </trkpt>
      <trkpt lat="29.99507828615605831146240234375" lon="120.24571060203015804290771484375">
        <ele>10.19999980926513671875</ele>
        <time>2026-07-25T12:12:14.000Z</time>
        <extensions>
          <ns3:TrackPointExtension>
            <ns3:hr>155</ns3:hr>
            <ns3:cad>85</ns3:cad>
          </ns3:TrackPointExtension>
        </extensions>
      </trkpt>
      <trkpt lat="29.9950953014194965362548828125" lon="120.24571060203015804290771484375">
        <ele>10.19999980926513671875</ele>
        <time>2026-07-25T12:12:15.000Z</time>
        <extensions>
          <ns3:TrackPointExtension>
            <ns3:hr>154</ns3:hr>
            <ns3:cad>85</ns3:cad>
          </ns3:TrackPointExtension>
        </extensions>
      </trkpt>
      <trkpt lat="29.99512036330997943878173828125" lon="120.245713703334331512451171875">
        <ele>10</ele>
        <time>2026-07-25T12:12:16.000Z</time>
        <extensions>
          <ns3:TrackPointExtension>
            <ns3:hr>155</ns3:hr>
            <ns3:cad>85</ns3:cad>
          </ns3:TrackPointExtension>
        </extensions>
      </trkpt>
      <trkpt lat="29.99513846822082996368408203125" lon="120.24571898393332958221435546875">
        <ele>10</ele>
        <time>2026-07-25T12:12:17.000Z</time>
        <extensions>
          <ns3:TrackPointExtension>
            <ns3:hr>155</ns3:hr>
            <ns3:cad>85</ns3:cad>
          </ns3:TrackPointExtension>
        </extensions>
      </trkpt>
      <trkpt lat="29.99516042880713939666748046875" lon="120.24572149850428104400634765625">
        <ele>10</ele>
        <time>2026-07-25T12:12:18.000Z</time>
        <extensions>
          <ns3:TrackPointExtension>
            <ns3:hr>155</ns3:hr>
            <ns3:cad>86</ns3:cad>
          </ns3:TrackPointExtension>
        </extensions>
      </trkpt>
      <trkpt lat="29.99518096446990966796875" lon="120.2457256056368350982666015625">
        <ele>10</ele>
        <time>2026-07-25T12:12:19.000Z</time>
        <extensions>
          <ns3:TrackPointExtension>
            <ns3:hr>155</ns3:hr>
            <ns3:cad>86</ns3:cad>
          </ns3:TrackPointExtension>
        </extensions>
      </trkpt>
      <trkpt lat="29.995199404656887054443359375" lon="120.2457276172935962677001953125">
        <ele>10</ele>
        <time>2026-07-25T12:12:20.000Z</time>
        <extensions>
          <ns3:TrackPointExtension>
            <ns3:hr>155</ns3:hr>
            <ns3:cad>86</ns3:cad>
          </ns3:TrackPointExtension>
        </extensions>
      </trkpt>
      <trkpt lat="29.995224215090274810791015625" lon="120.2457328140735626220703125">
        <ele>10</ele>
        <time>2026-07-25T12:12:21.000Z</time>
        <extensions>
          <ns3:TrackPointExtension>
            <ns3:hr>155</ns3:hr>
            <ns3:cad>86</ns3:cad>
          </ns3:TrackPointExtension>
        </extensions>
      </trkpt>
      <trkpt lat="29.99524357728660106658935546875" lon="120.24573591537773609161376953125">
        <ele>10.19999980926513671875</ele>
        <time>2026-07-25T12:12:22.000Z</time>
        <extensions>
          <ns3:TrackPointExtension>
            <ns3:hr>155</ns3:hr>
            <ns3:cad>86</ns3:cad>
          </ns3:TrackPointExtension>
        </extensions>
      </trkpt>
      <trkpt lat="29.9952649511396884918212890625" lon="120.24574396200478076934814453125">
        <ele>10.19999980926513671875</ele>
        <time>2026-07-25T12:12:23.000Z</time>
        <extensions>
          <ns3:TrackPointExtension>
            <ns3:hr>155</ns3:hr>
            <ns3:cad>85</ns3:cad>
          </ns3:TrackPointExtension>
        </extensions>
      </trkpt>
      <trkpt lat="29.99528917483985424041748046875" lon="120.245750248432159423828125">
        <ele>10.19999980926513671875</ele>
        <time>2026-07-25T12:12:24.000Z</time>
        <extensions>
          <ns3:TrackPointExtension>
            <ns3:hr>155</ns3:hr>
            <ns3:cad>85</ns3:cad>
          </ns3:TrackPointExtension>
        </extensions>
      </trkpt>
      <trkpt lat="29.99530971050262451171875" lon="120.2457527630031108856201171875">
        <ele>10.19999980926513671875</ele>
        <time>2026-07-25T12:12:25.000Z</time>
        <extensions>
          <ns3:TrackPointExtension>
            <ns3:hr>155</ns3:hr>
            <ns3:cad>84</ns3:cad>
          </ns3:TrackPointExtension>
        </extensions>
      </trkpt>
      <trkpt lat="29.9953323416411876678466796875" lon="120.24575904943048954010009765625">
        <ele>10.19999980926513671875</ele>
        <time>2026-07-25T12:12:26.000Z</time>
        <extensions>
          <ns3:TrackPointExtension>
            <ns3:hr>155</ns3:hr>
            <ns3:cad>84</ns3:cad>
          </ns3:TrackPointExtension>
        </extensions>
      </trkpt>
      <trkpt lat="29.99535086564719676971435546875" lon="120.24576164782047271728515625">
        <ele>10</ele>
        <time>2026-07-25T12:12:27.000Z</time>
        <extensions>
          <ns3:TrackPointExtension>
            <ns3:hr>155</ns3:hr>
            <ns3:cad>83</ns3:cad>
          </ns3:TrackPointExtension>
        </extensions>
      </trkpt>
      <trkpt lat="29.99537517316639423370361328125" lon="120.2457651682198047637939453125">
        <ele>10</ele>
        <time>2026-07-25T12:12:28.000Z</time>
        <extensions>
          <ns3:TrackPointExtension>
            <ns3:hr>155</ns3:hr>
            <ns3:cad>83</ns3:cad>
          </ns3:TrackPointExtension>
        </extensions>
      </trkpt>
      <trkpt lat="29.9953930266201496124267578125" lon="120.24576835334300994873046875">
        <ele>10</ele>
        <time>2026-07-25T12:12:29.000Z</time>
        <extensions>
          <ns3:TrackPointExtension>
            <ns3:hr>154</ns3:hr>
            <ns3:cad>83</ns3:cad>
          </ns3:TrackPointExtension>
        </extensions>
      </trkpt>
      <trkpt lat="29.99541322700679302215576171875" lon="120.24577371776103973388671875">
        <ele>10</ele>
        <time>2026-07-25T12:12:30.000Z</time>
        <extensions>
          <ns3:TrackPointExtension>
            <ns3:hr>155</ns3:hr>
            <ns3:cad>83</ns3:cad>
          </ns3:TrackPointExtension>
        </extensions>
      </trkpt>
      <trkpt lat="29.99543233774602413177490234375" lon="120.245780088007450103759765625">
        <ele>10</ele>
        <time>2026-07-25T12:12:31.000Z</time>
        <extensions>
          <ns3:TrackPointExtension>
            <ns3:hr>155</ns3:hr>
            <ns3:cad>85</ns3:cad>
          </ns3:TrackPointExtension>
        </extensions>
      </trkpt>
      <trkpt lat="29.9954483471810817718505859375" lon="120.24578520096838474273681640625">
        <ele>10</ele>
        <time>2026-07-25T12:12:32.000Z</time>
        <extensions>
          <ns3:TrackPointExtension>
            <ns3:hr>154</ns3:hr>
            <ns3:cad>85</ns3:cad>
          </ns3:TrackPointExtension>
        </extensions>
      </trkpt>
      <trkpt lat="29.995466284453868865966796875" lon="120.24579458869993686676025390625">
        <ele>10</ele>
        <time>2026-07-25T12:12:33.000Z</time>
        <extensions>
          <ns3:TrackPointExtension>
            <ns3:hr>155</ns3:hr>
            <ns3:cad>85</ns3:cad>
          </ns3:TrackPointExtension>
        </extensions>
      </trkpt>
      <trkpt lat="29.99547936022281646728515625" lon="120.2457983605563640594482421875">
        <ele>10</ele>
        <time>2026-07-25T12:12:34.000Z</time>
        <extensions>
          <ns3:TrackPointExtension>
            <ns3:hr>155</ns3:hr>
            <ns3:cad>85</ns3:cad>
          </ns3:TrackPointExtension>
        </extensions>
      </trkpt>
      <trkpt lat="29.99550073407590389251708984375" lon="120.2458003722131252288818359375">
        <ele>10</ele>
        <time>2026-07-25T12:12:35.000Z</time>
        <extensions>
          <ns3:TrackPointExtension>
            <ns3:hr>154</ns3:hr>
            <ns3:cad>85</ns3:cad>
          </ns3:TrackPointExtension>
        </extensions>
      </trkpt>
      <trkpt lat="29.99551280401647090911865234375" lon="120.24579844437539577484130859375">
        <ele>10</ele>
        <time>2026-07-25T12:12:36.000Z</time>
        <extensions>
          <ns3:TrackPointExtension>
            <ns3:hr>155</ns3:hr>
            <ns3:cad>85</ns3:cad>
          </ns3:TrackPointExtension>
        </extensions>
      </trkpt>
      <trkpt lat="29.99553166329860687255859375" lon="120.24580230005085468292236328125">
        <ele>10</ele>
        <time>2026-07-25T12:12:37.000Z</time>
        <extensions>
          <ns3:TrackPointExtension>
            <ns3:hr>155</ns3:hr>
            <ns3:cad>85</ns3:cad>
          </ns3:TrackPointExtension>
        </extensions>
      </trkpt>
      <trkpt lat="29.99555018730461597442626953125" lon="120.24580749683082103729248046875">
        <ele>10</ele>
        <time>2026-07-25T12:12:38.000Z</time>
        <extensions>
          <ns3:TrackPointExtension>
            <ns3:hr>154</ns3:hr>
            <ns3:cad>85</ns3:cad>
          </ns3:TrackPointExtension>
        </extensions>
      </trkpt>
      <trkpt lat="29.9955660291016101837158203125" lon="120.245811603963375091552734375">
        <ele>10</ele>
        <time>2026-07-25T12:12:39.000Z</time>
        <extensions>
          <ns3:TrackPointExtension>
            <ns3:hr>155</ns3:hr>
            <ns3:cad>85</ns3:cad>
          </ns3:TrackPointExtension>
        </extensions>
      </trkpt>
      <trkpt lat="29.9955881573259830474853515625" lon="120.24581738747656345367431640625">
        <ele>10</ele>
        <time>2026-07-25T12:12:40.000Z</time>
        <extensions>
          <ns3:TrackPointExtension>
            <ns3:hr>155</ns3:hr>
            <ns3:cad>84</ns3:cad>
          </ns3:TrackPointExtension>
        </extensions>
      </trkpt>
      <trkpt lat="29.99560416676104068756103515625" lon="120.245822332799434661865234375">
        <ele>10</ele>
        <time>2026-07-25T12:12:41.000Z</time>
        <extensions>
          <ns3:TrackPointExtension>
            <ns3:hr>154</ns3:hr>
            <ns3:cad>84</ns3:cad>
          </ns3:TrackPointExtension>
        </extensions>
      </trkpt>
      <trkpt lat="29.99562562443315982818603515625" lon="120.24582727812230587005615234375">
        <ele>9.80000019073486328125</ele>
        <time>2026-07-25T12:12:42.000Z</time>
        <extensions>
          <ns3:TrackPointExtension>
            <ns3:hr>155</ns3:hr>
            <ns3:cad>84</ns3:cad>
          </ns3:TrackPointExtension>
        </extensions>
      </trkpt>
      <trkpt lat="29.99564439989626407623291015625" lon="120.2458293735980987548828125">
        <ele>9.80000019073486328125</ele>
        <time>2026-07-25T12:12:43.000Z</time>
        <extensions>
          <ns3:TrackPointExtension>
            <ns3:hr>155</ns3:hr>
            <ns3:cad>84</ns3:cad>
          </ns3:TrackPointExtension>
        </extensions>
      </trkpt>
      <trkpt lat="29.9956589005887508392333984375" lon="120.24582677520811557769775390625">
        <ele>9.80000019073486328125</ele>
        <time>2026-07-25T12:12:44.000Z</time>
        <extensions>
          <ns3:TrackPointExtension>
            <ns3:hr>154</ns3:hr>
            <ns3:cad>84</ns3:cad>
          </ns3:TrackPointExtension>
        </extensions>
      </trkpt>
      <trkpt lat="29.99568027444183826446533203125" lon="120.245831049978733062744140625">
        <ele>9.80000019073486328125</ele>
        <time>2026-07-25T12:12:45.000Z</time>
        <extensions>
          <ns3:TrackPointExtension>
            <ns3:hr>155</ns3:hr>
            <ns3:cad>84</ns3:cad>
          </ns3:TrackPointExtension>
        </extensions>
      </trkpt>
      <trkpt lat="29.9956947751343250274658203125" lon="120.24583498947322368621826171875">
        <ele>9.6000003814697265625</ele>
        <time>2026-07-25T12:12:46.000Z</time>
        <extensions>
          <ns3:TrackPointExtension>
            <ns3:hr>155</ns3:hr>
            <ns3:cad>83</ns3:cad>
          </ns3:TrackPointExtension>
        </extensions>
      </trkpt>
      <trkpt lat="29.99571111984550952911376953125" lon="120.245833732187747955322265625">
        <ele>9.6000003814697265625</ele>
        <time>2026-07-25T12:12:47.000Z</time>
        <extensions>
          <ns3:TrackPointExtension>
            <ns3:hr>154</ns3:hr>
            <ns3:cad>83</ns3:cad>
          </ns3:TrackPointExtension>
        </extensions>
      </trkpt>
      <trkpt lat="29.99572151340544223785400390625" lon="120.24584270082414150238037109375">
        <ele>9.6000003814697265625</ele>
        <time>2026-07-25T12:12:48.000Z</time>
        <extensions>
          <ns3:TrackPointExtension>
            <ns3:hr>154</ns3:hr>
            <ns3:cad>82</ns3:cad>
          </ns3:TrackPointExtension>
        </extensions>
      </trkpt>
      <trkpt lat="29.9957266263663768768310546875" lon="120.2458573691546916961669921875">
        <ele>9.6000003814697265625</ele>
        <time>2026-07-25T12:12:49.000Z</time>
        <extensions>
          <ns3:TrackPointExtension>
            <ns3:hr>154</ns3:hr>
            <ns3:cad>82</ns3:cad>
          </ns3:TrackPointExtension>
        </extensions>
      </trkpt>
      <trkpt lat="29.9957353435456752777099609375" lon="120.24586784653365612030029296875">
        <ele>9.6000003814697265625</ele>
        <time>2026-07-25T12:12:50.000Z</time>
        <extensions>
          <ns3:TrackPointExtension>
            <ns3:hr>154</ns3:hr>
            <ns3:cad>81</ns3:cad>
          </ns3:TrackPointExtension>
        </extensions>
      </trkpt>
      <trkpt lat="29.99573358334600925445556640625" lon="120.2458872087299823760986328125">
        <ele>9.6000003814697265625</ele>
        <time>2026-07-25T12:12:51.000Z</time>
        <extensions>
          <ns3:TrackPointExtension>
            <ns3:hr>155</ns3:hr>
            <ns3:cad>81</ns3:cad>
          </ns3:TrackPointExtension>
        </extensions>
      </trkpt>
      <trkpt lat="29.995730482041835784912109375" lon="120.245906151831150054931640625">
        <ele>9.6000003814697265625</ele>
        <time>2026-07-25T12:12:52.000Z</time>
        <extensions>
          <ns3:TrackPointExtension>
            <ns3:hr>154</ns3:hr>
            <ns3:cad>80</ns3:cad>
          </ns3:TrackPointExtension>
        </extensions>
      </trkpt>
      <trkpt lat="29.99573157168924808502197265625" lon="120.245924927294254302978515625">
        <ele>9.6000003814697265625</ele>
        <time>2026-07-25T12:12:53.000Z</time>
        <extensions>
          <ns3:TrackPointExtension>
            <ns3:hr>154</ns3:hr>
            <ns3:cad>79</ns3:cad>
          </ns3:TrackPointExtension>
        </extensions>
      </trkpt>
      <trkpt lat="29.9957294762134552001953125" lon="120.2459519170224666595458984375">
        <ele>9.6000003814697265625</ele>
        <time>2026-07-25T12:12:54.000Z</time>
        <extensions>
          <ns3:TrackPointExtension>
            <ns3:hr>154</ns3:hr>
            <ns3:cad>79</ns3:cad>
          </ns3:TrackPointExtension>
        </extensions>
      </trkpt>
      <trkpt lat="29.99572855420410633087158203125" lon="120.245970524847507476806640625">
        <ele>9.6000003814697265625</ele>
        <time>2026-07-25T12:12:55.000Z</time>
        <extensions>
          <ns3:TrackPointExtension>
            <ns3:hr>153</ns3:hr>
            <ns3:cad>79</ns3:cad>
          </ns3:TrackPointExtension>
        </extensions>
      </trkpt>
      <trkpt lat="29.99572553671896457672119140625" lon="120.2459978498518466949462890625">
        <ele>9.6000003814697265625</ele>
        <time>2026-07-25T12:12:56.000Z</time>
        <extensions>
          <ns3:TrackPointExtension>
            <ns3:hr>153</ns3:hr>
            <ns3:cad>80</ns3:cad>
          </ns3:TrackPointExtension>
        </extensions>
      </trkpt>
      <trkpt lat="29.99572201631963253021240234375" lon="120.24601436220109462738037109375">
        <ele>9.6000003814697265625</ele>
        <time>2026-07-25T12:12:57.000Z</time>
        <extensions>
          <ns3:TrackPointExtension>
            <ns3:hr>153</ns3:hr>
            <ns3:cad>82</ns3:cad>
          </ns3:TrackPointExtension>
        </extensions>
      </trkpt>
      <trkpt lat="29.99572386033833026885986328125" lon="120.24603012017905712127685546875">
        <ele>9.6000003814697265625</ele>
        <time>2026-07-25T12:12:58.000Z</time>
        <extensions>
          <ns3:TrackPointExtension>
            <ns3:hr>152</ns3:hr>
            <ns3:cad>83</ns3:cad>
          </ns3:TrackPointExtension>
        </extensions>
      </trkpt>
      <trkpt lat="29.99572821892797946929931640625" lon="120.2460581995546817779541015625">
        <ele>9.80000019073486328125</ele>
        <time>2026-07-25T12:12:59.000Z</time>
        <extensions>
          <ns3:TrackPointExtension>
            <ns3:hr>151</ns3:hr>
            <ns3:cad>83</ns3:cad>
          </ns3:TrackPointExtension>
        </extensions>
      </trkpt>
      <trkpt lat="29.99572989530861377716064453125" lon="120.24607856757938861846923828125">
        <ele>9.80000019073486328125</ele>
        <time>2026-07-25T12:13:00.000Z</time>
        <extensions>
          <ns3:TrackPointExtension>
            <ns3:hr>151</ns3:hr>
            <ns3:cad>82</ns3:cad>
          </ns3:TrackPointExtension>
        </extensions>
      </trkpt>
      <trkpt lat="29.99573148787021636962890625" lon="120.2461002767086029052734375">
        <ele>10</ele>
        <time>2026-07-25T12:13:01.000Z</time>
        <extensions>
          <ns3:TrackPointExtension>
            <ns3:hr>151</ns3:hr>
            <ns3:cad>82</ns3:cad>
          </ns3:TrackPointExtension>
        </extensions>
      </trkpt>
      <trkpt lat="29.9957266263663768768310546875" lon="120.2461255900561809539794921875">
        <ele>10</ele>
        <time>2026-07-25T12:13:02.000Z</time>
        <extensions>
          <ns3:TrackPointExtension>
            <ns3:hr>151</ns3:hr>
            <ns3:cad>82</ns3:cad>
          </ns3:TrackPointExtension>
        </extensions>
      </trkpt>
      <trkpt lat="29.99571665190160274505615234375" lon="120.2461416833102703094482421875">
        <ele>10</ele>
        <time>2026-07-25T12:13:03.000Z</time>
        <extensions>
          <ns3:TrackPointExtension>
            <ns3:hr>150</ns3:hr>
            <ns3:cad>82</ns3:cad>
          </ns3:TrackPointExtension>
        </extensions>
      </trkpt>
      <trkpt lat="29.995696283876895904541015625" lon="120.2461497299373149871826171875">
        <ele>10</ele>
        <time>2026-07-25T12:13:04.000Z</time>
        <extensions>
          <ns3:TrackPointExtension>
            <ns3:hr>150</ns3:hr>
            <ns3:cad>83</ns3:cad>
          </ns3:TrackPointExtension>
        </extensions>
      </trkpt>
      <trkpt lat="29.99567692168056964874267578125" lon="120.24614260531961917877197265625">
        <ele>9.80000019073486328125</ele>
        <time>2026-07-25T12:13:05.000Z</time>
        <extensions>
          <ns3:TrackPointExtension>
            <ns3:hr>150</ns3:hr>
            <ns3:cad>83</ns3:cad>
          </ns3:TrackPointExtension>
        </extensions>
      </trkpt>
      <trkpt lat="29.99566082842648029327392578125" lon="120.2461386658251285552978515625">
        <ele>9.80000019073486328125</ele>
        <time>2026-07-25T12:13:06.000Z</time>
        <extensions>
          <ns3:TrackPointExtension>
            <ns3:hr>150</ns3:hr>
            <ns3:cad>83</ns3:cad>
          </ns3:TrackPointExtension>
        </extensions>
      </trkpt>
      <trkpt lat="29.99563786201179027557373046875" lon="120.24613422341644763946533203125">
        <ele>9.80000019073486328125</ele>
        <time>2026-07-25T12:13:07.000Z</time>
        <extensions>
          <ns3:TrackPointExtension>
            <ns3:hr>150</ns3:hr>
            <ns3:cad>82</ns3:cad>
          </ns3:TrackPointExtension>
        </extensions>
      </trkpt>
      <trkpt lat="29.995624534785747528076171875" lon="120.2461351454257965087890625">
        <ele>10</ele>
        <time>2026-07-25T12:13:08.000Z</time>
        <extensions>
          <ns3:TrackPointExtension>
            <ns3:hr>150</ns3:hr>
            <ns3:cad>82</ns3:cad>
          </ns3:TrackPointExtension>
        </extensions>
      </trkpt>
      <trkpt lat="29.9956035800278186798095703125" lon="120.246132127940654754638671875">
        <ele>10</ele>
        <time>2026-07-25T12:13:09.000Z</time>
        <extensions>
          <ns3:TrackPointExtension>
            <ns3:hr>150</ns3:hr>
            <ns3:cad>82</ns3:cad>
          </ns3:TrackPointExtension>
        </extensions>
      </trkpt>
      <trkpt lat="29.995586983859539031982421875" lon="120.2461286075413227081298828125">
        <ele>10</ele>
        <time>2026-07-25T12:13:10.000Z</time>
        <extensions>
          <ns3:TrackPointExtension>
            <ns3:hr>150</ns3:hr>
            <ns3:cad>83</ns3:cad>
          </ns3:TrackPointExtension>
        </extensions>
      </trkpt>
      <trkpt lat="29.9955770932137966156005859375" lon="120.2461279369890689849853515625">
        <ele>9.80000019073486328125</ele>
        <time>2026-07-25T12:13:11.000Z</time>
        <extensions>
          <ns3:TrackPointExtension>
            <ns3:hr>150</ns3:hr>
            <ns3:cad>84</ns3:cad>
          </ns3:TrackPointExtension>
        </extensions>
      </trkpt>
      <trkpt lat="29.99555923976004123687744140625" lon="120.2461255900561809539794921875">
        <ele>9.80000019073486328125</ele>
        <time>2026-07-25T12:13:12.000Z</time>
        <extensions>
          <ns3:TrackPointExtension>
            <ns3:hr>150</ns3:hr>
            <ns3:cad>85</ns3:cad>
          </ns3:TrackPointExtension>
        </extensions>
      </trkpt>
      <trkpt lat="29.9955415539443492889404296875" lon="120.2461198903620243072509765625">
        <ele>9.80000019073486328125</ele>
        <time>2026-07-25T12:13:13.000Z</time>
        <extensions>
          <ns3:TrackPointExtension>
            <ns3:hr>150</ns3:hr>
            <ns3:cad>85</ns3:cad>
          </ns3:TrackPointExtension>
        </extensions>
      </trkpt>
      <trkpt lat="29.99552520923316478729248046875" lon="120.246119387447834014892578125">
        <ele>9.80000019073486328125</ele>
        <time>2026-07-25T12:13:14.000Z</time>
        <extensions>
          <ns3:TrackPointExtension>
            <ns3:hr>150</ns3:hr>
            <ns3:cad>84</ns3:cad>
          </ns3:TrackPointExtension>
        </extensions>
      </trkpt>
      <trkpt lat="29.9955009855329990386962890625" lon="120.24611025117337703704833984375">
        <ele>10</ele>
        <time>2026-07-25T12:13:15.000Z</time>
        <extensions>
          <ns3:TrackPointExtension>
            <ns3:hr>150</ns3:hr>
            <ns3:cad>84</ns3:cad>
          </ns3:TrackPointExtension>
        </extensions>
      </trkpt>
      <trkpt lat="29.995484054088592529296875" lon="120.24610924534499645233154296875">
        <ele>10</ele>
        <time>2026-07-25T12:13:16.000Z</time>
        <extensions>
          <ns3:TrackPointExtension>
            <ns3:hr>150</ns3:hr>
            <ns3:cad>84</ns3:cad>
          </ns3:TrackPointExtension>
        </extensions>
      </trkpt>
      <trkpt lat="29.995457567274570465087890625" lon="120.246102623641490936279296875">
        <ele>10</ele>
        <time>2026-07-25T12:13:17.000Z</time>
        <extensions>
          <ns3:TrackPointExtension>
            <ns3:hr>150</ns3:hr>
            <ns3:cad>84</ns3:cad>
          </ns3:TrackPointExtension>
        </extensions>
      </trkpt>
      <trkpt lat="29.99544222839176654815673828125" lon="120.24609952233731746673583984375">
        <ele>10.19999980926513671875</ele>
        <time>2026-07-25T12:13:18.000Z</time>
        <extensions>
          <ns3:TrackPointExtension>
            <ns3:hr>150</ns3:hr>
            <ns3:cad>84</ns3:cad>
          </ns3:TrackPointExtension>
        </extensions>
      </trkpt>
      <trkpt lat="29.99542160890996456146240234375" lon="120.24609801359474658966064453125">
        <ele>10.19999980926513671875</ele>
        <time>2026-07-25T12:13:19.000Z</time>
        <extensions>
          <ns3:TrackPointExtension>
            <ns3:hr>150</ns3:hr>
            <ns3:cad>84</ns3:cad>
          </ns3:TrackPointExtension>
        </extensions>
      </trkpt>
      <trkpt lat="29.9954014085233211517333984375" lon="120.24609315209090709686279296875">
        <ele>10.19999980926513671875</ele>
        <time>2026-07-25T12:13:20.000Z</time>
        <extensions>
          <ns3:TrackPointExtension>
            <ns3:hr>150</ns3:hr>
            <ns3:cad>84</ns3:cad>
          </ns3:TrackPointExtension>
        </extensions>
      </trkpt>
      <trkpt lat="29.99538011848926544189453125" lon="120.24609231390058994293212890625">
        <ele>10.19999980926513671875</ele>
        <time>2026-07-25T12:13:21.000Z</time>
        <extensions>
          <ns3:TrackPointExtension>
            <ns3:hr>150</ns3:hr>
            <ns3:cad>85</ns3:cad>
          </ns3:TrackPointExtension>
        </extensions>
      </trkpt>
      <trkpt lat="29.9953571520745754241943359375" lon="120.24608627893030643463134765625">
        <ele>10.19999980926513671875</ele>
        <time>2026-07-25T12:13:22.000Z</time>
        <extensions>
          <ns3:TrackPointExtension>
            <ns3:hr>150</ns3:hr>
            <ns3:cad>86</ns3:cad>
          </ns3:TrackPointExtension>
        </extensions>
      </trkpt>
      <trkpt lat="29.99534147791564464569091796875" lon="120.246085859835147857666015625">
        <ele>10.19999980926513671875</ele>
        <time>2026-07-25T12:13:23.000Z</time>
        <extensions>
          <ns3:TrackPointExtension>
            <ns3:hr>151</ns3:hr>
            <ns3:cad>86</ns3:cad>
          </ns3:TrackPointExtension>
        </extensions>
      </trkpt>
      <trkpt lat="29.99531884677708148956298828125" lon="120.24608024396002292633056640625">
        <ele>10.19999980926513671875</ele>
        <time>2026-07-25T12:13:24.000Z</time>
        <extensions>
          <ns3:TrackPointExtension>
            <ns3:hr>151</ns3:hr>
            <ns3:cad>87</ns3:cad>
          </ns3:TrackPointExtension>
        </extensions>
      </trkpt>
      <trkpt lat="29.9953038431704044342041015625" lon="120.24608024396002292633056640625">
        <ele>10.19999980926513671875</ele>
        <time>2026-07-25T12:13:25.000Z</time>
        <extensions>
          <ns3:TrackPointExtension>
            <ns3:hr>151</ns3:hr>
            <ns3:cad>87</ns3:cad>
          </ns3:TrackPointExtension>
        </extensions>
      </trkpt>
      <trkpt lat="29.99528029002249240875244140625" lon="120.24607437662780284881591796875">
        <ele>10.19999980926513671875</ele>
        <time>2026-07-25T12:13:26.000Z</time>
        <extensions>
          <ns3:TrackPointExtension>
            <ns3:hr>152</ns3:hr>
            <ns3:cad>87</ns3:cad>
          </ns3:TrackPointExtension>
        </extensions>
      </trkpt>
      <trkpt lat="29.9952627718448638916015625" lon="120.246071778237819671630859375">
        <ele>10.19999980926513671875</ele>
        <time>2026-07-25T12:13:27.000Z</time>
        <extensions>
          <ns3:TrackPointExtension>
            <ns3:hr>152</ns3:hr>
            <ns3:cad>86</ns3:cad>
          </ns3:TrackPointExtension>
        </extensions>
      </trkpt>
      <trkpt lat="29.99524156562983989715576171875" lon="120.24606876075267791748046875">
        <ele>10.19999980926513671875</ele>
        <time>2026-07-25T12:13:28.000Z</time>
        <extensions>
          <ns3:TrackPointExtension>
            <ns3:hr>152</ns3:hr>
            <ns3:cad>86</ns3:cad>
          </ns3:TrackPointExtension>
        </extensions>
      </trkpt>
      <trkpt lat="29.99522195197641849517822265625" lon="120.2460625581443309783935546875">
        <ele>10.19999980926513671875</ele>
        <time>2026-07-25T12:13:29.000Z</time>
        <extensions>
          <ns3:TrackPointExtension>
            <ns3:hr>152</ns3:hr>
            <ns3:cad>86</ns3:cad>
          </ns3:TrackPointExtension>
        </extensions>
      </trkpt>
      <trkpt lat="29.9952037632465362548828125" lon="120.24606096558272838592529296875">
        <ele>10.19999980926513671875</ele>
        <time>2026-07-25T12:13:30.000Z</time>
        <extensions>
          <ns3:TrackPointExtension>
            <ns3:hr>153</ns3:hr>
            <ns3:cad>87</ns3:cad>
          </ns3:TrackPointExtension>
        </extensions>
      </trkpt>
      <trkpt lat="29.9951821379363536834716796875" lon="120.2460535056889057159423828125">
        <ele>10.3999996185302734375</ele>
        <time>2026-07-25T12:13:31.000Z</time>
        <extensions>
          <ns3:TrackPointExtension>
            <ns3:hr>153</ns3:hr>
            <ns3:cad>87</ns3:cad>
          </ns3:TrackPointExtension>
        </extensions>
      </trkpt>
      <trkpt lat="29.9951648712158203125" lon="120.2460501529276371002197265625">
        <ele>10.3999996185302734375</ele>
        <time>2026-07-25T12:13:32.000Z</time>
        <extensions>
          <ns3:TrackPointExtension>
            <ns3:hr>153</ns3:hr>
            <ns3:cad>87</ns3:cad>
          </ns3:TrackPointExtension>
        </extensions>
      </trkpt>
      <trkpt lat="29.99514115042984485626220703125" lon="120.24604068137705326080322265625">
        <ele>10.3999996185302734375</ele>
        <time>2026-07-25T12:13:33.000Z</time>
        <extensions>
          <ns3:TrackPointExtension>
            <ns3:hr>153</ns3:hr>
            <ns3:cad>87</ns3:cad>
          </ns3:TrackPointExtension>
        </extensions>
      </trkpt>
      <trkpt lat="29.99512271024286746978759765625" lon="120.24603883735835552215576171875">
        <ele>10.3999996185302734375</ele>
        <time>2026-07-25T12:13:34.000Z</time>
        <extensions>
          <ns3:TrackPointExtension>
            <ns3:hr>154</ns3:hr>
            <ns3:cad>87</ns3:cad>
          </ns3:TrackPointExtension>
        </extensions>
      </trkpt>
      <trkpt lat="29.99509622342884540557861328125" lon="120.2460313774645328521728515625">
        <ele>10.3999996185302734375</ele>
        <time>2026-07-25T12:13:35.000Z</time>
        <extensions>
          <ns3:TrackPointExtension>
            <ns3:hr>154</ns3:hr>
            <ns3:cad>87</ns3:cad>
          </ns3:TrackPointExtension>
        </extensions>
      </trkpt>
      <trkpt lat="29.9950788728892803192138671875" lon="120.246029198169708251953125">
        <ele>10.3999996185302734375</ele>
        <time>2026-07-25T12:13:36.000Z</time>
        <extensions>
          <ns3:TrackPointExtension>
            <ns3:hr>154</ns3:hr>
            <ns3:cad>87</ns3:cad>
          </ns3:TrackPointExtension>
        </extensions>
      </trkpt>
      <trkpt lat="29.99505531974136829376220703125" lon="120.24602584540843963623046875">
        <ele>10.3999996185302734375</ele>
        <time>2026-07-25T12:13:37.000Z</time>
        <extensions>
          <ns3:TrackPointExtension>
            <ns3:hr>154</ns3:hr>
            <ns3:cad>87</ns3:cad>
          </ns3:TrackPointExtension>
        </extensions>
      </trkpt>
      <trkpt lat="29.9950359575450420379638671875" lon="120.24602022953331470489501953125">
        <ele>10.3999996185302734375</ele>
        <time>2026-07-25T12:13:38.000Z</time>
        <extensions>
          <ns3:TrackPointExtension>
            <ns3:hr>155</ns3:hr>
            <ns3:cad>88</ns3:cad>
          </ns3:TrackPointExtension>
        </extensions>
      </trkpt>
      <trkpt lat="29.99501659534871578216552734375" lon="120.24601486511528491973876953125">
        <ele>10.3999996185302734375</ele>
        <time>2026-07-25T12:13:39.000Z</time>
        <extensions>
          <ns3:TrackPointExtension>
            <ns3:hr>155</ns3:hr>
            <ns3:cad>88</ns3:cad>
          </ns3:TrackPointExtension>
        </extensions>
      </trkpt>
      <trkpt lat="29.99499698169529438018798828125" lon="120.24600581265985965728759765625">
        <ele>10.3999996185302734375</ele>
        <time>2026-07-25T12:13:40.000Z</time>
        <extensions>
          <ns3:TrackPointExtension>
            <ns3:hr>155</ns3:hr>
            <ns3:cad>88</ns3:cad>
          </ns3:TrackPointExtension>
        </extensions>
      </trkpt>
      <trkpt lat="29.9949799664318561553955078125" lon="120.24600363336503505706787109375">
        <ele>10.3999996185302734375</ele>
        <time>2026-07-25T12:13:41.000Z</time>
        <extensions>
          <ns3:TrackPointExtension>
            <ns3:hr>155</ns3:hr>
            <ns3:cad>87</ns3:cad>
          </ns3:TrackPointExtension>
        </extensions>
      </trkpt>
      <trkpt lat="29.994958676397800445556640625" lon="120.245998017489910125732421875">
        <ele>10.6000003814697265625</ele>
        <time>2026-07-25T12:13:42.000Z</time>
        <extensions>
          <ns3:TrackPointExtension>
            <ns3:hr>155</ns3:hr>
            <ns3:cad>87</ns3:cad>
          </ns3:TrackPointExtension>
        </extensions>
      </trkpt>
      <trkpt lat="29.994943924248218536376953125" lon="120.245993994176387786865234375">
        <ele>10.3999996185302734375</ele>
        <time>2026-07-25T12:13:43.000Z</time>
        <extensions>
          <ns3:TrackPointExtension>
            <ns3:hr>155</ns3:hr>
            <ns3:cad>87</ns3:cad>
          </ns3:TrackPointExtension>
        </extensions>
      </trkpt>
      <trkpt lat="29.9949206225574016571044921875" lon="120.24598636664450168609619140625">
        <ele>10.3999996185302734375</ele>
        <time>2026-07-25T12:13:44.000Z</time>
        <extensions>
          <ns3:TrackPointExtension>
            <ns3:hr>155</ns3:hr>
            <ns3:cad>87</ns3:cad>
          </ns3:TrackPointExtension>
        </extensions>
      </trkpt>
      <trkpt lat="29.99490511603653430938720703125" lon="120.24598452262580394744873046875">
        <ele>10.3999996185302734375</ele>
        <time>2026-07-25T12:13:45.000Z</time>
        <extensions>
          <ns3:TrackPointExtension>
            <ns3:hr>155</ns3:hr>
            <ns3:cad>86</ns3:cad>
          </ns3:TrackPointExtension>
        </extensions>
      </trkpt>
      <trkpt lat="29.99488147906959056854248046875" lon="120.24597748182713985443115234375">
        <ele>10.19999980926513671875</ele>
        <time>2026-07-25T12:13:46.000Z</time>
        <extensions>
          <ns3:TrackPointExtension>
            <ns3:hr>155</ns3:hr>
            <ns3:cad>86</ns3:cad>
          </ns3:TrackPointExtension>
        </extensions>
      </trkpt>
      <trkpt lat="29.99486588872969150543212890625" lon="120.245975553989410400390625">
        <ele>10.19999980926513671875</ele>
        <time>2026-07-25T12:13:47.000Z</time>
        <extensions>
          <ns3:TrackPointExtension>
            <ns3:hr>155</ns3:hr>
            <ns3:cad>87</ns3:cad>
          </ns3:TrackPointExtension>
        </extensions>
      </trkpt>
      <trkpt lat="29.99484443105757236480712890625" lon="120.245970524847507476806640625">
        <ele>10.19999980926513671875</ele>
        <time>2026-07-25T12:13:48.000Z</time>
        <extensions>
          <ns3:TrackPointExtension>
            <ns3:hr>155</ns3:hr>
            <ns3:cad>87</ns3:cad>
          </ns3:TrackPointExtension>
        </extensions>
      </trkpt>
      <trkpt lat="29.994824230670928955078125" lon="120.24596549570560455322265625">
        <ele>10.19999980926513671875</ele>
        <time>2026-07-25T12:13:49.000Z</time>
        <extensions>
          <ns3:TrackPointExtension>
            <ns3:hr>154</ns3:hr>
            <ns3:cad>87</ns3:cad>
          </ns3:TrackPointExtension>
        </extensions>
      </trkpt>
      <trkpt lat="29.994801767170429229736328125" lon="120.24596239440143108367919921875">
        <ele>10.3999996185302734375</ele>
        <time>2026-07-25T12:13:50.000Z</time>
        <extensions>
          <ns3:TrackPointExtension>
            <ns3:hr>155</ns3:hr>
            <ns3:cad>87</ns3:cad>
          </ns3:TrackPointExtension>
        </extensions>
      </trkpt>
      <trkpt lat="29.99478005804121494293212890625" lon="120.24595535360276699066162109375">
        <ele>10.3999996185302734375</ele>
        <time>2026-07-25T12:13:51.000Z</time>
        <extensions>
          <ns3:TrackPointExtension>
            <ns3:hr>155</ns3:hr>
            <ns3:cad>87</ns3:cad>
          </ns3:TrackPointExtension>
        </extensions>
      </trkpt>
      <trkpt lat="29.9947603605687618255615234375" lon="120.24595166556537151336669921875">
        <ele>10.3999996185302734375</ele>
        <time>2026-07-25T12:13:52.000Z</time>
        <extensions>
          <ns3:TrackPointExtension>
            <ns3:hr>154</ns3:hr>
            <ns3:cad>88</ns3:cad>
          </ns3:TrackPointExtension>
        </extensions>
      </trkpt>
      <trkpt lat="29.994736723601818084716796875" lon="120.2459418587386608123779296875">
        <ele>10.3999996185302734375</ele>
        <time>2026-07-25T12:13:53.000Z</time>
        <extensions>
          <ns3:TrackPointExtension>
            <ns3:hr>154</ns3:hr>
            <ns3:cad>88</ns3:cad>
          </ns3:TrackPointExtension>
        </extensions>
      </trkpt>
      <trkpt lat="29.99472054652869701385498046875" lon="120.245941020548343658447265625">
        <ele>10.3999996185302734375</ele>
        <time>2026-07-25T12:13:54.000Z</time>
        <extensions>
          <ns3:TrackPointExtension>
            <ns3:hr>154</ns3:hr>
            <ns3:cad>88</ns3:cad>
          </ns3:TrackPointExtension>
        </extensions>
      </trkpt>
      <trkpt lat="29.9946969933807849884033203125" lon="120.24593305774033069610595703125">
        <ele>10.3999996185302734375</ele>
        <time>2026-07-25T12:13:55.000Z</time>
        <extensions>
          <ns3:TrackPointExtension>
            <ns3:hr>154</ns3:hr>
            <ns3:cad>88</ns3:cad>
          </ns3:TrackPointExtension>
        </extensions>
      </trkpt>
      <trkpt lat="29.9946825765073299407958984375" lon="120.24593004025518894195556640625">
        <ele>10.3999996185302734375</ele>
        <time>2026-07-25T12:13:56.000Z</time>
        <extensions>
          <ns3:TrackPointExtension>
            <ns3:hr>154</ns3:hr>
            <ns3:cad>87</ns3:cad>
          </ns3:TrackPointExtension>
        </extensions>
      </trkpt>
      <trkpt lat="29.9946597777307033538818359375" lon="120.24592098779976367950439453125">
        <ele>10.3999996185302734375</ele>
        <time>2026-07-25T12:13:57.000Z</time>
        <extensions>
          <ns3:TrackPointExtension>
            <ns3:hr>154</ns3:hr>
            <ns3:cad>87</ns3:cad>
          </ns3:TrackPointExtension>
        </extensions>
      </trkpt>
      <trkpt lat="29.99464452266693115234375" lon="120.24591864086687564849853515625">
        <ele>10.3999996185302734375</ele>
        <time>2026-07-25T12:13:58.000Z</time>
        <extensions>
          <ns3:TrackPointExtension>
            <ns3:hr>154</ns3:hr>
            <ns3:cad>87</ns3:cad>
          </ns3:TrackPointExtension>
        </extensions>
      </trkpt>
      <trkpt lat="29.9946252442896366119384765625" lon="120.24591386318206787109375">
        <ele>10.3999996185302734375</ele>
        <time>2026-07-25T12:13:59.000Z</time>
        <extensions>
          <ns3:TrackPointExtension>
            <ns3:hr>153</ns3:hr>
            <ns3:cad>88</ns3:cad>
          </ns3:TrackPointExtension>
        </extensions>
      </trkpt>
      <trkpt lat="29.9946078099310398101806640625" lon="120.24590405635535717010498046875">
        <ele>10.3999996185302734375</ele>
        <time>2026-07-25T12:14:00.000Z</time>
        <extensions>
          <ns3:TrackPointExtension>
            <ns3:hr>153</ns3:hr>
            <ns3:cad>88</ns3:cad>
          </ns3:TrackPointExtension>
        </extensions>
      </trkpt>
      <trkpt lat="29.99459045939147472381591796875" lon="120.24589835666120052337646484375">
        <ele>10.3999996185302734375</ele>
        <time>2026-07-25T12:14:01.000Z</time>
        <extensions>
          <ns3:TrackPointExtension>
            <ns3:hr>153</ns3:hr>
            <ns3:cad>88</ns3:cad>
          </ns3:TrackPointExtension>
        </extensions>
      </trkpt>
      <trkpt lat="29.99457235448062419891357421875" lon="120.24588930420577526092529296875">
        <ele>10.3999996185302734375</ele>
        <time>2026-07-25T12:14:02.000Z</time>
        <extensions>
          <ns3:TrackPointExtension>
            <ns3:hr>153</ns3:hr>
            <ns3:cad>88</ns3:cad>
          </ns3:TrackPointExtension>
        </extensions>
      </trkpt>
      <trkpt lat="29.9945598654448986053466796875" lon="120.2458831854164600372314453125">
        <ele>10.3999996185302734375</ele>
        <time>2026-07-25T12:14:03.000Z</time>
        <extensions>
          <ns3:TrackPointExtension>
            <ns3:hr>153</ns3:hr>
            <ns3:cad>87</ns3:cad>
          </ns3:TrackPointExtension>
        </extensions>
      </trkpt>
      <trkpt lat="29.9945397488772869110107421875" lon="120.24587371386587619781494140625">
        <ele>10.3999996185302734375</ele>
        <time>2026-07-25T12:14:04.000Z</time>
        <extensions>
          <ns3:TrackPointExtension>
            <ns3:hr>154</ns3:hr>
            <ns3:cad>86</ns3:cad>
          </ns3:TrackPointExtension>
        </extensions>
      </trkpt>
      <trkpt lat="29.9945251643657684326171875" lon="120.24586985819041728973388671875">
        <ele>10.3999996185302734375</ele>
        <time>2026-07-25T12:14:05.000Z</time>
        <extensions>
          <ns3:TrackPointExtension>
            <ns3:hr>153</ns3:hr>
            <ns3:cad>86</ns3:cad>
          </ns3:TrackPointExtension>
        </extensions>
      </trkpt>
      <trkpt lat="29.99450311996042728424072265625" lon="120.24585979990661144256591796875">
        <ele>10.6000003814697265625</ele>
        <time>2026-07-25T12:14:06.000Z</time>
        <extensions>
          <ns3:TrackPointExtension>
            <ns3:hr>154</ns3:hr>
            <ns3:cad>86</ns3:cad>
          </ns3:TrackPointExtension>
        </extensions>
      </trkpt>
      <trkpt lat="29.99448535032570362091064453125" lon="120.245853178203105926513671875">
        <ele>10.6000003814697265625</ele>
        <time>2026-07-25T12:14:07.000Z</time>
        <extensions>
          <ns3:TrackPointExtension>
            <ns3:hr>154</ns3:hr>
            <ns3:cad>86</ns3:cad>
          </ns3:TrackPointExtension>
        </extensions>
      </trkpt>
      <trkpt lat="29.99446255154907703399658203125" lon="120.2458469755947589874267578125">
        <ele>10.6000003814697265625</ele>
        <time>2026-07-25T12:14:08.000Z</time>
        <extensions>
          <ns3:TrackPointExtension>
            <ns3:hr>154</ns3:hr>
            <ns3:cad>87</ns3:cad>
          </ns3:TrackPointExtension>
        </extensions>
      </trkpt>
      <trkpt lat="29.99444142915308475494384765625" lon="120.2458365820348262786865234375">
        <ele>10.6000003814697265625</ele>
        <time>2026-07-25T12:14:09.000Z</time>
        <extensions>
          <ns3:TrackPointExtension>
            <ns3:hr>154</ns3:hr>
            <ns3:cad>87</ns3:cad>
          </ns3:TrackPointExtension>
        </extensions>
      </trkpt>
      <trkpt lat="29.9944183789193630218505859375" lon="120.2458315528929233551025390625">
        <ele>10.6000003814697265625</ele>
        <time>2026-07-25T12:14:10.000Z</time>
        <extensions>
          <ns3:TrackPointExtension>
            <ns3:hr>154</ns3:hr>
            <ns3:cad>87</ns3:cad>
          </ns3:TrackPointExtension>
        </extensions>
      </trkpt>
      <trkpt lat="29.9943952448666095733642578125" lon="120.24582308717072010040283203125">
        <ele>10.6000003814697265625</ele>
        <time>2026-07-25T12:14:11.000Z</time>
        <extensions>
          <ns3:TrackPointExtension>
            <ns3:hr>154</ns3:hr>
            <ns3:cad>87</ns3:cad>
          </ns3:TrackPointExtension>
        </extensions>
      </trkpt>
      <trkpt lat="29.994376637041568756103515625" lon="120.2458181418478488922119140625">
        <ele>10.80000019073486328125</ele>
        <time>2026-07-25T12:14:12.000Z</time>
        <extensions>
          <ns3:TrackPointExtension>
            <ns3:hr>155</ns3:hr>
            <ns3:cad>87</ns3:cad>
          </ns3:TrackPointExtension>
        </extensions>
      </trkpt>
      <trkpt lat="29.99435476027429103851318359375" lon="120.24580950848758220672607421875">
        <ele>10.80000019073486328125</ele>
        <time>2026-07-25T12:14:13.000Z</time>
        <extensions>
          <ns3:TrackPointExtension>
            <ns3:hr>155</ns3:hr>
            <ns3:cad>87</ns3:cad>
          </ns3:TrackPointExtension>
        </extensions>
      </trkpt>
      <trkpt lat="29.9943379126489162445068359375" lon="120.24580590426921844482421875">
        <ele>11</ele>
        <time>2026-07-25T12:14:14.000Z</time>
        <extensions>
          <ns3:TrackPointExtension>
            <ns3:hr>155</ns3:hr>
            <ns3:cad>87</ns3:cad>
          </ns3:TrackPointExtension>
        </extensions>
      </trkpt>
      <trkpt lat="29.9943131022155284881591796875" lon="120.2457963488996028900146484375">
        <ele>11</ele>
        <time>2026-07-25T12:14:15.000Z</time>
        <extensions>
          <ns3:TrackPointExtension>
            <ns3:hr>155</ns3:hr>
            <ns3:cad>87</ns3:cad>
          </ns3:TrackPointExtension>
        </extensions>
      </trkpt>
      <trkpt lat="29.99429642222821712493896484375" lon="120.24579383432865142822265625">
        <ele>11</ele>
        <time>2026-07-25T12:14:16.000Z</time>
        <extensions>
          <ns3:TrackPointExtension>
            <ns3:hr>156</ns3:hr>
            <ns3:cad>87</ns3:cad>
          </ns3:TrackPointExtension>
        </extensions>
      </trkpt>
      <trkpt lat="29.99427177943289279937744140625" lon="120.24578570388257503509521484375">
        <ele>11</ele>
        <time>2026-07-25T12:14:17.000Z</time>
        <extensions>
          <ns3:TrackPointExtension>
            <ns3:hr>156</ns3:hr>
            <ns3:cad>87</ns3:cad>
          </ns3:TrackPointExtension>
        </extensions>
      </trkpt>
      <trkpt lat="29.9942569434642791748046875" lon="120.245781429111957550048828125">
        <ele>11</ele>
        <time>2026-07-25T12:14:18.000Z</time>
        <extensions>
          <ns3:TrackPointExtension>
            <ns3:hr>156</ns3:hr>
            <ns3:cad>87</ns3:cad>
          </ns3:TrackPointExtension>
        </extensions>
      </trkpt>
      <trkpt lat="29.99423774890601634979248046875" lon="120.2457769028842449188232421875">
        <ele>11</ele>
        <time>2026-07-25T12:14:19.000Z</time>
        <extensions>
          <ns3:TrackPointExtension>
            <ns3:hr>156</ns3:hr>
            <ns3:cad>87</ns3:cad>
          </ns3:TrackPointExtension>
        </extensions>
      </trkpt>
      <trkpt lat="29.9942178837954998016357421875" lon="120.24576759897172451019287109375">
        <ele>11</ele>
        <time>2026-07-25T12:14:20.000Z</time>
        <extensions>
          <ns3:TrackPointExtension>
            <ns3:hr>157</ns3:hr>
            <ns3:cad>87</ns3:cad>
          </ns3:TrackPointExtension>
        </extensions>
      </trkpt>
      <trkpt lat="29.994198270142078399658203125" lon="120.24576340802013874053955078125">
        <ele>11</ele>
        <time>2026-07-25T12:14:21.000Z</time>
        <extensions>
          <ns3:TrackPointExtension>
            <ns3:hr>157</ns3:hr>
            <ns3:cad>87</ns3:cad>
          </ns3:TrackPointExtension>
        </extensions>
      </trkpt>
      <trkpt lat="29.99417773447930812835693359375" lon="120.24575217626988887786865234375">
        <ele>11</ele>
        <time>2026-07-25T12:14:22.000Z</time>
        <extensions>
          <ns3:TrackPointExtension>
            <ns3:hr>157</ns3:hr>
            <ns3:cad>87</ns3:cad>
          </ns3:TrackPointExtension>
        </extensions>
      </trkpt>
      <trkpt lat="29.99416113831102848052978515625" lon="120.24575016461312770843505859375">
        <ele>10.80000019073486328125</ele>
        <time>2026-07-25T12:14:23.000Z</time>
        <extensions>
          <ns3:TrackPointExtension>
            <ns3:hr>158</ns3:hr>
            <ns3:cad>87</ns3:cad>
          </ns3:TrackPointExtension>
        </extensions>
      </trkpt>
      <trkpt lat="29.9941384233534336090087890625" lon="120.24574060924351215362548828125">
        <ele>10.80000019073486328125</ele>
        <time>2026-07-25T12:14:24.000Z</time>
        <extensions>
          <ns3:TrackPointExtension>
            <ns3:hr>158</ns3:hr>
            <ns3:cad>87</ns3:cad>
          </ns3:TrackPointExtension>
        </extensions>
      </trkpt>
      <trkpt lat="29.99412274919450283050537109375" lon="120.24573742412030696868896484375">
        <ele>10.80000019073486328125</ele>
        <time>2026-07-25T12:14:25.000Z</time>
        <extensions>
          <ns3:TrackPointExtension>
            <ns3:hr>158</ns3:hr>
            <ns3:cad>86</ns3:cad>
          </ns3:TrackPointExtension>
        </extensions>
      </trkpt>
      <trkpt lat="29.9940981902182102203369140625" lon="120.2457323111593723297119140625">
        <ele>10.6000003814697265625</ele>
        <time>2026-07-25T12:14:26.000Z</time>
        <extensions>
          <ns3:TrackPointExtension>
            <ns3:hr>158</ns3:hr>
            <ns3:cad>87</ns3:cad>
          </ns3:TrackPointExtension>
        </extensions>
      </trkpt>
      <trkpt lat="29.9940847791731357574462890625" lon="120.2457232587039470672607421875">
        <ele>10.6000003814697265625</ele>
        <time>2026-07-25T12:14:27.000Z</time>
        <extensions>
          <ns3:TrackPointExtension>
            <ns3:hr>157</ns3:hr>
            <ns3:cad>87</ns3:cad>
          </ns3:TrackPointExtension>
        </extensions>
      </trkpt>
      <trkpt lat="29.99406047165393829345703125" lon="120.24571211077272891998291015625">
        <ele>10.6000003814697265625</ele>
        <time>2026-07-25T12:14:28.000Z</time>
        <extensions>
          <ns3:TrackPointExtension>
            <ns3:hr>158</ns3:hr>
            <ns3:cad>87</ns3:cad>
          </ns3:TrackPointExtension>
        </extensions>
      </trkpt>
      <trkpt lat="29.99404479749500751495361328125" lon="120.24570490233600139617919921875">
        <ele>10.6000003814697265625</ele>
        <time>2026-07-25T12:14:29.000Z</time>
        <extensions>
          <ns3:TrackPointExtension>
            <ns3:hr>158</ns3:hr>
            <ns3:cad>87</ns3:cad>
          </ns3:TrackPointExtension>
        </extensions>
      </trkpt>
      <trkpt lat="29.99402317218482494354248046875" lon="120.24569928646087646484375">
        <ele>10.6000003814697265625</ele>
        <time>2026-07-25T12:14:30.000Z</time>
        <extensions>
          <ns3:TrackPointExtension>
            <ns3:hr>158</ns3:hr>
            <ns3:cad>88</ns3:cad>
          </ns3:TrackPointExtension>
        </extensions>
      </trkpt>
      <trkpt lat="29.99400691129267215728759765625" lon="120.24568855762481689453125">
        <ele>10.6000003814697265625</ele>
        <time>2026-07-25T12:14:31.000Z</time>
        <extensions>
          <ns3:TrackPointExtension>
            <ns3:hr>157</ns3:hr>
            <ns3:cad>88</ns3:cad>
          </ns3:TrackPointExtension>
        </extensions>
      </trkpt>
      <trkpt lat="29.9939852021634578704833984375" lon="120.2456791698932647705078125">
        <ele>10.6000003814697265625</ele>
        <time>2026-07-25T12:14:32.000Z</time>
        <extensions>
          <ns3:TrackPointExtension>
            <ns3:hr>157</ns3:hr>
            <ns3:cad>88</ns3:cad>
          </ns3:TrackPointExtension>
        </extensions>
      </trkpt>
      <trkpt lat="29.9939672648906707763671875" lon="120.24567103944718837738037109375">
        <ele>10.6000003814697265625</ele>
        <time>2026-07-25T12:14:33.000Z</time>
        <extensions>
          <ns3:TrackPointExtension>
            <ns3:hr>157</ns3:hr>
            <ns3:cad>88</ns3:cad>
          </ns3:TrackPointExtension>
        </extensions>
      </trkpt>
      <trkpt lat="29.9939486570656299591064453125" lon="120.2456662617623805999755859375">
        <ele>10.6000003814697265625</ele>
        <time>2026-07-25T12:14:34.000Z</time>
        <extensions>
          <ns3:TrackPointExtension>
            <ns3:hr>156</ns3:hr>
            <ns3:cad>88</ns3:cad>
          </ns3:TrackPointExtension>
        </extensions>
      </trkpt>
      <trkpt lat="29.99393046833574771881103515625" lon="120.24565662257373332977294921875">
        <ele>10.6000003814697265625</ele>
        <time>2026-07-25T12:14:35.000Z</time>
        <extensions>
          <ns3:TrackPointExtension>
            <ns3:hr>156</ns3:hr>
            <ns3:cad>88</ns3:cad>
          </ns3:TrackPointExtension>
        </extensions>
      </trkpt>
      <trkpt lat="29.99391202814877033233642578125" lon="120.2456525154411792755126953125">
        <ele>10.6000003814697265625</ele>
        <time>2026-07-25T12:14:36.000Z</time>
        <extensions>
          <ns3:TrackPointExtension>
            <ns3:hr>156</ns3:hr>
            <ns3:cad>88</ns3:cad>
          </ns3:TrackPointExtension>
        </extensions>
      </trkpt>
      <trkpt lat="29.993888475000858306884765625" lon="120.24564187042415142059326171875">
        <ele>10.6000003814697265625</ele>
        <time>2026-07-25T12:14:37.000Z</time>
        <extensions>
          <ns3:TrackPointExtension>
            <ns3:hr>156</ns3:hr>
            <ns3:cad>88</ns3:cad>
          </ns3:TrackPointExtension>
        </extensions>
      </trkpt>
      <trkpt lat="29.99386944808065891265869140625" lon="120.2456354163587093353271484375">
        <ele>10.6000003814697265625</ele>
        <time>2026-07-25T12:14:38.000Z</time>
        <extensions>
          <ns3:TrackPointExtension>
            <ns3:hr>156</ns3:hr>
            <ns3:cad>88</ns3:cad>
          </ns3:TrackPointExtension>
        </extensions>
      </trkpt>
      <trkpt lat="29.9938465654850006103515625" lon="120.24562376551330089569091796875">
        <ele>10.6000003814697265625</ele>
        <time>2026-07-25T12:14:39.000Z</time>
        <extensions>
          <ns3:TrackPointExtension>
            <ns3:hr>155</ns3:hr>
            <ns3:cad>88</ns3:cad>
          </ns3:TrackPointExtension>
        </extensions>
      </trkpt>
      <trkpt lat="29.9938309751451015472412109375" lon="120.24562292732298374176025390625">
        <ele>10.6000003814697265625</ele>
        <time>2026-07-25T12:14:40.000Z</time>
        <extensions>
          <ns3:TrackPointExtension>
            <ns3:hr>155</ns3:hr>
            <ns3:cad>87</ns3:cad>
          </ns3:TrackPointExtension>
        </extensions>
      </trkpt>
      <trkpt lat="29.99380163848400115966796875" lon="120.24561538361012935638427734375">
        <ele>10.6000003814697265625</ele>
        <time>2026-07-25T12:14:41.000Z</time>
        <extensions>
          <ns3:TrackPointExtension>
            <ns3:hr>155</ns3:hr>
            <ns3:cad>87</ns3:cad>
          </ns3:TrackPointExtension>
        </extensions>
      </trkpt>
      <trkpt lat="29.9937850423157215118408203125" lon="120.2456096000969409942626953125">
        <ele>10.6000003814697265625</ele>
        <time>2026-07-25T12:14:42.000Z</time>
        <extensions>
          <ns3:TrackPointExtension>
            <ns3:hr>154</ns3:hr>
            <ns3:cad>87</ns3:cad>
          </ns3:TrackPointExtension>
        </extensions>
      </trkpt>
      <trkpt lat="29.99375872313976287841796875" lon="120.24559828452765941619873046875">
        <ele>10.6000003814697265625</ele>
        <time>2026-07-25T12:14:43.000Z</time>
        <extensions>
          <ns3:TrackPointExtension>
            <ns3:hr>154</ns3:hr>
            <ns3:cad>88</ns3:cad>
          </ns3:TrackPointExtension>
        </extensions>
      </trkpt>
      <trkpt lat="29.9937417916953563690185546875" lon="120.24559191428124904632568359375">
        <ele>10.6000003814697265625</ele>
        <time>2026-07-25T12:14:44.000Z</time>
        <extensions>
          <ns3:TrackPointExtension>
            <ns3:hr>154</ns3:hr>
            <ns3:cad>88</ns3:cad>
          </ns3:TrackPointExtension>
        </extensions>
      </trkpt>
      <trkpt lat="29.99372008256614208221435546875" lon="120.245578251779079437255859375">
        <ele>10.6000003814697265625</ele>
        <time>2026-07-25T12:14:45.000Z</time>
        <extensions>
          <ns3:TrackPointExtension>
            <ns3:hr>153</ns3:hr>
            <ns3:cad>88</ns3:cad>
          </ns3:TrackPointExtension>
        </extensions>
      </trkpt>
      <trkpt lat="29.9936968646943569183349609375" lon="120.24556852877140045166015625">
        <ele>10.80000019073486328125</ele>
        <time>2026-07-25T12:14:46.000Z</time>
        <extensions>
          <ns3:TrackPointExtension>
            <ns3:hr>153</ns3:hr>
            <ns3:cad>88</ns3:cad>
          </ns3:TrackPointExtension>
        </extensions>
      </trkpt>
      <trkpt lat="29.993676245212554931640625" lon="120.24556090123951435089111328125">
        <ele>10.80000019073486328125</ele>
        <time>2026-07-25T12:14:47.000Z</time>
        <extensions>
          <ns3:TrackPointExtension>
            <ns3:hr>153</ns3:hr>
            <ns3:cad>88</ns3:cad>
          </ns3:TrackPointExtension>
        </extensions>
      </trkpt>
      <trkpt lat="29.99365621246397495269775390625" lon="120.24555117823183536529541015625">
        <ele>10.80000019073486328125</ele>
        <time>2026-07-25T12:14:48.000Z</time>
        <extensions>
          <ns3:TrackPointExtension>
            <ns3:hr>153</ns3:hr>
            <ns3:cad>87</ns3:cad>
          </ns3:TrackPointExtension>
        </extensions>
      </trkpt>
      <trkpt lat="29.99363743700087070465087890625" lon="120.2455452270805835723876953125">
        <ele>10.80000019073486328125</ele>
        <time>2026-07-25T12:14:49.000Z</time>
        <extensions>
          <ns3:TrackPointExtension>
            <ns3:hr>153</ns3:hr>
            <ns3:cad>87</ns3:cad>
          </ns3:TrackPointExtension>
        </extensions>
      </trkpt>
      <trkpt lat="29.9936207570135593414306640625" lon="120.2455361746251583099365234375">
        <ele>10.80000019073486328125</ele>
        <time>2026-07-25T12:14:50.000Z</time>
        <extensions>
          <ns3:TrackPointExtension>
            <ns3:hr>152</ns3:hr>
            <ns3:cad>87</ns3:cad>
          </ns3:TrackPointExtension>
        </extensions>
      </trkpt>
      <trkpt lat="29.99359938316047191619873046875" lon="120.24552905000746250152587890625">
        <ele>10.6000003814697265625</ele>
        <time>2026-07-25T12:14:51.000Z</time>
        <extensions>
          <ns3:TrackPointExtension>
            <ns3:hr>152</ns3:hr>
            <ns3:cad>87</ns3:cad>
          </ns3:TrackPointExtension>
        </extensions>
      </trkpt>
      <trkpt lat="29.99357909895479679107666015625" lon="120.245512537658214569091796875">
        <ele>10.3999996185302734375</ele>
        <time>2026-07-25T12:14:52.000Z</time>
        <extensions>
          <ns3:TrackPointExtension>
            <ns3:hr>152</ns3:hr>
            <ns3:cad>0</ns3:cad>
          </ns3:TrackPointExtension>
        </extensions>
      </trkpt>
      <trkpt lat="29.99355931766331195831298828125" lon="120.2455036528408527374267578125">
        <ele>10.3999996185302734375</ele>
        <time>2026-07-25T12:14:53.000Z</time>
        <extensions>
          <ns3:TrackPointExtension>
            <ns3:hr>152</ns3:hr>
            <ns3:cad>0</ns3:cad>
          </ns3:TrackPointExtension>
        </extensions>
      </trkpt>
      <trkpt lat="29.993531741201877593994140625" lon="120.24548646993935108184814453125">
        <ele>10.19999980926513671875</ele>
        <time>2026-07-25T12:14:54.000Z</time>
        <extensions>
          <ns3:TrackPointExtension>
            <ns3:hr>153</ns3:hr>
            <ns3:cad>86</ns3:cad>
          </ns3:TrackPointExtension>
        </extensions>
      </trkpt>
      <trkpt lat="29.993515312671661376953125" lon="120.2454801835119724273681640625">
        <ele>10.19999980926513671875</ele>
        <time>2026-07-25T12:14:55.000Z</time>
        <extensions>
          <ns3:TrackPointExtension>
            <ns3:hr>153</ns3:hr>
            <ns3:cad>86</ns3:cad>
          </ns3:TrackPointExtension>
        </extensions>
      </trkpt>
      <trkpt lat="29.9934886582195758819580078125" lon="120.24546903558075428009033203125">
        <ele>10.19999980926513671875</ele>
        <time>2026-07-25T12:14:56.000Z</time>
        <extensions>
          <ns3:TrackPointExtension>
            <ns3:hr>154</ns3:hr>
            <ns3:cad>86</ns3:cad>
          </ns3:TrackPointExtension>
        </extensions>
      </trkpt>
      <trkpt lat="29.9934708885848522186279296875" lon="120.2454587258398532867431640625">
        <ele>10.19999980926513671875</ele>
        <time>2026-07-25T12:14:57.000Z</time>
        <extensions>
          <ns3:TrackPointExtension>
            <ns3:hr>154</ns3:hr>
            <ns3:cad>86</ns3:cad>
          </ns3:TrackPointExtension>
        </extensions>
      </trkpt>
      <trkpt lat="29.99344985000789165496826171875" lon="120.24545495398342609405517578125">
        <ele>10.19999980926513671875</ele>
        <time>2026-07-25T12:14:58.000Z</time>
        <extensions>
          <ns3:TrackPointExtension>
            <ns3:hr>155</ns3:hr>
            <ns3:cad>86</ns3:cad>
          </ns3:TrackPointExtension>
        </extensions>
      </trkpt>
      <trkpt lat="29.9934286437928676605224609375" lon="120.2454431354999542236328125">
        <ele>10.19999980926513671875</ele>
        <time>2026-07-25T12:14:59.000Z</time>
        <extensions>
          <ns3:TrackPointExtension>
            <ns3:hr>156</ns3:hr>
            <ns3:cad>86</ns3:cad>
          </ns3:TrackPointExtension>
        </extensions>
      </trkpt>
      <trkpt lat="29.9934085272252559661865234375" lon="120.2454365976154804229736328125">
        <ele>10.19999980926513671875</ele>
        <time>2026-07-25T12:15:00.000Z</time>
        <extensions>
          <ns3:TrackPointExtension>
            <ns3:hr>156</ns3:hr>
            <ns3:cad>86</ns3:cad>
          </ns3:TrackPointExtension>
        </extensions>
      </trkpt>
      <trkpt lat="29.9933843873441219329833984375" lon="120.24542427621781826019287109375">
        <ele>10.19999980926513671875</ele>
        <time>2026-07-25T12:15:01.000Z</time>
        <extensions>
          <ns3:TrackPointExtension>
            <ns3:hr>157</ns3:hr>
            <ns3:cad>86</ns3:cad>
          </ns3:TrackPointExtension>
        </extensions>
      </trkpt>
      <trkpt lat="29.99336821027100086212158203125" lon="120.24541656486690044403076171875">
        <ele>10.19999980926513671875</ele>
        <time>2026-07-25T12:15:02.000Z</time>
        <extensions>
          <ns3:TrackPointExtension>
            <ns3:hr>158</ns3:hr>
            <ns3:cad>86</ns3:cad>
          </ns3:TrackPointExtension>
        </extensions>
      </trkpt>
      <trkpt lat="29.99334172345697879791259765625" lon="120.245399884879589080810546875">
        <ele>10.19999980926513671875</ele>
        <time>2026-07-25T12:15:03.000Z</time>
        <extensions>
          <ns3:TrackPointExtension>
            <ns3:hr>158</ns3:hr>
            <ns3:cad>87</ns3:cad>
          </ns3:TrackPointExtension>
        </extensions>
      </trkpt>
      <trkpt lat="29.993323870003223419189453125" lon="120.245390497148036956787109375">
        <ele>10.19999980926513671875</ele>
        <time>2026-07-25T12:15:04.000Z</time>
        <extensions>
          <ns3:TrackPointExtension>
            <ns3:hr>158</ns3:hr>
            <ns3:cad>87</ns3:cad>
          </ns3:TrackPointExtension>
        </extensions>
      </trkpt>
      <trkpt lat="29.99329981394112110137939453125" lon="120.2453799359500408172607421875">
        <ele>10.19999980926513671875</ele>
        <time>2026-07-25T12:15:05.000Z</time>
        <extensions>
          <ns3:TrackPointExtension>
            <ns3:hr>159</ns3:hr>
            <ns3:cad>87</ns3:cad>
          </ns3:TrackPointExtension>
        </extensions>
      </trkpt>
      <trkpt lat="29.993283636868000030517578125" lon="120.24536878801882266998291015625">
        <ele>10.19999980926513671875</ele>
        <time>2026-07-25T12:15:06.000Z</time>
        <extensions>
          <ns3:TrackPointExtension>
            <ns3:hr>159</ns3:hr>
            <ns3:cad>87</ns3:cad>
          </ns3:TrackPointExtension>
        </extensions>
      </trkpt>
      <trkpt lat="29.9932643584907054901123046875" lon="120.24535940028727054595947265625">
        <ele>10.3999996185302734375</ele>
        <time>2026-07-25T12:15:07.000Z</time>
        <extensions>
          <ns3:TrackPointExtension>
            <ns3:hr>159</ns3:hr>
            <ns3:cad>87</ns3:cad>
          </ns3:TrackPointExtension>
        </extensions>
      </trkpt>
      <trkpt lat="29.99324751086533069610595703125" lon="120.24534598924219608306884765625">
        <ele>10.19999980926513671875</ele>
        <time>2026-07-25T12:15:08.000Z</time>
        <extensions>
          <ns3:TrackPointExtension>
            <ns3:hr>160</ns3:hr>
            <ns3:cad>87</ns3:cad>
          </ns3:TrackPointExtension>
        </extensions>
      </trkpt>
      <trkpt lat="29.99323024414479732513427734375" lon="120.24533827789127826690673828125">
        <ele>10.19999980926513671875</ele>
        <time>2026-07-25T12:15:09.000Z</time>
        <extensions>
          <ns3:TrackPointExtension>
            <ns3:hr>160</ns3:hr>
            <ns3:cad>87</ns3:cad>
          </ns3:TrackPointExtension>
        </extensions>
      </trkpt>
      <trkpt lat="29.99321012757718563079833984375" lon="120.24532704614102840423583984375">
        <ele>10.19999980926513671875</ele>
        <time>2026-07-25T12:15:10.000Z</time>
        <extensions>
          <ns3:TrackPointExtension>
            <ns3:hr>160</ns3:hr>
            <ns3:cad>87</ns3:cad>
          </ns3:TrackPointExtension>
        </extensions>
      </trkpt>
      <trkpt lat="29.99319302849471569061279296875" lon="120.2453222684562206268310546875">
        <ele>10.19999980926513671875</ele>
        <time>2026-07-25T12:15:11.000Z</time>
        <extensions>
          <ns3:TrackPointExtension>
            <ns3:hr>160</ns3:hr>
            <ns3:cad>87</ns3:cad>
          </ns3:TrackPointExtension>
        </extensions>
      </trkpt>
      <trkpt lat="29.99316737987101078033447265625" lon="120.24531145580112934112548828125">
        <ele>10.19999980926513671875</ele>
        <time>2026-07-25T12:15:12.000Z</time>
        <extensions>
          <ns3:TrackPointExtension>
            <ns3:hr>160</ns3:hr>
            <ns3:cad>87</ns3:cad>
          </ns3:TrackPointExtension>
        </extensions>
      </trkpt>
      <trkpt lat="29.9931517057120800018310546875" lon="120.245301984250545501708984375">
        <ele>10.3999996185302734375</ele>
        <time>2026-07-25T12:15:13.000Z</time>
        <extensions>
          <ns3:TrackPointExtension>
            <ns3:hr>161</ns3:hr>
            <ns3:cad>87</ns3:cad>
          </ns3:TrackPointExtension>
        </extensions>
      </trkpt>
      <trkpt lat="29.9931275658309459686279296875" lon="120.2452875673770904541015625">
        <ele>10.3999996185302734375</ele>
        <time>2026-07-25T12:15:14.000Z</time>
        <extensions>
          <ns3:TrackPointExtension>
            <ns3:hr>160</ns3:hr>
            <ns3:cad>87</ns3:cad>
          </ns3:TrackPointExtension>
        </extensions>
      </trkpt>
      <trkpt lat="29.99311004765331745147705078125" lon="120.24528044275939464569091796875">
        <ele>10.3999996185302734375</ele>
        <time>2026-07-25T12:15:15.000Z</time>
        <extensions>
          <ns3:TrackPointExtension>
            <ns3:hr>160</ns3:hr>
            <ns3:cad>87</ns3:cad>
          </ns3:TrackPointExtension>
        </extensions>
      </trkpt>
      <trkpt lat="29.99308775179088115692138671875" lon="120.245269127190113067626953125">
        <ele>10.3999996185302734375</ele>
        <time>2026-07-25T12:15:16.000Z</time>
        <extensions>
          <ns3:TrackPointExtension>
            <ns3:hr>161</ns3:hr>
            <ns3:cad>86</ns3:cad>
          </ns3:TrackPointExtension>
        </extensions>
      </trkpt>
      <trkpt lat="29.9930709041655063629150390625" lon="120.245255045592784881591796875">
        <ele>10.3999996185302734375</ele>
        <time>2026-07-25T12:15:17.000Z</time>
        <extensions>
          <ns3:TrackPointExtension>
            <ns3:hr>160</ns3:hr>
            <ns3:cad>86</ns3:cad>
          </ns3:TrackPointExtension>
        </extensions>
      </trkpt>
      <trkpt lat="29.99305254779756069183349609375" lon="120.24524657987058162689208984375">
        <ele>10.19999980926513671875</ele>
        <time>2026-07-25T12:15:18.000Z</time>
        <extensions>
          <ns3:TrackPointExtension>
            <ns3:hr>160</ns3:hr>
            <ns3:cad>86</ns3:cad>
          </ns3:TrackPointExtension>
        </extensions>
      </trkpt>
      <trkpt lat="29.99303427524864673614501953125" lon="120.2452317439019680023193359375">
        <ele>10.19999980926513671875</ele>
        <time>2026-07-25T12:15:19.000Z</time>
        <extensions>
          <ns3:TrackPointExtension>
            <ns3:hr>160</ns3:hr>
            <ns3:cad>87</ns3:cad>
          </ns3:TrackPointExtension>
        </extensions>
      </trkpt>
      <trkpt lat="29.9930169247090816497802734375" lon="120.2452257089316844940185546875">
        <ele>10.19999980926513671875</ele>
        <time>2026-07-25T12:15:20.000Z</time>
        <extensions>
          <ns3:TrackPointExtension>
            <ns3:hr>160</ns3:hr>
            <ns3:cad>87</ns3:cad>
          </ns3:TrackPointExtension>
        </extensions>
      </trkpt>
      <trkpt lat="29.99299068935215473175048828125" lon="120.2452133037149906158447265625">
        <ele>10.19999980926513671875</ele>
        <time>2026-07-25T12:15:21.000Z</time>
        <extensions>
          <ns3:TrackPointExtension>
            <ns3:hr>159</ns3:hr>
            <ns3:cad>87</ns3:cad>
          </ns3:TrackPointExtension>
        </extensions>
      </trkpt>
      <trkpt lat="29.9929716624319553375244140625" lon="120.24520534090697765350341796875">
        <ele>10.3999996185302734375</ele>
        <time>2026-07-25T12:15:22.000Z</time>
        <extensions>
          <ns3:TrackPointExtension>
            <ns3:hr>159</ns3:hr>
            <ns3:cad>87</ns3:cad>
          </ns3:TrackPointExtension>
        </extensions>
      </trkpt>
      <trkpt lat="29.9929498694837093353271484375" lon="120.24519293569028377532958984375">
        <ele>10.3999996185302734375</ele>
        <time>2026-07-25T12:15:23.000Z</time>
        <extensions>
          <ns3:TrackPointExtension>
            <ns3:hr>159</ns3:hr>
            <ns3:cad>87</ns3:cad>
          </ns3:TrackPointExtension>
        </extensions>
      </trkpt>
      <trkpt lat="29.9929317645728588104248046875" lon="120.24519042111933231353759765625">
        <ele>10.6000003814697265625</ele>
        <time>2026-07-25T12:15:24.000Z</time>
        <extensions>
          <ns3:TrackPointExtension>
            <ns3:hr>159</ns3:hr>
            <ns3:cad>87</ns3:cad>
          </ns3:TrackPointExtension>
        </extensions>
      </trkpt>
      <trkpt lat="29.992910139262676239013671875" lon="120.24517600424587726593017578125">
        <ele>10.6000003814697265625</ele>
        <time>2026-07-25T12:15:25.000Z</time>
        <extensions>
          <ns3:TrackPointExtension>
            <ns3:hr>159</ns3:hr>
            <ns3:cad>87</ns3:cad>
          </ns3:TrackPointExtension>
        </extensions>
      </trkpt>
      <trkpt lat="29.99289178289473056793212890625" lon="120.24516494013369083404541015625">
        <ele>10.6000003814697265625</ele>
        <time>2026-07-25T12:15:26.000Z</time>
        <extensions>
          <ns3:TrackPointExtension>
            <ns3:hr>159</ns3:hr>
            <ns3:cad>89</ns3:cad>
          </ns3:TrackPointExtension>
        </extensions>
      </trkpt>
      <trkpt lat="29.992874599993228912353515625" lon="120.2451539598405361175537109375">
        <ele>10.6000003814697265625</ele>
        <time>2026-07-25T12:15:27.000Z</time>
        <extensions>
          <ns3:TrackPointExtension>
            <ns3:hr>159</ns3:hr>
            <ns3:cad>89</ns3:cad>
          </ns3:TrackPointExtension>
        </extensions>
      </trkpt>
      <trkpt lat="29.9928630329668521881103515625" lon="120.24514147080481052398681640625">
        <ele>10.6000003814697265625</ele>
        <time>2026-07-25T12:15:28.000Z</time>
        <extensions>
          <ns3:TrackPointExtension>
            <ns3:hr>159</ns3:hr>
            <ns3:cad>89</ns3:cad>
          </ns3:TrackPointExtension>
        </extensions>
      </trkpt>
      <trkpt lat="29.99284752644598484039306640625" lon="120.24512998759746551513671875">
        <ele>10.3999996185302734375</ele>
        <time>2026-07-25T12:15:29.000Z</time>
        <extensions>
          <ns3:TrackPointExtension>
            <ns3:hr>159</ns3:hr>
            <ns3:cad>89</ns3:cad>
          </ns3:TrackPointExtension>
        </extensions>
      </trkpt>
      <trkpt lat="29.9928295053541660308837890625" lon="120.24511263705790042877197265625">
        <ele>10.3999996185302734375</ele>
        <time>2026-07-25T12:15:30.000Z</time>
        <extensions>
          <ns3:TrackPointExtension>
            <ns3:hr>159</ns3:hr>
            <ns3:cad>89</ns3:cad>
          </ns3:TrackPointExtension>
        </extensions>
      </trkpt>
      <trkpt lat="29.9928192794322967529296875" lon="120.24510324932634830474853515625">
        <ele>10.3999996185302734375</ele>
        <time>2026-07-25T12:15:31.000Z</time>
        <extensions>
          <ns3:TrackPointExtension>
            <ns3:hr>160</ns3:hr>
            <ns3:cad>89</ns3:cad>
          </ns3:TrackPointExtension>
        </extensions>
      </trkpt>
      <trkpt lat="29.9927979893982410430908203125" lon="120.24509319104254245758056640625">
        <ele>10.19999980926513671875</ele>
        <time>2026-07-25T12:15:32.000Z</time>
        <extensions>
          <ns3:TrackPointExtension>
            <ns3:hr>159</ns3:hr>
            <ns3:cad>89</ns3:cad>
          </ns3:TrackPointExtension>
        </extensions>
      </trkpt>
      <trkpt lat="29.992781393229961395263671875" lon="120.24508573114871978759765625">
        <ele>10.19999980926513671875</ele>
        <time>2026-07-25T12:15:33.000Z</time>
        <extensions>
          <ns3:TrackPointExtension>
            <ns3:hr>159</ns3:hr>
            <ns3:cad>89</ns3:cad>
          </ns3:TrackPointExtension>
        </extensions>
      </trkpt>
      <trkpt lat="29.99276152811944484710693359375" lon="120.2450795285403728485107421875">
        <ele>10.19999980926513671875</ele>
        <time>2026-07-25T12:15:34.000Z</time>
        <extensions>
          <ns3:TrackPointExtension>
            <ns3:hr>159</ns3:hr>
            <ns3:cad>86</ns3:cad>
          </ns3:TrackPointExtension>
        </extensions>
      </trkpt>
      <trkpt lat="29.9927409924566745758056640625" lon="120.2450708113610744476318359375">
        <ele>10.19999980926513671875</ele>
        <time>2026-07-25T12:15:35.000Z</time>
        <extensions>
          <ns3:TrackPointExtension>
            <ns3:hr>159</ns3:hr>
            <ns3:cad>85</ns3:cad>
          </ns3:TrackPointExtension>
        </extensions>
      </trkpt>
      <trkpt lat="29.992725066840648651123046875" lon="120.24506653659045696258544921875">
        <ele>10.19999980926513671875</ele>
        <time>2026-07-25T12:15:36.000Z</time>
        <extensions>
          <ns3:TrackPointExtension>
            <ns3:hr>159</ns3:hr>
            <ns3:cad>84</ns3:cad>
          </ns3:TrackPointExtension>
        </extensions>
      </trkpt>
      <trkpt lat="29.99270000495016574859619140625" lon="120.2450563944876194000244140625">
        <ele>10.19999980926513671875</ele>
        <time>2026-07-25T12:15:37.000Z</time>
        <extensions>
          <ns3:TrackPointExtension>
            <ns3:hr>160</ns3:hr>
            <ns3:cad>84</ns3:cad>
          </ns3:TrackPointExtension>
        </extensions>
      </trkpt>
      <trkpt lat="29.9926853366196155548095703125" lon="120.24505354464054107666015625">
        <ele>10.19999980926513671875</ele>
        <time>2026-07-25T12:15:38.000Z</time>
        <extensions>
          <ns3:TrackPointExtension>
            <ns3:hr>159</ns3:hr>
            <ns3:cad>84</ns3:cad>
          </ns3:TrackPointExtension>
        </extensions>
      </trkpt>
      <trkpt lat="29.99266027472913265228271484375" lon="120.24504558183252811431884765625">
        <ele>10.19999980926513671875</ele>
        <time>2026-07-25T12:15:39.000Z</time>
        <extensions>
          <ns3:TrackPointExtension>
            <ns3:hr>159</ns3:hr>
            <ns3:cad>85</ns3:cad>
          </ns3:TrackPointExtension>
        </extensions>
      </trkpt>
      <trkpt lat="29.99263890087604522705078125" lon="120.245036445558071136474609375">
        <ele>10.19999980926513671875</ele>
        <time>2026-07-25T12:15:40.000Z</time>
        <extensions>
          <ns3:TrackPointExtension>
            <ns3:hr>159</ns3:hr>
            <ns3:cad>85</ns3:cad>
          </ns3:TrackPointExtension>
        </extensions>
      </trkpt>
      <trkpt lat="29.9926172755658626556396484375" lon="120.24503233842551708221435546875">
        <ele>10.19999980926513671875</ele>
        <time>2026-07-25T12:15:41.000Z</time>
        <extensions>
          <ns3:TrackPointExtension>
            <ns3:hr>159</ns3:hr>
            <ns3:cad>85</ns3:cad>
          </ns3:TrackPointExtension>
        </extensions>
      </trkpt>
      <trkpt lat="29.992603361606597900390625" lon="120.245031416416168212890625">
        <ele>10.3999996185302734375</ele>
        <time>2026-07-25T12:15:42.000Z</time>
        <extensions>
          <ns3:TrackPointExtension>
            <ns3:hr>158</ns3:hr>
            <ns3:cad>86</ns3:cad>
          </ns3:TrackPointExtension>
        </extensions>
      </trkpt>
      <trkpt lat="29.9925911240279674530029296875" lon="120.24502680636942386627197265625">
        <ele>10.6000003814697265625</ele>
        <time>2026-07-25T12:15:43.000Z</time>
        <extensions>
          <ns3:TrackPointExtension>
            <ns3:hr>158</ns3:hr>
            <ns3:cad>86</ns3:cad>
          </ns3:TrackPointExtension>
        </extensions>
      </trkpt>
      <trkpt lat="29.9925834126770496368408203125" lon="120.2450188435614109039306640625">
        <ele>10.6000003814697265625</ele>
        <time>2026-07-25T12:15:44.000Z</time>
        <extensions>
          <ns3:TrackPointExtension>
            <ns3:hr>158</ns3:hr>
            <ns3:cad>86</ns3:cad>
          </ns3:TrackPointExtension>
        </extensions>
      </trkpt>
      <trkpt lat="29.99257930554449558258056640625" lon="120.24501088075339794158935546875">
        <ele>10.80000019073486328125</ele>
        <time>2026-07-25T12:15:45.000Z</time>
        <extensions>
          <ns3:TrackPointExtension>
            <ns3:hr>158</ns3:hr>
            <ns3:cad>86</ns3:cad>
          </ns3:TrackPointExtension>
        </extensions>
      </trkpt>
      <trkpt lat="29.9925740249454975128173828125" lon="120.24500124156475067138671875">
        <ele>10.80000019073486328125</ele>
        <time>2026-07-25T12:15:46.000Z</time>
        <extensions>
          <ns3:TrackPointExtension>
            <ns3:hr>158</ns3:hr>
            <ns3:cad>86</ns3:cad>
          </ns3:TrackPointExtension>
        </extensions>
      </trkpt>
      <trkpt lat="29.9925671517848968505859375" lon="120.24499143473803997039794921875">
        <ele>10.80000019073486328125</ele>
        <time>2026-07-25T12:15:47.000Z</time>
        <extensions>
          <ns3:TrackPointExtension>
            <ns3:hr>157</ns3:hr>
            <ns3:cad>0</ns3:cad>
          </ns3:TrackPointExtension>
        </extensions>
      </trkpt>
      <trkpt lat="29.99255801551043987274169921875" lon="120.24498523212969303131103515625">
        <ele>10.80000019073486328125</ele>
        <time>2026-07-25T12:15:48.000Z</time>
        <extensions>
          <ns3:TrackPointExtension>
            <ns3:hr>157</ns3:hr>
            <ns3:cad>0</ns3:cad>
          </ns3:TrackPointExtension>
        </extensions>
      </trkpt>
      <trkpt lat="29.99254879541695117950439453125" lon="120.2449789457023143768310546875">
        <ele>10.80000019073486328125</ele>
        <time>2026-07-25T12:15:49.000Z</time>
        <extensions>
          <ns3:TrackPointExtension>
            <ns3:hr>157</ns3:hr>
            <ns3:cad>0</ns3:cad>
          </ns3:TrackPointExtension>
        </extensions>
      </trkpt>
      <trkpt lat="29.9925381503999233245849609375" lon="120.24497148580849170684814453125">
        <ele>10.6000003814697265625</ele>
        <time>2026-07-25T12:15:50.000Z</time>
        <extensions>
          <ns3:TrackPointExtension>
            <ns3:hr>156</ns3:hr>
            <ns3:cad>0</ns3:cad>
          </ns3:TrackPointExtension>
        </extensions>
      </trkpt>
      <trkpt lat="29.99253354035317897796630859375" lon="120.244964696466922760009765625">
        <ele>10.6000003814697265625</ele>
        <time>2026-07-25T12:15:51.000Z</time>
        <extensions>
          <ns3:TrackPointExtension>
            <ns3:hr>156</ns3:hr>
            <ns3:cad>0</ns3:cad>
          </ns3:TrackPointExtension>
        </extensions>
      </trkpt>
      <trkpt lat="29.99252398498356342315673828125" lon="120.24495153687894344329833984375">
        <ele>10.6000003814697265625</ele>
        <time>2026-07-25T12:15:52.000Z</time>
        <extensions>
          <ns3:TrackPointExtension>
            <ns3:hr>156</ns3:hr>
            <ns3:cad>0</ns3:cad>
          </ns3:TrackPointExtension>
        </extensions>
      </trkpt>
      <trkpt lat="29.99251359142363071441650390625" lon="120.24493980221450328826904296875">
        <ele>10.3999996185302734375</ele>
        <time>2026-07-25T12:15:53.000Z</time>
        <extensions>
          <ns3:TrackPointExtension>
            <ns3:hr>155</ns3:hr>
            <ns3:cad>0</ns3:cad>
          </ns3:TrackPointExtension>
        </extensions>
      </trkpt>
      <trkpt lat="29.99250235967338085174560546875" lon="120.24493016302585601806640625">
        <ele>10.3999996185302734375</ele>
        <time>2026-07-25T12:15:54.000Z</time>
        <extensions>
          <ns3:TrackPointExtension>
            <ns3:hr>155</ns3:hr>
            <ns3:cad>0</ns3:cad>
          </ns3:TrackPointExtension>
        </extensions>
      </trkpt>
      <trkpt lat="29.99248073436319828033447265625" lon="120.24491943418979644775390625">
        <ele>10.3999996185302734375</ele>
        <time>2026-07-25T12:15:55.000Z</time>
        <extensions>
          <ns3:TrackPointExtension>
            <ns3:hr>155</ns3:hr>
            <ns3:cad>0</ns3:cad>
          </ns3:TrackPointExtension>
        </extensions>
      </trkpt>
      <trkpt lat="29.99246589839458465576171875" lon="120.244907699525356292724609375">
        <ele>10.19999980926513671875</ele>
        <time>2026-07-25T12:15:56.000Z</time>
        <extensions>
          <ns3:TrackPointExtension>
            <ns3:hr>155</ns3:hr>
            <ns3:cad>77</ns3:cad>
          </ns3:TrackPointExtension>
        </extensions>
      </trkpt>
      <trkpt lat="29.992444775998592376708984375" lon="120.2448974736034870147705078125">
        <ele>10.3999996185302734375</ele>
        <time>2026-07-25T12:15:57.000Z</time>
        <extensions>
          <ns3:TrackPointExtension>
            <ns3:hr>154</ns3:hr>
            <ns3:cad>81</ns3:cad>
          </ns3:TrackPointExtension>
        </extensions>
      </trkpt>
      <trkpt lat="29.9924261681735515594482421875" lon="120.2448852360248565673828125">
        <ele>10.3999996185302734375</ele>
        <time>2026-07-25T12:15:58.000Z</time>
        <extensions>
          <ns3:TrackPointExtension>
            <ns3:hr>154</ns3:hr>
            <ns3:cad>83</ns3:cad>
          </ns3:TrackPointExtension>
        </extensions>
      </trkpt>
      <trkpt lat="29.99240680597722530364990234375" lon="120.244872830808162689208984375">
        <ele>10.3999996185302734375</ele>
        <time>2026-07-25T12:15:59.000Z</time>
        <extensions>
          <ns3:TrackPointExtension>
            <ns3:hr>153</ns3:hr>
            <ns3:cad>84</ns3:cad>
          </ns3:TrackPointExtension>
        </extensions>
      </trkpt>
      <trkpt lat="29.99238836579024791717529296875" lon="120.2448584139347076416015625">
        <ele>10.3999996185302734375</ele>
        <time>2026-07-25T12:16:00.000Z</time>
        <extensions>
          <ns3:TrackPointExtension>
            <ns3:hr>153</ns3:hr>
            <ns3:cad>86</ns3:cad>
          </ns3:TrackPointExtension>
        </extensions>
      </trkpt>
      <trkpt lat="29.9923685006797313690185546875" lon="120.244846008718013763427734375">
        <ele>10.6000003814697265625</ele>
        <time>2026-07-25T12:16:01.000Z</time>
        <extensions>
          <ns3:TrackPointExtension>
            <ns3:hr>152</ns3:hr>
            <ns3:cad>86</ns3:cad>
          </ns3:TrackPointExtension>
        </extensions>
      </trkpt>
      <trkpt lat="29.99235047958791255950927734375" lon="120.2448324300348758697509765625">
        <ele>10.3999996185302734375</ele>
        <time>2026-07-25T12:16:02.000Z</time>
        <extensions>
          <ns3:TrackPointExtension>
            <ns3:hr>152</ns3:hr>
            <ns3:cad>86</ns3:cad>
          </ns3:TrackPointExtension>
        </extensions>
      </trkpt>
      <trkpt lat="29.992329776287078857421875" lon="120.244823209941387176513671875">
        <ele>10.3999996185302734375</ele>
        <time>2026-07-25T12:16:03.000Z</time>
        <extensions>
          <ns3:TrackPointExtension>
            <ns3:hr>152</ns3:hr>
            <ns3:cad>0</ns3:cad>
          </ns3:TrackPointExtension>
        </extensions>
      </trkpt>
      <trkpt lat="29.99231033027172088623046875" lon="120.24480820633471012115478515625">
        <ele>10.19999980926513671875</ele>
        <time>2026-07-25T12:16:04.000Z</time>
        <extensions>
          <ns3:TrackPointExtension>
            <ns3:hr>152</ns3:hr>
            <ns3:cad>0</ns3:cad>
          </ns3:TrackPointExtension>
        </extensions>
      </trkpt>
      <trkpt lat="29.9922947399318218231201171875" lon="120.24479798041284084320068359375">
        <ele>10.19999980926513671875</ele>
        <time>2026-07-25T12:16:05.000Z</time>
        <extensions>
          <ns3:TrackPointExtension>
            <ns3:hr>152</ns3:hr>
            <ns3:cad>0</ns3:cad>
          </ns3:TrackPointExtension>
        </extensions>
      </trkpt>
      <trkpt lat="29.9922712706029415130615234375" lon="120.24478088133037090301513671875">
        <ele>10</ele>
        <time>2026-07-25T12:16:06.000Z</time>
        <extensions>
          <ns3:TrackPointExtension>
            <ns3:hr>152</ns3:hr>
            <ns3:cad>0</ns3:cad>
          </ns3:TrackPointExtension>
        </extensions>
      </trkpt>
      <trkpt lat="29.99225542880594730377197265625" lon="120.2447752654552459716796875">
        <ele>10</ele>
        <time>2026-07-25T12:16:07.000Z</time>
        <extensions>
          <ns3:TrackPointExtension>
            <ns3:hr>151</ns3:hr>
            <ns3:cad>88</ns3:cad>
          </ns3:TrackPointExtension>
        </extensions>
      </trkpt>
      <trkpt lat="29.99223397113382816314697265625" lon="120.2447556518018245697021484375">
        <ele>10</ele>
        <time>2026-07-25T12:16:08.000Z</time>
        <extensions>
          <ns3:TrackPointExtension>
            <ns3:hr>152</ns3:hr>
            <ns3:cad>88</ns3:cad>
          </ns3:TrackPointExtension>
        </extensions>
      </trkpt>
      <trkpt lat="29.99221888370811939239501953125" lon="120.24474500678479671478271484375">
        <ele>10</ele>
        <time>2026-07-25T12:16:09.000Z</time>
        <extensions>
          <ns3:TrackPointExtension>
            <ns3:hr>152</ns3:hr>
            <ns3:cad>87</ns3:cad>
          </ns3:TrackPointExtension>
        </extensions>
      </trkpt>
      <trkpt lat="29.9921958334743976593017578125" lon="120.24472765624523162841796875">
        <ele>10.19999980926513671875</ele>
        <time>2026-07-25T12:16:10.000Z</time>
        <extensions>
          <ns3:TrackPointExtension>
            <ns3:hr>152</ns3:hr>
            <ns3:cad>87</ns3:cad>
          </ns3:TrackPointExtension>
        </extensions>
      </trkpt>
      <trkpt lat="29.99217881821095943450927734375" lon="120.24471617303788661956787109375">
        <ele>10.3999996185302734375</ele>
        <time>2026-07-25T12:16:11.000Z</time>
        <extensions>
          <ns3:TrackPointExtension>
            <ns3:hr>151</ns3:hr>
            <ns3:cad>86</ns3:cad>
          </ns3:TrackPointExtension>
        </extensions>
      </trkpt>
      <trkpt lat="29.99216222204267978668212890625" lon="120.2447026781737804412841796875">
        <ele>10.3999996185302734375</ele>
        <time>2026-07-25T12:16:12.000Z</time>
        <extensions>
          <ns3:TrackPointExtension>
            <ns3:hr>152</ns3:hr>
            <ns3:cad>86</ns3:cad>
          </ns3:TrackPointExtension>
        </extensions>
      </trkpt>
      <trkpt lat="29.99214545823633670806884765625" lon="120.2446902729570865631103515625">
        <ele>10.6000003814697265625</ele>
        <time>2026-07-25T12:16:13.000Z</time>
        <extensions>
          <ns3:TrackPointExtension>
            <ns3:hr>152</ns3:hr>
            <ns3:cad>86</ns3:cad>
          </ns3:TrackPointExtension>
        </extensions>
      </trkpt>
      <trkpt lat="29.9921324662864208221435546875" lon="120.2446835674345493316650390625">
        <ele>10.6000003814697265625</ele>
        <time>2026-07-25T12:16:14.000Z</time>
        <extensions>
          <ns3:TrackPointExtension>
            <ns3:hr>152</ns3:hr>
            <ns3:cad>86</ns3:cad>
          </ns3:TrackPointExtension>
        </extensions>
      </trkpt>
      <trkpt lat="29.992112852632999420166015625" lon="120.2446639537811279296875">
        <ele>10.3999996185302734375</ele>
        <time>2026-07-25T12:16:15.000Z</time>
        <extensions>
          <ns3:TrackPointExtension>
            <ns3:hr>153</ns3:hr>
            <ns3:cad>86</ns3:cad>
          </ns3:TrackPointExtension>
        </extensions>
      </trkpt>
      <trkpt lat="29.9920952506363391876220703125" lon="120.24465389549732208251953125">
        <ele>10.3999996185302734375</ele>
        <time>2026-07-25T12:16:16.000Z</time>
        <extensions>
          <ns3:TrackPointExtension>
            <ns3:hr>153</ns3:hr>
            <ns3:cad>87</ns3:cad>
          </ns3:TrackPointExtension>
        </extensions>
      </trkpt>
      <trkpt lat="29.99207538552582263946533203125" lon="120.2446429990231990814208984375">
        <ele>10.3999996185302734375</ele>
        <time>2026-07-25T12:16:17.000Z</time>
        <extensions>
          <ns3:TrackPointExtension>
            <ns3:hr>154</ns3:hr>
            <ns3:cad>88</ns3:cad>
          </ns3:TrackPointExtension>
        </extensions>
      </trkpt>
      <trkpt lat="29.9920603819191455841064453125" lon="120.24463369511067867279052734375">
        <ele>10.19999980926513671875</ele>
        <time>2026-07-25T12:16:18.000Z</time>
        <extensions>
          <ns3:TrackPointExtension>
            <ns3:hr>154</ns3:hr>
            <ns3:cad>88</ns3:cad>
          </ns3:TrackPointExtension>
        </extensions>
      </trkpt>
      <trkpt lat="29.99204537831246852874755859375" lon="120.24462170898914337158203125">
        <ele>10</ele>
        <time>2026-07-25T12:16:19.000Z</time>
        <extensions>
          <ns3:TrackPointExtension>
            <ns3:hr>154</ns3:hr>
            <ns3:cad>88</ns3:cad>
          </ns3:TrackPointExtension>
        </extensions>
      </trkpt>
      <trkpt lat="29.99202878214418888092041015625" lon="120.24460561573505401611328125">
        <ele>9.80000019073486328125</ele>
        <time>2026-07-25T12:16:20.000Z</time>
        <extensions>
          <ns3:TrackPointExtension>
            <ns3:hr>154</ns3:hr>
            <ns3:cad>88</ns3:cad>
          </ns3:TrackPointExtension>
        </extensions>
      </trkpt>
      <trkpt lat="29.99201319180428981781005859375" lon="120.24459564127027988433837890625">
        <ele>9.80000019073486328125</ele>
        <time>2026-07-25T12:16:21.000Z</time>
        <extensions>
          <ns3:TrackPointExtension>
            <ns3:hr>153</ns3:hr>
            <ns3:cad>88</ns3:cad>
          </ns3:TrackPointExtension>
        </extensions>
      </trkpt>
      <trkpt lat="29.991998188197612762451171875" lon="120.2445809729397296905517578125">
        <ele>9.80000019073486328125</ele>
        <time>2026-07-25T12:16:22.000Z</time>
        <extensions>
          <ns3:TrackPointExtension>
            <ns3:hr>153</ns3:hr>
            <ns3:cad>87</ns3:cad>
          </ns3:TrackPointExtension>
        </extensions>
      </trkpt>
      <trkpt lat="29.99198502860963344573974609375" lon="120.2445695735514163970947265625">
        <ele>9.6000003814697265625</ele>
        <time>2026-07-25T12:16:23.000Z</time>
        <extensions>
          <ns3:TrackPointExtension>
            <ns3:hr>153</ns3:hr>
            <ns3:cad>87</ns3:cad>
          </ns3:TrackPointExtension>
        </extensions>
      </trkpt>
      <trkpt lat="29.9919661693274974822998046875" lon="120.24455524049699306488037109375">
        <ele>9.6000003814697265625</ele>
        <time>2026-07-25T12:16:24.000Z</time>
        <extensions>
          <ns3:TrackPointExtension>
            <ns3:hr>154</ns3:hr>
            <ns3:cad>87</ns3:cad>
          </ns3:TrackPointExtension>
        </extensions>
      </trkpt>
      <trkpt lat="29.991949908435344696044921875" lon="120.24454300291836261749267578125">
        <ele>9.6000003814697265625</ele>
        <time>2026-07-25T12:16:25.000Z</time>
        <extensions>
          <ns3:TrackPointExtension>
            <ns3:hr>154</ns3:hr>
            <ns3:cad>87</ns3:cad>
          </ns3:TrackPointExtension>
        </extensions>
      </trkpt>
      <trkpt lat="29.9919289536774158477783203125" lon="120.2445269934833049774169921875">
        <ele>9.6000003814697265625</ele>
        <time>2026-07-25T12:16:26.000Z</time>
        <extensions>
          <ns3:TrackPointExtension>
            <ns3:hr>154</ns3:hr>
            <ns3:cad>87</ns3:cad>
          </ns3:TrackPointExtension>
        </extensions>
      </trkpt>
      <trkpt lat="29.9919128604233264923095703125" lon="120.24451986886560916900634765625">
        <ele>9.6000003814697265625</ele>
        <time>2026-07-25T12:16:27.000Z</time>
        <extensions>
          <ns3:TrackPointExtension>
            <ns3:hr>154</ns3:hr>
            <ns3:cad>87</ns3:cad>
          </ns3:TrackPointExtension>
        </extensions>
      </trkpt>
      <trkpt lat="29.99189064837992191314697265625" lon="120.2445082180202007293701171875">
        <ele>9.3999996185302734375</ele>
        <time>2026-07-25T12:16:28.000Z</time>
        <extensions>
          <ns3:TrackPointExtension>
            <ns3:hr>155</ns3:hr>
            <ns3:cad>87</ns3:cad>
          </ns3:TrackPointExtension>
        </extensions>
      </trkpt>
      <trkpt lat="29.99186935834586620330810546875" lon="120.24449958465993404388427734375">
        <ele>9.6000003814697265625</ele>
        <time>2026-07-25T12:16:29.000Z</time>
        <extensions>
          <ns3:TrackPointExtension>
            <ns3:hr>154</ns3:hr>
            <ns3:cad>87</ns3:cad>
          </ns3:TrackPointExtension>
        </extensions>
      </trkpt>
      <trkpt lat="29.99184840358793735504150390625" lon="120.24449254386126995086669921875">
        <ele>9.6000003814697265625</ele>
        <time>2026-07-25T12:16:30.000Z</time>
        <extensions>
          <ns3:TrackPointExtension>
            <ns3:hr>154</ns3:hr>
            <ns3:cad>87</ns3:cad>
          </ns3:TrackPointExtension>
        </extensions>
      </trkpt>
      <trkpt lat="29.9918293766677379608154296875" lon="120.244475863873958587646484375">
        <ele>9.6000003814697265625</ele>
        <time>2026-07-25T12:16:31.000Z</time>
        <extensions>
          <ns3:TrackPointExtension>
            <ns3:hr>155</ns3:hr>
            <ns3:cad>87</ns3:cad>
          </ns3:TrackPointExtension>
        </extensions>
      </trkpt>
      <trkpt lat="29.9918095953762531280517578125" lon="120.2444649673998355865478515625">
        <ele>9.6000003814697265625</ele>
        <time>2026-07-25T12:16:32.000Z</time>
        <extensions>
          <ns3:TrackPointExtension>
            <ns3:hr>155</ns3:hr>
            <ns3:cad>87</ns3:cad>
          </ns3:TrackPointExtension>
        </extensions>
      </trkpt>
      <trkpt lat="29.99179090373218059539794921875" lon="120.244449712336063385009765625">
        <ele>9.80000019073486328125</ele>
        <time>2026-07-25T12:16:33.000Z</time>
        <extensions>
          <ns3:TrackPointExtension>
            <ns3:hr>155</ns3:hr>
            <ns3:cad>87</ns3:cad>
          </ns3:TrackPointExtension>
        </extensions>
      </trkpt>
      <trkpt lat="29.9917760677635669708251953125" lon="120.24443973787128925323486328125">
        <ele>9.80000019073486328125</ele>
        <time>2026-07-25T12:16:34.000Z</time>
        <extensions>
          <ns3:TrackPointExtension>
            <ns3:hr>154</ns3:hr>
            <ns3:cad>87</ns3:cad>
          </ns3:TrackPointExtension>
        </extensions>
      </trkpt>
      <trkpt lat="29.99175754375755786895751953125" lon="120.24442817084491252899169921875">
        <ele>9.80000019073486328125</ele>
        <time>2026-07-25T12:16:35.000Z</time>
        <extensions>
          <ns3:TrackPointExtension>
            <ns3:hr>155</ns3:hr>
            <ns3:cad>87</ns3:cad>
          </ns3:TrackPointExtension>
        </extensions>
      </trkpt>
      <trkpt lat="29.9917375110089778900146484375" lon="120.24441920220851898193359375">
        <ele>9.80000019073486328125</ele>
        <time>2026-07-25T12:16:36.000Z</time>
        <extensions>
          <ns3:TrackPointExtension>
            <ns3:hr>155</ns3:hr>
            <ns3:cad>87</ns3:cad>
          </ns3:TrackPointExtension>
        </extensions>
      </trkpt>
      <trkpt lat="29.991718567907810211181640625" lon="120.24440302513539791107177734375">
        <ele>9.6000003814697265625</ele>
        <time>2026-07-25T12:16:37.000Z</time>
        <extensions>
          <ns3:TrackPointExtension>
            <ns3:hr>155</ns3:hr>
            <ns3:cad>88</ns3:cad>
          </ns3:TrackPointExtension>
        </extensions>
      </trkpt>
      <trkpt lat="29.991704486310482025146484375" lon="120.24438961409032344818115234375">
        <ele>9.6000003814697265625</ele>
        <time>2026-07-25T12:16:38.000Z</time>
        <extensions>
          <ns3:TrackPointExtension>
            <ns3:hr>154</ns3:hr>
            <ns3:cad>88</ns3:cad>
          </ns3:TrackPointExtension>
        </extensions>
      </trkpt>
      <trkpt lat="29.99168629758059978485107421875" lon="120.24437653832137584686279296875">
        <ele>9.6000003814697265625</ele>
        <time>2026-07-25T12:16:39.000Z</time>
        <extensions>
          <ns3:TrackPointExtension>
            <ns3:hr>155</ns3:hr>
            <ns3:cad>88</ns3:cad>
          </ns3:TrackPointExtension>
        </extensions>
      </trkpt>
      <trkpt lat="29.99167271889746189117431640625" lon="120.24436287581920623779296875">
        <ele>9.6000003814697265625</ele>
        <time>2026-07-25T12:16:40.000Z</time>
        <extensions>
          <ns3:TrackPointExtension>
            <ns3:hr>155</ns3:hr>
            <ns3:cad>88</ns3:cad>
          </ns3:TrackPointExtension>
        </extensions>
      </trkpt>
      <trkpt lat="29.991655535995960235595703125" lon="120.24435156024992465972900390625">
        <ele>9.6000003814697265625</ele>
        <time>2026-07-25T12:16:41.000Z</time>
        <extensions>
          <ns3:TrackPointExtension>
            <ns3:hr>154</ns3:hr>
            <ns3:cad>89</ns3:cad>
          </ns3:TrackPointExtension>
        </extensions>
      </trkpt>
      <trkpt lat="29.99163868837058544158935546875" lon="120.24433881975710391998291015625">
        <ele>9.6000003814697265625</ele>
        <time>2026-07-25T12:16:42.000Z</time>
        <extensions>
          <ns3:TrackPointExtension>
            <ns3:hr>154</ns3:hr>
            <ns3:cad>89</ns3:cad>
          </ns3:TrackPointExtension>
        </extensions>
      </trkpt>
      <trkpt lat="29.99162192456424236297607421875" lon="120.24432658217847347259521484375">
        <ele>9.6000003814697265625</ele>
        <time>2026-07-25T12:16:43.000Z</time>
        <extensions>
          <ns3:TrackPointExtension>
            <ns3:hr>154</ns3:hr>
            <ns3:cad>88</ns3:cad>
          </ns3:TrackPointExtension>
        </extensions>
      </trkpt>
      <trkpt lat="29.99160490930080413818359375" lon="120.2443134225904941558837890625">
        <ele>9.6000003814697265625</ele>
        <time>2026-07-25T12:16:44.000Z</time>
        <extensions>
          <ns3:TrackPointExtension>
            <ns3:hr>155</ns3:hr>
            <ns3:cad>87</ns3:cad>
          </ns3:TrackPointExtension>
        </extensions>
      </trkpt>
      <trkpt lat="29.99158487655222415924072265625" lon="120.24430252611637115478515625">
        <ele>9.6000003814697265625</ele>
        <time>2026-07-25T12:16:45.000Z</time>
        <extensions>
          <ns3:TrackPointExtension>
            <ns3:hr>155</ns3:hr>
            <ns3:cad>87</ns3:cad>
          </ns3:TrackPointExtension>
        </extensions>
      </trkpt>
      <trkpt lat="29.99156861566007137298583984375" lon="120.244286768138408660888671875">
        <ele>9.6000003814697265625</ele>
        <time>2026-07-25T12:16:46.000Z</time>
        <extensions>
          <ns3:TrackPointExtension>
            <ns3:hr>155</ns3:hr>
            <ns3:cad>88</ns3:cad>
          </ns3:TrackPointExtension>
        </extensions>
      </trkpt>
      <trkpt lat="29.99155503697693347930908203125" lon="120.2442745305597782135009765625">
        <ele>9.6000003814697265625</ele>
        <time>2026-07-25T12:16:47.000Z</time>
        <extensions>
          <ns3:TrackPointExtension>
            <ns3:hr>154</ns3:hr>
            <ns3:cad>88</ns3:cad>
          </ns3:TrackPointExtension>
        </extensions>
      </trkpt>
      <trkpt lat="29.991534836590290069580078125" lon="120.24425684474408626556396484375">
        <ele>9.6000003814697265625</ele>
        <time>2026-07-25T12:16:48.000Z</time>
        <extensions>
          <ns3:TrackPointExtension>
            <ns3:hr>155</ns3:hr>
            <ns3:cad>87</ns3:cad>
          </ns3:TrackPointExtension>
        </extensions>
      </trkpt>
      <trkpt lat="29.99151983298361301422119140625" lon="120.244243852794170379638671875">
        <ele>9.6000003814697265625</ele>
        <time>2026-07-25T12:16:49.000Z</time>
        <extensions>
          <ns3:TrackPointExtension>
            <ns3:hr>155</ns3:hr>
            <ns3:cad>87</ns3:cad>
          </ns3:TrackPointExtension>
        </extensions>
      </trkpt>
      <trkpt lat="29.99149854294955730438232421875" lon="120.24422884918749332427978515625">
        <ele>9.6000003814697265625</ele>
        <time>2026-07-25T12:16:50.000Z</time>
        <extensions>
          <ns3:TrackPointExtension>
            <ns3:hr>154</ns3:hr>
            <ns3:cad>87</ns3:cad>
          </ns3:TrackPointExtension>
        </extensions>
      </trkpt>
      <trkpt lat="29.9914820306003093719482421875" lon="120.244216360151767730712890625">
        <ele>9.6000003814697265625</ele>
        <time>2026-07-25T12:16:51.000Z</time>
        <extensions>
          <ns3:TrackPointExtension>
            <ns3:hr>155</ns3:hr>
            <ns3:cad>87</ns3:cad>
          </ns3:TrackPointExtension>
        </extensions>
      </trkpt>
      <trkpt lat="29.991462416946887969970703125" lon="120.2442000992596149444580078125">
        <ele>9.6000003814697265625</ele>
        <time>2026-07-25T12:16:52.000Z</time>
        <extensions>
          <ns3:TrackPointExtension>
            <ns3:hr>155</ns3:hr>
            <ns3:cad>87</ns3:cad>
          </ns3:TrackPointExtension>
        </extensions>
      </trkpt>
      <trkpt lat="29.99144724570214748382568359375" lon="120.24418693967163562774658203125">
        <ele>9.6000003814697265625</ele>
        <time>2026-07-25T12:16:53.000Z</time>
        <extensions>
          <ns3:TrackPointExtension>
            <ns3:hr>155</ns3:hr>
            <ns3:cad>87</ns3:cad>
          </ns3:TrackPointExtension>
        </extensions>
      </trkpt>
      <trkpt lat="29.9914263747632503509521484375" lon="120.2441729418933391571044921875">
        <ele>9.6000003814697265625</ele>
        <time>2026-07-25T12:16:54.000Z</time>
        <extensions>
          <ns3:TrackPointExtension>
            <ns3:hr>155</ns3:hr>
            <ns3:cad>88</ns3:cad>
          </ns3:TrackPointExtension>
        </extensions>
      </trkpt>
      <trkpt lat="29.99141053296625614166259765625" lon="120.24415994994342327117919921875">
        <ele>9.6000003814697265625</ele>
        <time>2026-07-25T12:16:55.000Z</time>
        <extensions>
          <ns3:TrackPointExtension>
            <ns3:hr>156</ns3:hr>
            <ns3:cad>88</ns3:cad>
          </ns3:TrackPointExtension>
        </extensions>
      </trkpt>
      <trkpt lat="29.99138362705707550048828125" lon="120.2441444434225559234619140625">
        <ele>9.3999996185302734375</ele>
        <time>2026-07-25T12:16:56.000Z</time>
        <extensions>
          <ns3:TrackPointExtension>
            <ns3:hr>156</ns3:hr>
            <ns3:cad>88</ns3:cad>
          </ns3:TrackPointExtension>
        </extensions>
      </trkpt>
      <trkpt lat="29.99136510305106639862060546875" lon="120.244130194187164306640625">
        <ele>9.3999996185302734375</ele>
        <time>2026-07-25T12:16:57.000Z</time>
        <extensions>
          <ns3:TrackPointExtension>
            <ns3:hr>156</ns3:hr>
            <ns3:cad>88</ns3:cad>
          </ns3:TrackPointExtension>
        </extensions>
      </trkpt>
      <trkpt lat="29.9913435615599155426025390625" lon="120.2441203035414218902587890625">
        <ele>9.6000003814697265625</ele>
        <time>2026-07-25T12:16:58.000Z</time>
        <extensions>
          <ns3:TrackPointExtension>
            <ns3:hr>156</ns3:hr>
            <ns3:cad>88</ns3:cad>
          </ns3:TrackPointExtension>
        </extensions>
      </trkpt>
      <trkpt lat="29.99132185243070125579833984375" lon="120.2441075630486011505126953125">
        <ele>9.6000003814697265625</ele>
        <time>2026-07-25T12:16:59.000Z</time>
        <extensions>
          <ns3:TrackPointExtension>
            <ns3:hr>156</ns3:hr>
            <ns3:cad>88</ns3:cad>
          </ns3:TrackPointExtension>
        </extensions>
      </trkpt>
      <trkpt lat="29.991304166615009307861328125" lon="120.24410228244960308074951171875">
        <ele>9.6000003814697265625</ele>
        <time>2026-07-25T12:17:00.000Z</time>
        <extensions>
          <ns3:TrackPointExtension>
            <ns3:hr>157</ns3:hr>
            <ns3:cad>88</ns3:cad>
          </ns3:TrackPointExtension>
        </extensions>
      </trkpt>
      <trkpt lat="29.9912835471332073211669921875" lon="120.24408887140452861785888671875">
        <ele>9.80000019073486328125</ele>
        <time>2026-07-25T12:17:01.000Z</time>
        <extensions>
          <ns3:TrackPointExtension>
            <ns3:hr>157</ns3:hr>
            <ns3:cad>88</ns3:cad>
          </ns3:TrackPointExtension>
        </extensions>
      </trkpt>
      <trkpt lat="29.9912691302597522735595703125" lon="120.24407646618783473968505859375">
        <ele>9.80000019073486328125</ele>
        <time>2026-07-25T12:17:02.000Z</time>
        <extensions>
          <ns3:TrackPointExtension>
            <ns3:hr>157</ns3:hr>
            <ns3:cad>87</ns3:cad>
          </ns3:TrackPointExtension>
        </extensions>
      </trkpt>
      <trkpt lat="29.99124859459698200225830078125" lon="120.24406917393207550048828125">
        <ele>10</ele>
        <time>2026-07-25T12:17:03.000Z</time>
        <extensions>
          <ns3:TrackPointExtension>
            <ns3:hr>157</ns3:hr>
            <ns3:cad>87</ns3:cad>
          </ns3:TrackPointExtension>
        </extensions>
      </trkpt>
      <trkpt lat="29.991233758628368377685546875" lon="120.24405852891504764556884765625">
        <ele>10</ele>
        <time>2026-07-25T12:17:04.000Z</time>
        <extensions>
          <ns3:TrackPointExtension>
            <ns3:hr>157</ns3:hr>
            <ns3:cad>87</ns3:cad>
          </ns3:TrackPointExtension>
        </extensions>
      </trkpt>
      <trkpt lat="29.9912174977362155914306640625" lon="120.2440435253083705902099609375">
        <ele>10</ele>
        <time>2026-07-25T12:17:05.000Z</time>
        <extensions>
          <ns3:TrackPointExtension>
            <ns3:hr>157</ns3:hr>
            <ns3:cad>87</ns3:cad>
          </ns3:TrackPointExtension>
        </extensions>
      </trkpt>
      <trkpt lat="29.99120450578629970550537109375" lon="120.24403254501521587371826171875">
        <ele>10</ele>
        <time>2026-07-25T12:17:06.000Z</time>
        <extensions>
          <ns3:TrackPointExtension>
            <ns3:hr>158</ns3:hr>
            <ns3:cad>86</ns3:cad>
          </ns3:TrackPointExtension>
        </extensions>
      </trkpt>
      <trkpt lat="29.99118514358997344970703125" lon="120.24402366019785404205322265625">
        <ele>9.80000019073486328125</ele>
        <time>2026-07-25T12:17:07.000Z</time>
        <extensions>
          <ns3:TrackPointExtension>
            <ns3:hr>158</ns3:hr>
            <ns3:cad>86</ns3:cad>
          </ns3:TrackPointExtension>
        </extensions>
      </trkpt>
      <trkpt lat="29.99116636812686920166015625" lon="120.24400748312473297119140625">
        <ele>9.6000003814697265625</ele>
        <time>2026-07-25T12:17:08.000Z</time>
        <extensions>
          <ns3:TrackPointExtension>
            <ns3:hr>158</ns3:hr>
            <ns3:cad>86</ns3:cad>
          </ns3:TrackPointExtension>
        </extensions>
      </trkpt>
      <trkpt lat="29.99115295708179473876953125" lon="120.24400153197348117828369140625">
        <ele>9.6000003814697265625</ele>
        <time>2026-07-25T12:17:09.000Z</time>
        <extensions>
          <ns3:TrackPointExtension>
            <ns3:hr>158</ns3:hr>
            <ns3:cad>86</ns3:cad>
          </ns3:TrackPointExtension>
        </extensions>
      </trkpt>
      <trkpt lat="29.99113493598997592926025390625" lon="120.24398610927164554595947265625">
        <ele>9.6000003814697265625</ele>
        <time>2026-07-25T12:17:10.000Z</time>
        <extensions>
          <ns3:TrackPointExtension>
            <ns3:hr>157</ns3:hr>
            <ns3:cad>85</ns3:cad>
          </ns3:TrackPointExtension>
        </extensions>
      </trkpt>
      <trkpt lat="29.99112471006810665130615234375" lon="120.24397772736847400665283203125">
        <ele>9.3999996185302734375</ele>
        <time>2026-07-25T12:17:11.000Z</time>
        <extensions>
          <ns3:TrackPointExtension>
            <ns3:hr>158</ns3:hr>
            <ns3:cad>85</ns3:cad>
          </ns3:TrackPointExtension>
        </extensions>
      </trkpt>
      <trkpt lat="29.99110878445208072662353515625" lon="120.24396783672273159027099609375">
        <ele>9.6000003814697265625</ele>
        <time>2026-07-25T12:17:12.000Z</time>
        <extensions>
          <ns3:TrackPointExtension>
            <ns3:hr>158</ns3:hr>
            <ns3:cad>85</ns3:cad>
          </ns3:TrackPointExtension>
        </extensions>
      </trkpt>
      <trkpt lat="29.99109587632119655609130859375" lon="120.2439573593437671661376953125">
        <ele>9.6000003814697265625</ele>
        <time>2026-07-25T12:17:13.000Z</time>
        <extensions>
          <ns3:TrackPointExtension>
            <ns3:hr>158</ns3:hr>
            <ns3:cad>85</ns3:cad>
          </ns3:TrackPointExtension>
        </extensions>
      </trkpt>
      <trkpt lat="29.99107844196259975433349609375" lon="120.24394738487899303436279296875">
        <ele>9.6000003814697265625</ele>
        <time>2026-07-25T12:17:14.000Z</time>
        <extensions>
          <ns3:TrackPointExtension>
            <ns3:hr>157</ns3:hr>
            <ns3:cad>86</ns3:cad>
          </ns3:TrackPointExtension>
        </extensions>
      </trkpt>
      <trkpt lat="29.99106109142303466796875" lon="120.24393497966229915618896484375">
        <ele>9.6000003814697265625</ele>
        <time>2026-07-25T12:17:15.000Z</time>
        <extensions>
          <ns3:TrackPointExtension>
            <ns3:hr>158</ns3:hr>
            <ns3:cad>86</ns3:cad>
          </ns3:TrackPointExtension>
        </extensions>
      </trkpt>
      <trkpt lat="29.9910485185682773590087890625" lon="120.243927352130413055419921875">
        <ele>9.6000003814697265625</ele>
        <time>2026-07-25T12:17:16.000Z</time>
        <extensions>
          <ns3:TrackPointExtension>
            <ns3:hr>158</ns3:hr>
            <ns3:cad>87</ns3:cad>
          </ns3:TrackPointExtension>
        </extensions>
      </trkpt>
      <trkpt lat="29.991029910743236541748046875" lon="120.243911258876323699951171875">
        <ele>9.6000003814697265625</ele>
        <time>2026-07-25T12:17:17.000Z</time>
        <extensions>
          <ns3:TrackPointExtension>
            <ns3:hr>157</ns3:hr>
            <ns3:cad>87</ns3:cad>
          </ns3:TrackPointExtension>
        </extensions>
      </trkpt>
      <trkpt lat="29.9910149909555912017822265625" lon="120.24390027858316898345947265625">
        <ele>9.80000019073486328125</ele>
        <time>2026-07-25T12:17:18.000Z</time>
        <extensions>
          <ns3:TrackPointExtension>
            <ns3:hr>158</ns3:hr>
            <ns3:cad>87</ns3:cad>
          </ns3:TrackPointExtension>
        </extensions>
      </trkpt>
      <trkpt lat="29.99099294655025005340576171875" lon="120.24388452060520648956298828125">
        <ele>9.80000019073486328125</ele>
        <time>2026-07-25T12:17:19.000Z</time>
        <extensions>
          <ns3:TrackPointExtension>
            <ns3:hr>157</ns3:hr>
            <ns3:cad>87</ns3:cad>
          </ns3:TrackPointExtension>
        </extensions>
      </trkpt>
      <trkpt lat="29.9909774400293827056884765625" lon="120.24387395940721035003662109375">
        <ele>9.80000019073486328125</ele>
        <time>2026-07-25T12:17:20.000Z</time>
        <extensions>
          <ns3:TrackPointExtension>
            <ns3:hr>157</ns3:hr>
            <ns3:cad>87</ns3:cad>
          </ns3:TrackPointExtension>
        </extensions>
      </trkpt>
      <trkpt lat="29.9909586645662784576416015625" lon="120.24386540986597537994384765625">
        <ele>9.80000019073486328125</ele>
        <time>2026-07-25T12:17:21.000Z</time>
        <extensions>
          <ns3:TrackPointExtension>
            <ns3:hr>157</ns3:hr>
            <ns3:cad>87</ns3:cad>
          </ns3:TrackPointExtension>
        </extensions>
      </trkpt>
      <trkpt lat="29.99094248749315738677978515625" lon="120.2438544295728206634521484375">
        <ele>9.80000019073486328125</ele>
        <time>2026-07-25T12:17:22.000Z</time>
        <extensions>
          <ns3:TrackPointExtension>
            <ns3:hr>157</ns3:hr>
            <ns3:cad>87</ns3:cad>
          </ns3:TrackPointExtension>
        </extensions>
      </trkpt>
      <trkpt lat="29.990925304591655731201171875" lon="120.2438440360128879547119140625">
        <ele>9.80000019073486328125</ele>
        <time>2026-07-25T12:17:23.000Z</time>
        <extensions>
          <ns3:TrackPointExtension>
            <ns3:hr>158</ns3:hr>
            <ns3:cad>87</ns3:cad>
          </ns3:TrackPointExtension>
        </extensions>
      </trkpt>
      <trkpt lat="29.99091214500367641448974609375" lon="120.24383179843425750732421875">
        <ele>9.6000003814697265625</ele>
        <time>2026-07-25T12:17:24.000Z</time>
        <extensions>
          <ns3:TrackPointExtension>
            <ns3:hr>157</ns3:hr>
            <ns3:cad>87</ns3:cad>
          </ns3:TrackPointExtension>
        </extensions>
      </trkpt>
      <trkpt lat="29.99089437536895275115966796875" lon="120.24382148869335651397705078125">
        <ele>9.6000003814697265625</ele>
        <time>2026-07-25T12:17:25.000Z</time>
        <extensions>
          <ns3:TrackPointExtension>
            <ns3:hr>157</ns3:hr>
            <ns3:cad>87</ns3:cad>
          </ns3:TrackPointExtension>
        </extensions>
      </trkpt>
      <trkpt lat="29.99087803065776824951171875" lon="120.24381025694310665130615234375">
        <ele>9.6000003814697265625</ele>
        <time>2026-07-25T12:17:26.000Z</time>
        <extensions>
          <ns3:TrackPointExtension>
            <ns3:hr>157</ns3:hr>
            <ns3:cad>87</ns3:cad>
          </ns3:TrackPointExtension>
        </extensions>
      </trkpt>
      <trkpt lat="29.9908617697656154632568359375" lon="120.2438021264970302581787109375">
        <ele>9.6000003814697265625</ele>
        <time>2026-07-25T12:17:27.000Z</time>
        <extensions>
          <ns3:TrackPointExtension>
            <ns3:hr>157</ns3:hr>
            <ns3:cad>87</ns3:cad>
          </ns3:TrackPointExtension>
        </extensions>
      </trkpt>
      <trkpt lat="29.99084316194057464599609375" lon="120.24379198439419269561767578125">
        <ele>9.80000019073486328125</ele>
        <time>2026-07-25T12:17:28.000Z</time>
        <extensions>
          <ns3:TrackPointExtension>
            <ns3:hr>158</ns3:hr>
            <ns3:cad>87</ns3:cad>
          </ns3:TrackPointExtension>
        </extensions>
      </trkpt>
      <trkpt lat="29.9908255599439144134521484375" lon="120.24378293193876743316650390625">
        <ele>9.80000019073486328125</ele>
        <time>2026-07-25T12:17:29.000Z</time>
        <extensions>
          <ns3:TrackPointExtension>
            <ns3:hr>157</ns3:hr>
            <ns3:cad>87</ns3:cad>
          </ns3:TrackPointExtension>
        </extensions>
      </trkpt>
      <trkpt lat="29.990807287395000457763671875" lon="120.24376809597015380859375">
        <ele>9.6000003814697265625</ele>
        <time>2026-07-25T12:17:30.000Z</time>
        <extensions>
          <ns3:TrackPointExtension>
            <ns3:hr>157</ns3:hr>
            <ns3:cad>87</ns3:cad>
          </ns3:TrackPointExtension>
        </extensions>
      </trkpt>
      <trkpt lat="29.9907940439879894256591796875" lon="120.24375669658184051513671875">
        <ele>9.6000003814697265625</ele>
        <time>2026-07-25T12:17:31.000Z</time>
        <extensions>
          <ns3:TrackPointExtension>
            <ns3:hr>157</ns3:hr>
            <ns3:cad>87</ns3:cad>
          </ns3:TrackPointExtension>
        </extensions>
      </trkpt>
      <trkpt lat="29.99077853746712207794189453125" lon="120.2437360771000385284423828125">
        <ele>9.3999996185302734375</ele>
        <time>2026-07-25T12:17:32.000Z</time>
        <extensions>
          <ns3:TrackPointExtension>
            <ns3:hr>157</ns3:hr>
            <ns3:cad>88</ns3:cad>
          </ns3:TrackPointExtension>
        </extensions>
      </trkpt>
      <trkpt lat="29.99076931737363338470458984375" lon="120.2437176369130611419677734375">
        <ele>9.3999996185302734375</ele>
        <time>2026-07-25T12:17:33.000Z</time>
        <extensions>
          <ns3:TrackPointExtension>
            <ns3:hr>157</ns3:hr>
            <ns3:cad>88</ns3:cad>
          </ns3:TrackPointExtension>
        </extensions>
      </trkpt>
      <trkpt lat="29.9907481111586093902587890625" lon="120.24369508959352970123291015625">
        <ele>9.19999980926513671875</ele>
        <time>2026-07-25T12:17:34.000Z</time>
        <extensions>
          <ns3:TrackPointExtension>
            <ns3:hr>157</ns3:hr>
            <ns3:cad>87</ns3:cad>
          </ns3:TrackPointExtension>
        </extensions>
      </trkpt>
      <trkpt lat="29.99073193408548831939697265625" lon="120.24367949925363063812255859375">
        <ele>9.19999980926513671875</ele>
        <time>2026-07-25T12:17:35.000Z</time>
        <extensions>
          <ns3:TrackPointExtension>
            <ns3:hr>157</ns3:hr>
            <ns3:cad>87</ns3:cad>
          </ns3:TrackPointExtension>
        </extensions>
      </trkpt>
      <trkpt lat="29.99071382917463779449462890625" lon="120.2436675131320953369140625">
        <ele>9.3999996185302734375</ele>
        <time>2026-07-25T12:17:36.000Z</time>
        <extensions>
          <ns3:TrackPointExtension>
            <ns3:hr>156</ns3:hr>
            <ns3:cad>86</ns3:cad>
          </ns3:TrackPointExtension>
        </extensions>
      </trkpt>
      <trkpt lat="29.99069605953991413116455078125" lon="120.2436535991728305816650390625">
        <ele>9.3999996185302734375</ele>
        <time>2026-07-25T12:17:37.000Z</time>
        <extensions>
          <ns3:TrackPointExtension>
            <ns3:hr>156</ns3:hr>
            <ns3:cad>86</ns3:cad>
          </ns3:TrackPointExtension>
        </extensions>
      </trkpt>
      <trkpt lat="29.9906790442764759063720703125" lon="120.24364228360354900360107421875">
        <ele>9.6000003814697265625</ele>
        <time>2026-07-25T12:17:38.000Z</time>
        <extensions>
          <ns3:TrackPointExtension>
            <ns3:hr>156</ns3:hr>
            <ns3:cad>87</ns3:cad>
          </ns3:TrackPointExtension>
        </extensions>
      </trkpt>
      <trkpt lat="29.990661442279815673828125" lon="120.24362602271139621734619140625">
        <ele>9.6000003814697265625</ele>
        <time>2026-07-25T12:17:39.000Z</time>
        <extensions>
          <ns3:TrackPointExtension>
            <ns3:hr>156</ns3:hr>
            <ns3:cad>87</ns3:cad>
          </ns3:TrackPointExtension>
        </extensions>
      </trkpt>
      <trkpt lat="29.990645013749599456787109375" lon="120.24361344985663890838623046875">
        <ele>9.6000003814697265625</ele>
        <time>2026-07-25T12:17:40.000Z</time>
        <extensions>
          <ns3:TrackPointExtension>
            <ns3:hr>156</ns3:hr>
            <ns3:cad>88</ns3:cad>
          </ns3:TrackPointExtension>
        </extensions>
      </trkpt>
      <trkpt lat="29.99062431044876575469970703125" lon="120.24359500966966152191162109375">
        <ele>9.6000003814697265625</ele>
        <time>2026-07-25T12:17:41.000Z</time>
        <extensions>
          <ns3:TrackPointExtension>
            <ns3:hr>156</ns3:hr>
            <ns3:cad>88</ns3:cad>
          </ns3:TrackPointExtension>
        </extensions>
      </trkpt>
      <trkpt lat="29.99060712754726409912109375" lon="120.24358511902391910552978515625">
        <ele>9.6000003814697265625</ele>
        <time>2026-07-25T12:17:42.000Z</time>
        <extensions>
          <ns3:TrackPointExtension>
            <ns3:hr>156</ns3:hr>
            <ns3:cad>86</ns3:cad>
          </ns3:TrackPointExtension>
        </extensions>
      </trkpt>
      <trkpt lat="29.990587346255779266357421875" lon="120.2435691095888614654541015625">
        <ele>9.6000003814697265625</ele>
        <time>2026-07-25T12:17:43.000Z</time>
        <extensions>
          <ns3:TrackPointExtension>
            <ns3:hr>156</ns3:hr>
            <ns3:cad>86</ns3:cad>
          </ns3:TrackPointExtension>
        </extensions>
      </trkpt>
      <trkpt lat="29.99057318083941936492919921875" lon="120.24355863220989704132080078125">
        <ele>9.6000003814697265625</ele>
        <time>2026-07-25T12:17:44.000Z</time>
        <extensions>
          <ns3:TrackPointExtension>
            <ns3:hr>155</ns3:hr>
            <ns3:cad>86</ns3:cad>
          </ns3:TrackPointExtension>
        </extensions>
      </trkpt>
      <trkpt lat="29.99054820276796817779541015625" lon="120.2435402758419513702392578125">
        <ele>9.6000003814697265625</ele>
        <time>2026-07-25T12:17:45.000Z</time>
        <extensions>
          <ns3:TrackPointExtension>
            <ns3:hr>155</ns3:hr>
            <ns3:cad>86</ns3:cad>
          </ns3:TrackPointExtension>
        </extensions>
      </trkpt>
      <trkpt lat="29.99053562991321086883544921875" lon="120.24352778680622577667236328125">
        <ele>9.6000003814697265625</ele>
        <time>2026-07-25T12:17:46.000Z</time>
        <extensions>
          <ns3:TrackPointExtension>
            <ns3:hr>155</ns3:hr>
            <ns3:cad>87</ns3:cad>
          </ns3:TrackPointExtension>
        </extensions>
      </trkpt>
      <trkpt lat="29.99051325023174285888671875" lon="120.24351001717150211334228515625">
        <ele>9.6000003814697265625</ele>
        <time>2026-07-25T12:17:47.000Z</time>
        <extensions>
          <ns3:TrackPointExtension>
            <ns3:hr>155</ns3:hr>
            <ns3:cad>87</ns3:cad>
          </ns3:TrackPointExtension>
        </extensions>
      </trkpt>
      <trkpt lat="29.9905023537576198577880859375" lon="120.24349677376449108123779296875">
        <ele>9.80000019073486328125</ele>
        <time>2026-07-25T12:17:48.000Z</time>
        <extensions>
          <ns3:TrackPointExtension>
            <ns3:hr>155</ns3:hr>
            <ns3:cad>88</ns3:cad>
          </ns3:TrackPointExtension>
        </extensions>
      </trkpt>
      <trkpt lat="29.9904857575893402099609375" lon="120.24348579347133636474609375">
        <ele>9.80000019073486328125</ele>
        <time>2026-07-25T12:17:49.000Z</time>
        <extensions>
          <ns3:TrackPointExtension>
            <ns3:hr>155</ns3:hr>
            <ns3:cad>88</ns3:cad>
          </ns3:TrackPointExtension>
        </extensions>
      </trkpt>
      <trkpt lat="29.99047058634459972381591796875" lon="120.2434765733778476715087890625">
        <ele>9.80000019073486328125</ele>
        <time>2026-07-25T12:17:50.000Z</time>
        <extensions>
          <ns3:TrackPointExtension>
            <ns3:hr>155</ns3:hr>
            <ns3:cad>88</ns3:cad>
          </ns3:TrackPointExtension>
        </extensions>
      </trkpt>
      <trkpt lat="29.9904535710811614990234375" lon="120.2434688620269298553466796875">
        <ele>9.80000019073486328125</ele>
        <time>2026-07-25T12:17:51.000Z</time>
        <extensions>
          <ns3:TrackPointExtension>
            <ns3:hr>155</ns3:hr>
            <ns3:cad>88</ns3:cad>
          </ns3:TrackPointExtension>
        </extensions>
      </trkpt>
      <trkpt lat="29.9904326163232326507568359375" lon="120.24345695972442626953125">
        <ele>9.80000019073486328125</ele>
        <time>2026-07-25T12:17:52.000Z</time>
        <extensions>
          <ns3:TrackPointExtension>
            <ns3:hr>155</ns3:hr>
            <ns3:cad>88</ns3:cad>
          </ns3:TrackPointExtension>
        </extensions>
      </trkpt>
      <trkpt lat="29.99041744507849216461181640625" lon="120.243450589478015899658203125">
        <ele>9.80000019073486328125</ele>
        <time>2026-07-25T12:17:53.000Z</time>
        <extensions>
          <ns3:TrackPointExtension>
            <ns3:hr>155</ns3:hr>
            <ns3:cad>87</ns3:cad>
          </ns3:TrackPointExtension>
        </extensions>
      </trkpt>
      <trkpt lat="29.99039548449218273162841796875" lon="120.24343675933778285980224609375">
        <ele>9.80000019073486328125</ele>
        <time>2026-07-25T12:17:54.000Z</time>
        <extensions>
          <ns3:TrackPointExtension>
            <ns3:hr>156</ns3:hr>
            <ns3:cad>87</ns3:cad>
          </ns3:TrackPointExtension>
        </extensions>
      </trkpt>
      <trkpt lat="29.9903789721429347991943359375" lon="120.2434296347200870513916015625">
        <ele>9.6000003814697265625</ele>
        <time>2026-07-25T12:17:55.000Z</time>
        <extensions>
          <ns3:TrackPointExtension>
            <ns3:hr>156</ns3:hr>
            <ns3:cad>87</ns3:cad>
          </ns3:TrackPointExtension>
        </extensions>
      </trkpt>
      <trkpt lat="29.99036011286079883575439453125" lon="120.2434175647795200347900390625">
        <ele>9.80000019073486328125</ele>
        <time>2026-07-25T12:17:56.000Z</time>
        <extensions>
          <ns3:TrackPointExtension>
            <ns3:hr>156</ns3:hr>
            <ns3:cad>87</ns3:cad>
          </ns3:TrackPointExtension>
        </extensions>
      </trkpt>
      <trkpt lat="29.99034695327281951904296875" lon="120.24340675212442874908447265625">
        <ele>9.80000019073486328125</ele>
        <time>2026-07-25T12:17:57.000Z</time>
        <extensions>
          <ns3:TrackPointExtension>
            <ns3:hr>156</ns3:hr>
            <ns3:cad>87</ns3:cad>
          </ns3:TrackPointExtension>
        </extensions>
      </trkpt>
      <trkpt lat="29.9903275072574615478515625" lon="120.24339334107935428619384765625">
        <ele>9.80000019073486328125</ele>
        <time>2026-07-25T12:17:58.000Z</time>
        <extensions>
          <ns3:TrackPointExtension>
            <ns3:hr>156</ns3:hr>
            <ns3:cad>87</ns3:cad>
          </ns3:TrackPointExtension>
        </extensions>
      </trkpt>
      <trkpt lat="29.99031485058367252349853515625" lon="120.243378840386867523193359375">
        <ele>9.80000019073486328125</ele>
        <time>2026-07-25T12:17:59.000Z</time>
        <extensions>
          <ns3:TrackPointExtension>
            <ns3:hr>156</ns3:hr>
            <ns3:cad>86</ns3:cad>
          </ns3:TrackPointExtension>
        </extensions>
      </trkpt>
      <trkpt lat="29.9902951531112194061279296875" lon="120.24336551316082477569580078125">
        <ele>9.80000019073486328125</ele>
        <time>2026-07-25T12:18:00.000Z</time>
        <extensions>
          <ns3:TrackPointExtension>
            <ns3:hr>156</ns3:hr>
            <ns3:cad>86</ns3:cad>
          </ns3:TrackPointExtension>
        </extensions>
      </trkpt>
      <trkpt lat="29.990278892219066619873046875" lon="120.24335092864930629730224609375">
        <ele>9.80000019073486328125</ele>
        <time>2026-07-25T12:18:01.000Z</time>
        <extensions>
          <ns3:TrackPointExtension>
            <ns3:hr>156</ns3:hr>
            <ns3:cad>86</ns3:cad>
          </ns3:TrackPointExtension>
        </extensions>
      </trkpt>
      <trkpt lat="29.9902604520320892333984375" lon="120.2433387748897075653076171875">
        <ele>9.80000019073486328125</ele>
        <time>2026-07-25T12:18:02.000Z</time>
        <extensions>
          <ns3:TrackPointExtension>
            <ns3:hr>156</ns3:hr>
            <ns3:cad>87</ns3:cad>
          </ns3:TrackPointExtension>
        </extensions>
      </trkpt>
      <trkpt lat="29.99024100601673126220703125" lon="120.243323184549808502197265625">
        <ele>9.80000019073486328125</ele>
        <time>2026-07-25T12:18:03.000Z</time>
        <extensions>
          <ns3:TrackPointExtension>
            <ns3:hr>156</ns3:hr>
            <ns3:cad>87</ns3:cad>
          </ns3:TrackPointExtension>
        </extensions>
      </trkpt>
      <trkpt lat="29.99022868461906909942626953125" lon="120.24331471882760524749755859375">
        <ele>9.80000019073486328125</ele>
        <time>2026-07-25T12:18:04.000Z</time>
        <extensions>
          <ns3:TrackPointExtension>
            <ns3:hr>156</ns3:hr>
            <ns3:cad>87</ns3:cad>
          </ns3:TrackPointExtension>
        </extensions>
      </trkpt>
      <trkpt lat="29.99021074734628200531005859375" lon="120.24330072104930877685546875">
        <ele>9.80000019073486328125</ele>
        <time>2026-07-25T12:18:05.000Z</time>
        <extensions>
          <ns3:TrackPointExtension>
            <ns3:hr>156</ns3:hr>
            <ns3:cad>87</ns3:cad>
          </ns3:TrackPointExtension>
        </extensions>
      </trkpt>
      <trkpt lat="29.99019633047282695770263671875" lon="120.2432920038700103759765625">
        <ele>9.80000019073486328125</ele>
        <time>2026-07-25T12:18:06.000Z</time>
        <extensions>
          <ns3:TrackPointExtension>
            <ns3:hr>156</ns3:hr>
            <ns3:cad>87</ns3:cad>
          </ns3:TrackPointExtension>
        </extensions>
      </trkpt>
      <trkpt lat="29.99018057249486446380615234375" lon="120.2432801015675067901611328125">
        <ele>9.80000019073486328125</ele>
        <time>2026-07-25T12:18:07.000Z</time>
        <extensions>
          <ns3:TrackPointExtension>
            <ns3:hr>156</ns3:hr>
            <ns3:cad>88</ns3:cad>
          </ns3:TrackPointExtension>
        </extensions>
      </trkpt>
      <trkpt lat="29.99016799964010715484619140625" lon="120.24327180348336696624755859375">
        <ele>9.80000019073486328125</ele>
        <time>2026-07-25T12:18:08.000Z</time>
        <extensions>
          <ns3:TrackPointExtension>
            <ns3:hr>156</ns3:hr>
            <ns3:cad>88</ns3:cad>
          </ns3:TrackPointExtension>
        </extensions>
      </trkpt>
      <trkpt lat="29.990153498947620391845703125" lon="120.24325956590473651885986328125">
        <ele>9.80000019073486328125</ele>
        <time>2026-07-25T12:18:09.000Z</time>
        <extensions>
          <ns3:TrackPointExtension>
            <ns3:hr>156</ns3:hr>
            <ns3:cad>88</ns3:cad>
          </ns3:TrackPointExtension>
        </extensions>
      </trkpt>
      <trkpt lat="29.9901429377496242523193359375" lon="120.24325319565832614898681640625">
        <ele>9.80000019073486328125</ele>
        <time>2026-07-25T12:18:10.000Z</time>
        <extensions>
          <ns3:TrackPointExtension>
            <ns3:hr>156</ns3:hr>
            <ns3:cad>88</ns3:cad>
          </ns3:TrackPointExtension>
        </extensions>
      </trkpt>
      <trkpt lat="29.99012776650488376617431640625" lon="120.2432410418987274169921875">
        <ele>9.80000019073486328125</ele>
        <time>2026-07-25T12:18:11.000Z</time>
        <extensions>
          <ns3:TrackPointExtension>
            <ns3:hr>156</ns3:hr>
            <ns3:cad>88</ns3:cad>
          </ns3:TrackPointExtension>
        </extensions>
      </trkpt>
      <trkpt lat="29.9901120923459529876708984375" lon="120.24323341436684131622314453125">
        <ele>10</ele>
        <time>2026-07-25T12:18:12.000Z</time>
        <extensions>
          <ns3:TrackPointExtension>
            <ns3:hr>156</ns3:hr>
            <ns3:cad>88</ns3:cad>
          </ns3:TrackPointExtension>
        </extensions>
      </trkpt>
      <trkpt lat="29.99009809456765651702880859375" lon="120.2432254515588283538818359375">
        <ele>10</ele>
        <time>2026-07-25T12:18:13.000Z</time>
        <extensions>
          <ns3:TrackPointExtension>
            <ns3:hr>156</ns3:hr>
            <ns3:cad>88</ns3:cad>
          </ns3:TrackPointExtension>
        </extensions>
      </trkpt>
      <trkpt lat="29.9900792352855205535888671875" lon="120.24321220815181732177734375">
        <ele>10</ele>
        <time>2026-07-25T12:18:14.000Z</time>
        <extensions>
          <ns3:TrackPointExtension>
            <ns3:hr>156</ns3:hr>
            <ns3:cad>88</ns3:cad>
          </ns3:TrackPointExtension>
        </extensions>
      </trkpt>
      <trkpt lat="29.99006205238401889801025390625" lon="120.24320122785866260528564453125">
        <ele>10</ele>
        <time>2026-07-25T12:18:15.000Z</time>
        <extensions>
          <ns3:TrackPointExtension>
            <ns3:hr>156</ns3:hr>
            <ns3:cad>89</ns3:cad>
          </ns3:TrackPointExtension>
        </extensions>
      </trkpt>
      <trkpt lat="29.99004428274929523468017578125" lon="120.2431873977184295654296875">
        <ele>10</ele>
        <time>2026-07-25T12:18:16.000Z</time>
        <extensions>
          <ns3:TrackPointExtension>
            <ns3:hr>156</ns3:hr>
            <ns3:cad>89</ns3:cad>
          </ns3:TrackPointExtension>
        </extensions>
      </trkpt>
      <trkpt lat="29.9900286085903644561767578125" lon="120.2431808598339557647705078125">
        <ele>10</ele>
        <time>2026-07-25T12:18:17.000Z</time>
        <extensions>
          <ns3:TrackPointExtension>
            <ns3:hr>156</ns3:hr>
            <ns3:cad>88</ns3:cad>
          </ns3:TrackPointExtension>
        </extensions>
      </trkpt>
      <trkpt lat="29.99000840820372104644775390625" lon="120.24316795170307159423828125">
        <ele>10</ele>
        <time>2026-07-25T12:18:18.000Z</time>
        <extensions>
          <ns3:TrackPointExtension>
            <ns3:hr>156</ns3:hr>
            <ns3:cad>87</ns3:cad>
          </ns3:TrackPointExtension>
        </extensions>
      </trkpt>
      <trkpt lat="29.989990890026092529296875" lon="120.2431624196469783782958984375">
        <ele>10</ele>
        <time>2026-07-25T12:18:19.000Z</time>
        <extensions>
          <ns3:TrackPointExtension>
            <ns3:hr>156</ns3:hr>
            <ns3:cad>87</ns3:cad>
          </ns3:TrackPointExtension>
        </extensions>
      </trkpt>
      <trkpt lat="29.98997010290622711181640625" lon="120.2431503497064113616943359375">
        <ele>10</ele>
        <time>2026-07-25T12:18:20.000Z</time>
        <extensions>
          <ns3:TrackPointExtension>
            <ns3:hr>156</ns3:hr>
            <ns3:cad>88</ns3:cad>
          </ns3:TrackPointExtension>
        </extensions>
      </trkpt>
      <trkpt lat="29.989953003823757171630859375" lon="120.24314037524163722991943359375">
        <ele>10</ele>
        <time>2026-07-25T12:18:21.000Z</time>
        <extensions>
          <ns3:TrackPointExtension>
            <ns3:hr>156</ns3:hr>
            <ns3:cad>88</ns3:cad>
          </ns3:TrackPointExtension>
        </extensions>
      </trkpt>
      <trkpt lat="29.9899293668568134307861328125" lon="120.24312713183462619781494140625">
        <ele>10</ele>
        <time>2026-07-25T12:18:22.000Z</time>
        <extensions>
          <ns3:TrackPointExtension>
            <ns3:hr>156</ns3:hr>
            <ns3:cad>88</ns3:cad>
          </ns3:TrackPointExtension>
        </extensions>
      </trkpt>
      <trkpt lat="29.98991268686950206756591796875" lon="120.243121683597564697265625">
        <ele>10</ele>
        <time>2026-07-25T12:18:23.000Z</time>
        <extensions>
          <ns3:TrackPointExtension>
            <ns3:hr>156</ns3:hr>
            <ns3:cad>88</ns3:cad>
          </ns3:TrackPointExtension>
        </extensions>
      </trkpt>
      <trkpt lat="29.98988904990255832672119140625" lon="120.24310332722961902618408203125">
        <ele>10</ele>
        <time>2026-07-25T12:18:24.000Z</time>
        <extensions>
          <ns3:TrackPointExtension>
            <ns3:hr>155</ns3:hr>
            <ns3:cad>88</ns3:cad>
          </ns3:TrackPointExtension>
        </extensions>
      </trkpt>
      <trkpt lat="29.9898763932287693023681640625" lon="120.24309217929840087890625">
        <ele>10</ele>
        <time>2026-07-25T12:18:25.000Z</time>
        <extensions>
          <ns3:TrackPointExtension>
            <ns3:hr>156</ns3:hr>
            <ns3:cad>88</ns3:cad>
          </ns3:TrackPointExtension>
        </extensions>
      </trkpt>
      <trkpt lat="29.98985451646149158477783203125" lon="120.2430720627307891845703125">
        <ele>10</ele>
        <time>2026-07-25T12:18:26.000Z</time>
        <extensions>
          <ns3:TrackPointExtension>
            <ns3:hr>156</ns3:hr>
            <ns3:cad>88</ns3:cad>
          </ns3:TrackPointExtension>
        </extensions>
      </trkpt>
      <trkpt lat="29.98984144069254398345947265625" lon="120.24305890314280986785888671875">
        <ele>10</ele>
        <time>2026-07-25T12:18:27.000Z</time>
        <extensions>
          <ns3:TrackPointExtension>
            <ns3:hr>156</ns3:hr>
            <ns3:cad>88</ns3:cad>
          </ns3:TrackPointExtension>
        </extensions>
      </trkpt>
      <trkpt lat="29.9898217432200908660888671875" lon="120.24304515682160854339599609375">
        <ele>10</ele>
        <time>2026-07-25T12:18:28.000Z</time>
        <extensions>
          <ns3:TrackPointExtension>
            <ns3:hr>156</ns3:hr>
            <ns3:cad>88</ns3:cad>
          </ns3:TrackPointExtension>
        </extensions>
      </trkpt>
      <trkpt lat="29.989806823432445526123046875" lon="120.2430343441665172576904296875">
        <ele>10</ele>
        <time>2026-07-25T12:18:29.000Z</time>
        <extensions>
          <ns3:TrackPointExtension>
            <ns3:hr>156</ns3:hr>
            <ns3:cad>89</ns3:cad>
          </ns3:TrackPointExtension>
        </extensions>
      </trkpt>
      <trkpt lat="29.9897878803312778472900390625" lon="120.24302579462528228759765625">
        <ele>10</ele>
        <time>2026-07-25T12:18:30.000Z</time>
        <extensions>
          <ns3:TrackPointExtension>
            <ns3:hr>156</ns3:hr>
            <ns3:cad>89</ns3:cad>
          </ns3:TrackPointExtension>
        </extensions>
      </trkpt>
      <trkpt lat="29.9897669255733489990234375" lon="120.243006683886051177978515625">
        <ele>10.19999980926513671875</ele>
        <time>2026-07-25T12:18:31.000Z</time>
        <extensions>
          <ns3:TrackPointExtension>
            <ns3:hr>156</ns3:hr>
            <ns3:cad>89</ns3:cad>
          </ns3:TrackPointExtension>
        </extensions>
      </trkpt>
      <trkpt lat="29.98974706046283245086669921875" lon="120.242999978363513946533203125">
        <ele>10.19999980926513671875</ele>
        <time>2026-07-25T12:18:32.000Z</time>
        <extensions>
          <ns3:TrackPointExtension>
            <ns3:hr>156</ns3:hr>
            <ns3:cad>89</ns3:cad>
          </ns3:TrackPointExtension>
        </extensions>
      </trkpt>
      <trkpt lat="29.98972744680941104888916015625" lon="120.242987237870693206787109375">
        <ele>10.19999980926513671875</ele>
        <time>2026-07-25T12:18:33.000Z</time>
        <extensions>
          <ns3:TrackPointExtension>
            <ns3:hr>156</ns3:hr>
            <ns3:cad>89</ns3:cad>
          </ns3:TrackPointExtension>
        </extensions>
      </trkpt>
      <trkpt lat="29.9897060729563236236572265625" lon="120.242974497377872467041015625">
        <ele>10.19999980926513671875</ele>
        <time>2026-07-25T12:18:34.000Z</time>
        <extensions>
          <ns3:TrackPointExtension>
            <ns3:hr>155</ns3:hr>
            <ns3:cad>89</ns3:cad>
          </ns3:TrackPointExtension>
        </extensions>
      </trkpt>
      <trkpt lat="29.9896864593029022216796875" lon="120.24295681156218051910400390625">
        <ele>10.19999980926513671875</ele>
        <time>2026-07-25T12:18:35.000Z</time>
        <extensions>
          <ns3:TrackPointExtension>
            <ns3:hr>156</ns3:hr>
            <ns3:cad>87</ns3:cad>
          </ns3:TrackPointExtension>
        </extensions>
      </trkpt>
      <trkpt lat="29.98966944403946399688720703125" lon="120.24294625036418437957763671875">
        <ele>10.19999980926513671875</ele>
        <time>2026-07-25T12:18:36.000Z</time>
        <extensions>
          <ns3:TrackPointExtension>
            <ns3:hr>156</ns3:hr>
            <ns3:cad>87</ns3:cad>
          </ns3:TrackPointExtension>
        </extensions>
      </trkpt>
      <trkpt lat="29.98964832164347171783447265625" lon="120.24292982183396816253662109375">
        <ele>10</ele>
        <time>2026-07-25T12:18:37.000Z</time>
        <extensions>
          <ns3:TrackPointExtension>
            <ns3:hr>155</ns3:hr>
            <ns3:cad>87</ns3:cad>
          </ns3:TrackPointExtension>
        </extensions>
      </trkpt>
      <trkpt lat="29.98963373713195323944091796875" lon="120.24291976355016231536865234375">
        <ele>10.19999980926513671875</ele>
        <time>2026-07-25T12:18:38.000Z</time>
        <extensions>
          <ns3:TrackPointExtension>
            <ns3:hr>156</ns3:hr>
            <ns3:cad>87</ns3:cad>
          </ns3:TrackPointExtension>
        </extensions>
      </trkpt>
      <trkpt lat="29.989610351622104644775390625" lon="120.242900066077709197998046875">
        <ele>10.19999980926513671875</ele>
        <time>2026-07-25T12:18:39.000Z</time>
        <extensions>
          <ns3:TrackPointExtension>
            <ns3:hr>156</ns3:hr>
            <ns3:cad>88</ns3:cad>
          </ns3:TrackPointExtension>
        </extensions>
      </trkpt>
      <trkpt lat="29.9895944260060787200927734375" lon="120.24289570748805999755859375">
        <ele>10.19999980926513671875</ele>
        <time>2026-07-25T12:18:40.000Z</time>
        <extensions>
          <ns3:TrackPointExtension>
            <ns3:hr>156</ns3:hr>
            <ns3:cad>88</ns3:cad>
          </ns3:TrackPointExtension>
        </extensions>
      </trkpt>
      <trkpt lat="29.98957447707653045654296875" lon="120.242885984480381011962890625">
        <ele>10.19999980926513671875</ele>
        <time>2026-07-25T12:18:41.000Z</time>
        <extensions>
          <ns3:TrackPointExtension>
            <ns3:hr>156</ns3:hr>
            <ns3:cad>88</ns3:cad>
          </ns3:TrackPointExtension>
        </extensions>
      </trkpt>
      <trkpt lat="29.9895615689456462860107421875" lon="120.242878608405590057373046875">
        <ele>10.19999980926513671875</ele>
        <time>2026-07-25T12:18:42.000Z</time>
        <extensions>
          <ns3:TrackPointExtension>
            <ns3:hr>156</ns3:hr>
            <ns3:cad>88</ns3:cad>
          </ns3:TrackPointExtension>
        </extensions>
      </trkpt>
      <trkpt lat="29.98953969217836856842041015625" lon="120.2428626827895641326904296875">
        <ele>10.19999980926513671875</ele>
        <time>2026-07-25T12:18:43.000Z</time>
        <extensions>
          <ns3:TrackPointExtension>
            <ns3:hr>156</ns3:hr>
            <ns3:cad>88</ns3:cad>
          </ns3:TrackPointExtension>
        </extensions>
      </trkpt>
      <trkpt lat="29.989525191485881805419921875" lon="120.24285220541059970855712890625">
        <ele>10.19999980926513671875</ele>
        <time>2026-07-25T12:18:44.000Z</time>
        <extensions>
          <ns3:TrackPointExtension>
            <ns3:hr>156</ns3:hr>
            <ns3:cad>88</ns3:cad>
          </ns3:TrackPointExtension>
        </extensions>
      </trkpt>
      <trkpt lat="29.98950264416635036468505859375" lon="120.24283912964165210723876953125">
        <ele>10.19999980926513671875</ele>
        <time>2026-07-25T12:18:45.000Z</time>
        <extensions>
          <ns3:TrackPointExtension>
            <ns3:hr>156</ns3:hr>
            <ns3:cad>88</ns3:cad>
          </ns3:TrackPointExtension>
        </extensions>
      </trkpt>
      <trkpt lat="29.98948269523680210113525390625" lon="120.24282856844365596771240234375">
        <ele>10.3999996185302734375</ele>
        <time>2026-07-25T12:18:46.000Z</time>
        <extensions>
          <ns3:TrackPointExtension>
            <ns3:hr>156</ns3:hr>
            <ns3:cad>88</ns3:cad>
          </ns3:TrackPointExtension>
        </extensions>
      </trkpt>
      <trkpt lat="29.9894589744508266448974609375" lon="120.24281633086502552032470703125">
        <ele>10.3999996185302734375</ele>
        <time>2026-07-25T12:18:47.000Z</time>
        <extensions>
          <ns3:TrackPointExtension>
            <ns3:hr>156</ns3:hr>
            <ns3:cad>88</ns3:cad>
          </ns3:TrackPointExtension>
        </extensions>
      </trkpt>
      <trkpt lat="29.989438354969024658203125" lon="120.24280325509607791900634765625">
        <ele>10.3999996185302734375</ele>
        <time>2026-07-25T12:18:48.000Z</time>
        <extensions>
          <ns3:TrackPointExtension>
            <ns3:hr>156</ns3:hr>
            <ns3:cad>88</ns3:cad>
          </ns3:TrackPointExtension>
        </extensions>
      </trkpt>
      <trkpt lat="29.9894170649349689483642578125" lon="120.24279110133647918701171875">
        <ele>10.3999996185302734375</ele>
        <time>2026-07-25T12:18:49.000Z</time>
        <extensions>
          <ns3:TrackPointExtension>
            <ns3:hr>156</ns3:hr>
            <ns3:cad>88</ns3:cad>
          </ns3:TrackPointExtension>
        </extensions>
      </trkpt>
      <trkpt lat="29.9893949367105960845947265625" lon="120.24277861230075359344482421875">
        <ele>10.19999980926513671875</ele>
        <time>2026-07-25T12:18:50.000Z</time>
        <extensions>
          <ns3:TrackPointExtension>
            <ns3:hr>156</ns3:hr>
            <ns3:cad>88</ns3:cad>
          </ns3:TrackPointExtension>
        </extensions>
      </trkpt>
      <trkpt lat="29.98937255702912807464599609375" lon="120.242767632007598876953125">
        <ele>10.3999996185302734375</ele>
        <time>2026-07-25T12:18:51.000Z</time>
        <extensions>
          <ns3:TrackPointExtension>
            <ns3:hr>157</ns3:hr>
            <ns3:cad>88</ns3:cad>
          </ns3:TrackPointExtension>
        </extensions>
      </trkpt>
      <trkpt lat="29.98935244046151638031005859375" lon="120.24275162257254123687744140625">
        <ele>10.3999996185302734375</ele>
        <time>2026-07-25T12:18:52.000Z</time>
        <extensions>
          <ns3:TrackPointExtension>
            <ns3:hr>157</ns3:hr>
            <ns3:cad>88</ns3:cad>
          </ns3:TrackPointExtension>
        </extensions>
      </trkpt>
      <trkpt lat="29.98933349736034870147705078125" lon="120.24274810217320919036865234375">
        <ele>10.3999996185302734375</ele>
        <time>2026-07-25T12:18:53.000Z</time>
        <extensions>
          <ns3:TrackPointExtension>
            <ns3:hr>157</ns3:hr>
            <ns3:cad>88</ns3:cad>
          </ns3:TrackPointExtension>
        </extensions>
      </trkpt>
      <trkpt lat="29.98931287787854671478271484375" lon="120.24273100309073925018310546875">
        <ele>10.3999996185302734375</ele>
        <time>2026-07-25T12:18:54.000Z</time>
        <extensions>
          <ns3:TrackPointExtension>
            <ns3:hr>157</ns3:hr>
            <ns3:cad>87</ns3:cad>
          </ns3:TrackPointExtension>
        </extensions>
      </trkpt>
      <trkpt lat="29.9892977066338062286376953125" lon="120.2427235431969165802001953125">
        <ele>10.3999996185302734375</ele>
        <time>2026-07-25T12:18:55.000Z</time>
        <extensions>
          <ns3:TrackPointExtension>
            <ns3:hr>158</ns3:hr>
            <ns3:cad>87</ns3:cad>
          </ns3:TrackPointExtension>
        </extensions>
      </trkpt>
      <trkpt lat="29.9892747402191162109375" lon="120.24270837195217609405517578125">
        <ele>10.19999980926513671875</ele>
        <time>2026-07-25T12:18:56.000Z</time>
        <extensions>
          <ns3:TrackPointExtension>
            <ns3:hr>158</ns3:hr>
            <ns3:cad>87</ns3:cad>
          </ns3:TrackPointExtension>
        </extensions>
      </trkpt>
      <trkpt lat="29.98926074244081974029541015625" lon="120.24269999004900455474853515625">
        <ele>10.19999980926513671875</ele>
        <time>2026-07-25T12:18:57.000Z</time>
        <extensions>
          <ns3:TrackPointExtension>
            <ns3:hr>158</ns3:hr>
            <ns3:cad>87</ns3:cad>
          </ns3:TrackPointExtension>
        </extensions>
      </trkpt>
      <trkpt lat="29.9892393685877323150634765625" lon="120.242685489356517791748046875">
        <ele>10.19999980926513671875</ele>
        <time>2026-07-25T12:18:58.000Z</time>
        <extensions>
          <ns3:TrackPointExtension>
            <ns3:hr>159</ns3:hr>
            <ns3:cad>88</ns3:cad>
          </ns3:TrackPointExtension>
        </extensions>
      </trkpt>
      <trkpt lat="29.9892272986471652984619140625" lon="120.24267568252980709075927734375">
        <ele>10.19999980926513671875</ele>
        <time>2026-07-25T12:18:59.000Z</time>
        <extensions>
          <ns3:TrackPointExtension>
            <ns3:hr>159</ns3:hr>
            <ns3:cad>88</ns3:cad>
          </ns3:TrackPointExtension>
        </extensions>
      </trkpt>
      <trkpt lat="29.98920827172696590423583984375" lon="120.2426568232476711273193359375">
        <ele>10.19999980926513671875</ele>
        <time>2026-07-25T12:19:00.000Z</time>
        <extensions>
          <ns3:TrackPointExtension>
            <ns3:hr>160</ns3:hr>
            <ns3:cad>88</ns3:cad>
          </ns3:TrackPointExtension>
        </extensions>
      </trkpt>
      <trkpt lat="29.98919301666319370269775390625" lon="120.24264433421194553375244140625">
        <ele>10.19999980926513671875</ele>
        <time>2026-07-25T12:19:01.000Z</time>
        <extensions>
          <ns3:TrackPointExtension>
            <ns3:hr>160</ns3:hr>
            <ns3:cad>88</ns3:cad>
          </ns3:TrackPointExtension>
        </extensions>
      </trkpt>
      <trkpt lat="29.98917491175234317779541015625" lon="120.24263276718556880950927734375">
        <ele>10.19999980926513671875</ele>
        <time>2026-07-25T12:19:02.000Z</time>
        <extensions>
          <ns3:TrackPointExtension>
            <ns3:hr>159</ns3:hr>
            <ns3:cad>88</ns3:cad>
          </ns3:TrackPointExtension>
        </extensions>
      </trkpt>
      <trkpt lat="29.98915730975568294525146484375" lon="120.24262036196887493133544921875">
        <ele>10.19999980926513671875</ele>
        <time>2026-07-25T12:19:03.000Z</time>
        <extensions>
          <ns3:TrackPointExtension>
            <ns3:hr>159</ns3:hr>
            <ns3:cad>88</ns3:cad>
          </ns3:TrackPointExtension>
        </extensions>
      </trkpt>
      <trkpt lat="29.98913786374032497406005859375" lon="120.2426105551421642303466796875">
        <ele>10.3999996185302734375</ele>
        <time>2026-07-25T12:19:04.000Z</time>
        <extensions>
          <ns3:TrackPointExtension>
            <ns3:hr>159</ns3:hr>
            <ns3:cad>88</ns3:cad>
          </ns3:TrackPointExtension>
        </extensions>
      </trkpt>
      <trkpt lat="29.98911875300109386444091796875" lon="120.24259370751678943634033203125">
        <ele>10.3999996185302734375</ele>
        <time>2026-07-25T12:19:05.000Z</time>
        <extensions>
          <ns3:TrackPointExtension>
            <ns3:hr>159</ns3:hr>
            <ns3:cad>88</ns3:cad>
          </ns3:TrackPointExtension>
        </extensions>
      </trkpt>
      <trkpt lat="29.9890985526144504547119140625" lon="120.24258180521428585052490234375">
        <ele>10.3999996185302734375</ele>
        <time>2026-07-25T12:19:06.000Z</time>
        <extensions>
          <ns3:TrackPointExtension>
            <ns3:hr>160</ns3:hr>
            <ns3:cad>88</ns3:cad>
          </ns3:TrackPointExtension>
        </extensions>
      </trkpt>
      <trkpt lat="29.98907885514199733734130859375" lon="120.2425639517605304718017578125">
        <ele>10.3999996185302734375</ele>
        <time>2026-07-25T12:19:07.000Z</time>
        <extensions>
          <ns3:TrackPointExtension>
            <ns3:hr>160</ns3:hr>
            <ns3:cad>88</ns3:cad>
          </ns3:TrackPointExtension>
        </extensions>
      </trkpt>
      <trkpt lat="29.98906192369759082794189453125" lon="120.24255582131445407867431640625">
        <ele>10.3999996185302734375</ele>
        <time>2026-07-25T12:19:08.000Z</time>
        <extensions>
          <ns3:TrackPointExtension>
            <ns3:hr>160</ns3:hr>
            <ns3:cad>88</ns3:cad>
          </ns3:TrackPointExtension>
        </extensions>
      </trkpt>
      <trkpt lat="29.9890415556728839874267578125" lon="120.2425436675548553466796875">
        <ele>10.3999996185302734375</ele>
        <time>2026-07-25T12:19:09.000Z</time>
        <extensions>
          <ns3:TrackPointExtension>
            <ns3:hr>160</ns3:hr>
            <ns3:cad>87</ns3:cad>
          </ns3:TrackPointExtension>
        </extensions>
      </trkpt>
      <trkpt lat="29.98902420513331890106201171875" lon="120.24253721348941326141357421875">
        <ele>10.19999980926513671875</ele>
        <time>2026-07-25T12:19:10.000Z</time>
        <extensions>
          <ns3:TrackPointExtension>
            <ns3:hr>160</ns3:hr>
            <ns3:cad>88</ns3:cad>
          </ns3:TrackPointExtension>
        </extensions>
      </trkpt>
      <trkpt lat="29.9890033341944217681884765625" lon="120.24252397008240222930908203125">
        <ele>10.19999980926513671875</ele>
        <time>2026-07-25T12:19:11.000Z</time>
        <extensions>
          <ns3:TrackPointExtension>
            <ns3:hr>160</ns3:hr>
            <ns3:cad>88</ns3:cad>
          </ns3:TrackPointExtension>
        </extensions>
      </trkpt>
      <trkpt lat="29.98898967169225215911865234375" lon="120.242517180740833282470703125">
        <ele>10.19999980926513671875</ele>
        <time>2026-07-25T12:19:12.000Z</time>
        <extensions>
          <ns3:TrackPointExtension>
            <ns3:hr>161</ns3:hr>
            <ns3:cad>89</ns3:cad>
          </ns3:TrackPointExtension>
        </extensions>
      </trkpt>
      <trkpt lat="29.988968633115291595458984375" lon="120.24250318296253681182861328125">
        <ele>10.19999980926513671875</ele>
        <time>2026-07-25T12:19:13.000Z</time>
        <extensions>
          <ns3:TrackPointExtension>
            <ns3:hr>161</ns3:hr>
            <ns3:cad>88</ns3:cad>
          </ns3:TrackPointExtension>
        </extensions>
      </trkpt>
      <trkpt lat="29.9889570660889148712158203125" lon="120.2424878440797328948974609375">
        <ele>10.19999980926513671875</ele>
        <time>2026-07-25T12:19:14.000Z</time>
        <extensions>
          <ns3:TrackPointExtension>
            <ns3:hr>161</ns3:hr>
            <ns3:cad>88</ns3:cad>
          </ns3:TrackPointExtension>
        </extensions>
      </trkpt>
      <trkpt lat="29.98895295895636081695556640625" lon="120.24246429093182086944580078125">
        <ele>10.19999980926513671875</ele>
        <time>2026-07-25T12:19:15.000Z</time>
        <extensions>
          <ns3:TrackPointExtension>
            <ns3:hr>160</ns3:hr>
            <ns3:cad>88</ns3:cad>
          </ns3:TrackPointExtension>
        </extensions>
      </trkpt>
      <trkpt lat="29.98896025121212005615234375" lon="120.24243839085102081298828125">
        <ele>10.19999980926513671875</ele>
        <time>2026-07-25T12:19:16.000Z</time>
        <extensions>
          <ns3:TrackPointExtension>
            <ns3:hr>161</ns3:hr>
            <ns3:cad>88</ns3:cad>
          </ns3:TrackPointExtension>
        </extensions>
      </trkpt>
      <trkpt lat="29.98896502889692783355712890625" lon="120.2424184419214725494384765625">
        <ele>10</ele>
        <time>2026-07-25T12:19:17.000Z</time>
        <extensions>
          <ns3:TrackPointExtension>
            <ns3:hr>161</ns3:hr>
            <ns3:cad>88</ns3:cad>
          </ns3:TrackPointExtension>
        </extensions>
      </trkpt>
      <trkpt lat="29.988976009190082550048828125" lon="120.242395140230655670166015625">
        <ele>10</ele>
        <time>2026-07-25T12:19:18.000Z</time>
        <extensions>
          <ns3:TrackPointExtension>
            <ns3:hr>160</ns3:hr>
            <ns3:cad>87</ns3:cad>
          </ns3:TrackPointExtension>
        </extensions>
      </trkpt>
      <trkpt lat="29.9889835529029369354248046875" lon="120.2423755265772342681884765625">
        <ele>10</ele>
        <time>2026-07-25T12:19:19.000Z</time>
        <extensions>
          <ns3:TrackPointExtension>
            <ns3:hr>161</ns3:hr>
            <ns3:cad>86</ns3:cad>
          </ns3:TrackPointExtension>
        </extensions>
      </trkpt>
      <trkpt lat="29.988996796309947967529296875" lon="120.24235432036221027374267578125">
        <ele>10.19999980926513671875</ele>
        <time>2026-07-25T12:19:20.000Z</time>
        <extensions>
          <ns3:TrackPointExtension>
            <ns3:hr>161</ns3:hr>
            <ns3:cad>86</ns3:cad>
          </ns3:TrackPointExtension>
        </extensions>
      </trkpt>
      <trkpt lat="29.9890056811273097991943359375" lon="120.24233655072748661041259765625">
        <ele>10.19999980926513671875</ele>
        <time>2026-07-25T12:19:21.000Z</time>
        <extensions>
          <ns3:TrackPointExtension>
            <ns3:hr>160</ns3:hr>
            <ns3:cad>86</ns3:cad>
          </ns3:TrackPointExtension>
        </extensions>
      </trkpt>
      <trkpt lat="29.989016912877559661865234375" lon="120.24230956099927425384521484375">
        <ele>10.19999980926513671875</ele>
        <time>2026-07-25T12:19:22.000Z</time>
        <extensions>
          <ns3:TrackPointExtension>
            <ns3:hr>160</ns3:hr>
            <ns3:cad>86</ns3:cad>
          </ns3:TrackPointExtension>
        </extensions>
      </trkpt>
      <trkpt lat="29.989022947847843170166015625" lon="120.24229179136455059051513671875">
        <ele>10.3999996185302734375</ele>
        <time>2026-07-25T12:19:23.000Z</time>
        <extensions>
          <ns3:TrackPointExtension>
            <ns3:hr>160</ns3:hr>
            <ns3:cad>87</ns3:cad>
          </ns3:TrackPointExtension>
        </extensions>
      </trkpt>
      <trkpt lat="29.9890281446278095245361328125" lon="120.24226916022598743438720703125">
        <ele>10.3999996185302734375</ele>
        <time>2026-07-25T12:19:24.000Z</time>
        <extensions>
          <ns3:TrackPointExtension>
            <ns3:hr>159</ns3:hr>
            <ns3:cad>87</ns3:cad>
          </ns3:TrackPointExtension>
        </extensions>
      </trkpt>
      <trkpt lat="29.98903392814099788665771484375" lon="120.2422486245632171630859375">
        <ele>10.3999996185302734375</ele>
        <time>2026-07-25T12:19:25.000Z</time>
        <extensions>
          <ns3:TrackPointExtension>
            <ns3:hr>159</ns3:hr>
            <ns3:cad>87</ns3:cad>
          </ns3:TrackPointExtension>
        </extensions>
      </trkpt>
      <trkpt lat="29.9890341795980930328369140625" lon="120.24222850799560546875">
        <ele>10.3999996185302734375</ele>
        <time>2026-07-25T12:19:26.000Z</time>
        <extensions>
          <ns3:TrackPointExtension>
            <ns3:hr>159</ns3:hr>
            <ns3:cad>87</ns3:cad>
          </ns3:TrackPointExtension>
        </extensions>
      </trkpt>
      <trkpt lat="29.98904935084283351898193359375" lon="120.24221668951213359832763671875">
        <ele>10.3999996185302734375</ele>
        <time>2026-07-25T12:19:27.000Z</time>
        <extensions>
          <ns3:TrackPointExtension>
            <ns3:hr>159</ns3:hr>
            <ns3:cad>88</ns3:cad>
          </ns3:TrackPointExtension>
        </extensions>
      </trkpt>
      <trkpt lat="29.989063180983066558837890625" lon="120.242222137749195098876953125">
        <ele>10.3999996185302734375</ele>
        <time>2026-07-25T12:19:28.000Z</time>
        <extensions>
          <ns3:TrackPointExtension>
            <ns3:hr>159</ns3:hr>
            <ns3:cad>88</ns3:cad>
          </ns3:TrackPointExtension>
        </extensions>
      </trkpt>
      <trkpt lat="29.98908153735101222991943359375" lon="120.24223445914685726165771484375">
        <ele>10.3999996185302734375</ele>
        <time>2026-07-25T12:19:29.000Z</time>
        <extensions>
          <ns3:TrackPointExtension>
            <ns3:hr>158</ns3:hr>
            <ns3:cad>86</ns3:cad>
          </ns3:TrackPointExtension>
        </extensions>
      </trkpt>
      <trkpt lat="29.9890978820621967315673828125" lon="120.2422524802386760711669921875">
        <ele>10.3999996185302734375</ele>
        <time>2026-07-25T12:19:30.000Z</time>
        <extensions>
          <ns3:TrackPointExtension>
            <ns3:hr>158</ns3:hr>
            <ns3:cad>85</ns3:cad>
          </ns3:TrackPointExtension>
        </extensions>
      </trkpt>
      <trkpt lat="29.98911640606820583343505859375" lon="120.2422655560076236724853515625">
        <ele>10.3999996185302734375</ele>
        <time>2026-07-25T12:19:31.000Z</time>
        <extensions>
          <ns3:TrackPointExtension>
            <ns3:hr>158</ns3:hr>
            <ns3:cad>84</ns3:cad>
          </ns3:TrackPointExtension>
        </extensions>
      </trkpt>
      <trkpt lat="29.989137612283229827880859375" lon="120.24228491820394992828369140625">
        <ele>10.3999996185302734375</ele>
        <time>2026-07-25T12:19:32.000Z</time>
        <extensions>
          <ns3:TrackPointExtension>
            <ns3:hr>158</ns3:hr>
            <ns3:cad>84</ns3:cad>
          </ns3:TrackPointExtension>
        </extensions>
      </trkpt>
      <trkpt lat="29.98915311880409717559814453125" lon="120.24229330010712146759033203125">
        <ele>10.3999996185302734375</ele>
        <time>2026-07-25T12:19:33.000Z</time>
        <extensions>
          <ns3:TrackPointExtension>
            <ns3:hr>158</ns3:hr>
            <ns3:cad>83</ns3:cad>
          </ns3:TrackPointExtension>
        </extensions>
      </trkpt>
      <trkpt lat="29.9891749955713748931884765625" lon="120.24230939336121082305908203125">
        <ele>10.3999996185302734375</ele>
        <time>2026-07-25T12:19:34.000Z</time>
        <extensions>
          <ns3:TrackPointExtension>
            <ns3:hr>158</ns3:hr>
            <ns3:cad>83</ns3:cad>
          </ns3:TrackPointExtension>
        </extensions>
      </trkpt>
      <trkpt lat="29.9891884066164493560791015625" lon="120.24231903254985809326171875">
        <ele>10.3999996185302734375</ele>
        <time>2026-07-25T12:19:35.000Z</time>
        <extensions>
          <ns3:TrackPointExtension>
            <ns3:hr>158</ns3:hr>
            <ns3:cad>84</ns3:cad>
          </ns3:TrackPointExtension>
        </extensions>
      </trkpt>
      <trkpt lat="29.9892081879079341888427734375" lon="120.24233604781329631805419921875">
        <ele>10.3999996185302734375</ele>
        <time>2026-07-25T12:19:36.000Z</time>
        <extensions>
          <ns3:TrackPointExtension>
            <ns3:hr>158</ns3:hr>
            <ns3:cad>85</ns3:cad>
          </ns3:TrackPointExtension>
        </extensions>
      </trkpt>
      <trkpt lat="29.98922235332429409027099609375" lon="120.2423450164496898651123046875">
        <ele>10.3999996185302734375</ele>
        <time>2026-07-25T12:19:37.000Z</time>
        <extensions>
          <ns3:TrackPointExtension>
            <ns3:hr>158</ns3:hr>
            <ns3:cad>85</ns3:cad>
          </ns3:TrackPointExtension>
        </extensions>
      </trkpt>
      <trkpt lat="29.98924062587320804595947265625" lon="120.24235649965703487396240234375">
        <ele>10.3999996185302734375</ele>
        <time>2026-07-25T12:19:38.000Z</time>
        <extensions>
          <ns3:TrackPointExtension>
            <ns3:hr>159</ns3:hr>
            <ns3:cad>86</ns3:cad>
          </ns3:TrackPointExtension>
        </extensions>
      </trkpt>
      <trkpt lat="29.98925588093698024749755859375" lon="120.24236739613115787506103515625">
        <ele>10.3999996185302734375</ele>
        <time>2026-07-25T12:19:39.000Z</time>
        <extensions>
          <ns3:TrackPointExtension>
            <ns3:hr>159</ns3:hr>
            <ns3:cad>87</ns3:cad>
          </ns3:TrackPointExtension>
        </extensions>
      </trkpt>
      <trkpt lat="29.98927348293364048004150390625" lon="120.24237762205302715301513671875">
        <ele>10.3999996185302734375</ele>
        <time>2026-07-25T12:19:40.000Z</time>
        <extensions>
          <ns3:TrackPointExtension>
            <ns3:hr>159</ns3:hr>
            <ns3:cad>87</ns3:cad>
          </ns3:TrackPointExtension>
        </extensions>
      </trkpt>
      <trkpt lat="29.98928823508322238922119140625" lon="120.242391116917133331298828125">
        <ele>10.3999996185302734375</ele>
        <time>2026-07-25T12:19:41.000Z</time>
        <extensions>
          <ns3:TrackPointExtension>
            <ns3:hr>159</ns3:hr>
            <ns3:cad>88</ns3:cad>
          </ns3:TrackPointExtension>
        </extensions>
      </trkpt>
      <trkpt lat="29.989303909242153167724609375" lon="120.2424016781151294708251953125">
        <ele>10.3999996185302734375</ele>
        <time>2026-07-25T12:19:42.000Z</time>
        <extensions>
          <ns3:TrackPointExtension>
            <ns3:hr>159</ns3:hr>
            <ns3:cad>88</ns3:cad>
          </ns3:TrackPointExtension>
        </extensions>
      </trkpt>
      <trkpt lat="29.989322014153003692626953125" lon="120.24241483770310878753662109375">
        <ele>10.3999996185302734375</ele>
        <time>2026-07-25T12:19:43.000Z</time>
        <extensions>
          <ns3:TrackPointExtension>
            <ns3:hr>159</ns3:hr>
            <ns3:cad>88</ns3:cad>
          </ns3:TrackPointExtension>
        </extensions>
      </trkpt>
      <trkpt lat="29.98933735303580760955810546875" lon="120.242421291768550872802734375">
        <ele>10.3999996185302734375</ele>
        <time>2026-07-25T12:19:44.000Z</time>
        <extensions>
          <ns3:TrackPointExtension>
            <ns3:hr>159</ns3:hr>
            <ns3:cad>88</ns3:cad>
          </ns3:TrackPointExtension>
        </extensions>
      </trkpt>
      <trkpt lat="29.98935721814632415771484375" lon="120.2424392290413379669189453125">
        <ele>10.3999996185302734375</ele>
        <time>2026-07-25T12:19:45.000Z</time>
        <extensions>
          <ns3:TrackPointExtension>
            <ns3:hr>159</ns3:hr>
            <ns3:cad>88</ns3:cad>
          </ns3:TrackPointExtension>
        </extensions>
      </trkpt>
      <trkpt lat="29.98937331140041351318359375" lon="120.2424449287354946136474609375">
        <ele>10.3999996185302734375</ele>
        <time>2026-07-25T12:19:46.000Z</time>
        <extensions>
          <ns3:TrackPointExtension>
            <ns3:hr>159</ns3:hr>
            <ns3:cad>88</ns3:cad>
          </ns3:TrackPointExtension>
        </extensions>
      </trkpt>
      <trkpt lat="29.98939502052962779998779296875" lon="120.24245926178991794586181640625">
        <ele>10.3999996185302734375</ele>
        <time>2026-07-25T12:19:47.000Z</time>
        <extensions>
          <ns3:TrackPointExtension>
            <ns3:hr>159</ns3:hr>
            <ns3:cad>87</ns3:cad>
          </ns3:TrackPointExtension>
        </extensions>
      </trkpt>
      <trkpt lat="29.989409185945987701416015625" lon="120.2424660511314868927001953125">
        <ele>10.19999980926513671875</ele>
        <time>2026-07-25T12:19:48.000Z</time>
        <extensions>
          <ns3:TrackPointExtension>
            <ns3:hr>160</ns3:hr>
            <ns3:cad>87</ns3:cad>
          </ns3:TrackPointExtension>
        </extensions>
      </trkpt>
      <trkpt lat="29.98943206854164600372314453125" lon="120.2424848265945911407470703125">
        <ele>10.19999980926513671875</ele>
        <time>2026-07-25T12:19:49.000Z</time>
        <extensions>
          <ns3:TrackPointExtension>
            <ns3:hr>160</ns3:hr>
            <ns3:cad>87</ns3:cad>
          </ns3:TrackPointExtension>
        </extensions>
      </trkpt>
      <trkpt lat="29.989450760185718536376953125" lon="120.2424953877925872802734375">
        <ele>10.19999980926513671875</ele>
        <time>2026-07-25T12:19:50.000Z</time>
        <extensions>
          <ns3:TrackPointExtension>
            <ns3:hr>160</ns3:hr>
            <ns3:cad>87</ns3:cad>
          </ns3:TrackPointExtension>
        </extensions>
      </trkpt>
      <trkpt lat="29.98947414569556713104248046875" lon="120.2425096370279788970947265625">
        <ele>10.3999996185302734375</ele>
        <time>2026-07-25T12:19:51.000Z</time>
        <extensions>
          <ns3:TrackPointExtension>
            <ns3:hr>160</ns3:hr>
            <ns3:cad>87</ns3:cad>
          </ns3:TrackPointExtension>
        </extensions>
      </trkpt>
      <trkpt lat="29.98949191533029079437255859375" lon="120.24251676164567470550537109375">
        <ele>10.3999996185302734375</ele>
        <time>2026-07-25T12:19:52.000Z</time>
        <extensions>
          <ns3:TrackPointExtension>
            <ns3:hr>160</ns3:hr>
            <ns3:cad>87</ns3:cad>
          </ns3:TrackPointExtension>
        </extensions>
      </trkpt>
      <trkpt lat="29.9895147979259490966796875" lon="120.24252698756754398345947265625">
        <ele>10.3999996185302734375</ele>
        <time>2026-07-25T12:19:53.000Z</time>
        <extensions>
          <ns3:TrackPointExtension>
            <ns3:hr>161</ns3:hr>
            <ns3:cad>87</ns3:cad>
          </ns3:TrackPointExtension>
        </extensions>
      </trkpt>
      <trkpt lat="29.98952996917068958282470703125" lon="120.24253989569842815399169921875">
        <ele>10.3999996185302734375</ele>
        <time>2026-07-25T12:19:54.000Z</time>
        <extensions>
          <ns3:TrackPointExtension>
            <ns3:hr>160</ns3:hr>
            <ns3:cad>88</ns3:cad>
          </ns3:TrackPointExtension>
        </extensions>
      </trkpt>
      <trkpt lat="29.9895498342812061309814453125" lon="120.2425517141819000244140625">
        <ele>10.3999996185302734375</ele>
        <time>2026-07-25T12:19:55.000Z</time>
        <extensions>
          <ns3:TrackPointExtension>
            <ns3:hr>160</ns3:hr>
            <ns3:cad>88</ns3:cad>
          </ns3:TrackPointExtension>
        </extensions>
      </trkpt>
      <trkpt lat="29.9895676039159297943115234375" lon="120.2425676397979259490966796875">
        <ele>10.3999996185302734375</ele>
        <time>2026-07-25T12:19:56.000Z</time>
        <extensions>
          <ns3:TrackPointExtension>
            <ns3:hr>161</ns3:hr>
            <ns3:cad>88</ns3:cad>
          </ns3:TrackPointExtension>
        </extensions>
      </trkpt>
      <trkpt lat="29.98958428390324115753173828125" lon="120.2425766922533512115478515625">
        <ele>10.3999996185302734375</ele>
        <time>2026-07-25T12:19:57.000Z</time>
        <extensions>
          <ns3:TrackPointExtension>
            <ns3:hr>160</ns3:hr>
            <ns3:cad>88</ns3:cad>
          </ns3:TrackPointExtension>
        </extensions>
      </trkpt>
      <trkpt lat="29.989606998860836029052734375" lon="120.24259085766971111297607421875">
        <ele>10.19999980926513671875</ele>
        <time>2026-07-25T12:19:58.000Z</time>
        <extensions>
          <ns3:TrackPointExtension>
            <ns3:hr>161</ns3:hr>
            <ns3:cad>88</ns3:cad>
          </ns3:TrackPointExtension>
        </extensions>
      </trkpt>
      <trkpt lat="29.98962267301976680755615234375" lon="120.24259840138256549835205078125">
        <ele>10.19999980926513671875</ele>
        <time>2026-07-25T12:19:59.000Z</time>
        <extensions>
          <ns3:TrackPointExtension>
            <ns3:hr>161</ns3:hr>
            <ns3:cad>87</ns3:cad>
          </ns3:TrackPointExtension>
        </extensions>
      </trkpt>
      <trkpt lat="29.98964111320674419403076171875" lon="120.2426095493137836456298828125">
        <ele>10.19999980926513671875</ele>
        <time>2026-07-25T12:20:00.000Z</time>
        <extensions>
          <ns3:TrackPointExtension>
            <ns3:hr>161</ns3:hr>
            <ns3:cad>87</ns3:cad>
          </ns3:TrackPointExtension>
        </extensions>
      </trkpt>
      <trkpt lat="29.9896554462611675262451171875" lon="120.2426155842840671539306640625">
        <ele>10</ele>
        <time>2026-07-25T12:20:01.000Z</time>
        <extensions>
          <ns3:TrackPointExtension>
            <ns3:hr>160</ns3:hr>
            <ns3:cad>87</ns3:cad>
          </ns3:TrackPointExtension>
        </extensions>
      </trkpt>
      <trkpt lat="29.98967262916266918182373046875" lon="120.2426310069859027862548828125">
        <ele>10</ele>
        <time>2026-07-25T12:20:02.000Z</time>
        <extensions>
          <ns3:TrackPointExtension>
            <ns3:hr>161</ns3:hr>
            <ns3:cad>87</ns3:cad>
          </ns3:TrackPointExtension>
        </extensions>
      </trkpt>
      <trkpt lat="29.98968268744647502899169921875" lon="120.24263528175652027130126953125">
        <ele>10</ele>
        <time>2026-07-25T12:20:03.000Z</time>
        <extensions>
          <ns3:TrackPointExtension>
            <ns3:hr>161</ns3:hr>
            <ns3:cad>87</ns3:cad>
          </ns3:TrackPointExtension>
        </extensions>
      </trkpt>
      <trkpt lat="29.98970230109989643096923828125" lon="120.24265036918222904205322265625">
        <ele>10</ele>
        <time>2026-07-25T12:20:04.000Z</time>
        <extensions>
          <ns3:TrackPointExtension>
            <ns3:hr>160</ns3:hr>
            <ns3:cad>87</ns3:cad>
          </ns3:TrackPointExtension>
        </extensions>
      </trkpt>
      <trkpt lat="29.98971504159271717071533203125" lon="120.24266076274216175079345703125">
        <ele>10</ele>
        <time>2026-07-25T12:20:05.000Z</time>
        <extensions>
          <ns3:TrackPointExtension>
            <ns3:hr>161</ns3:hr>
            <ns3:cad>88</ns3:cad>
          </ns3:TrackPointExtension>
        </extensions>
      </trkpt>
      <trkpt lat="29.98973515816032886505126953125" lon="120.24267953820526599884033203125">
        <ele>10</ele>
        <time>2026-07-25T12:20:06.000Z</time>
        <extensions>
          <ns3:TrackPointExtension>
            <ns3:hr>160</ns3:hr>
            <ns3:cad>88</ns3:cad>
          </ns3:TrackPointExtension>
        </extensions>
      </trkpt>
      <trkpt lat="29.989749155938625335693359375" lon="120.2426906861364841461181640625">
        <ele>10</ele>
        <time>2026-07-25T12:20:07.000Z</time>
        <extensions>
          <ns3:TrackPointExtension>
            <ns3:hr>160</ns3:hr>
            <ns3:cad>88</ns3:cad>
          </ns3:TrackPointExtension>
        </extensions>
      </trkpt>
      <trkpt lat="29.98976717703044414520263671875" lon="120.24270233698189258575439453125">
        <ele>10</ele>
        <time>2026-07-25T12:20:08.000Z</time>
        <extensions>
          <ns3:TrackPointExtension>
            <ns3:hr>161</ns3:hr>
            <ns3:cad>88</ns3:cad>
          </ns3:TrackPointExtension>
        </extensions>
      </trkpt>
      <trkpt lat="29.98978327028453350067138671875" lon="120.24271222762763500213623046875">
        <ele>10</ele>
        <time>2026-07-25T12:20:09.000Z</time>
        <extensions>
          <ns3:TrackPointExtension>
            <ns3:hr>161</ns3:hr>
            <ns3:cad>88</ns3:cad>
          </ns3:TrackPointExtension>
        </extensions>
      </trkpt>
      <trkpt lat="29.989803470671176910400390625" lon="120.24272580631077289581298828125">
        <ele>10</ele>
        <time>2026-07-25T12:20:10.000Z</time>
        <extensions>
          <ns3:TrackPointExtension>
            <ns3:hr>161</ns3:hr>
            <ns3:cad>88</ns3:cad>
          </ns3:TrackPointExtension>
        </extensions>
      </trkpt>
      <trkpt lat="29.98981914483010768890380859375" lon="120.2427394688129425048828125">
        <ele>10.19999980926513671875</ele>
        <time>2026-07-25T12:20:11.000Z</time>
        <extensions>
          <ns3:TrackPointExtension>
            <ns3:hr>161</ns3:hr>
            <ns3:cad>88</ns3:cad>
          </ns3:TrackPointExtension>
        </extensions>
      </trkpt>
      <trkpt lat="29.989837668836116790771484375" lon="120.2427490241825580596923828125">
        <ele>10</ele>
        <time>2026-07-25T12:20:12.000Z</time>
        <extensions>
          <ns3:TrackPointExtension>
            <ns3:hr>161</ns3:hr>
            <ns3:cad>88</ns3:cad>
          </ns3:TrackPointExtension>
        </extensions>
      </trkpt>
      <trkpt lat="29.989851079881191253662109375" lon="120.24276218377053737640380859375">
        <ele>10</ele>
        <time>2026-07-25T12:20:13.000Z</time>
        <extensions>
          <ns3:TrackPointExtension>
            <ns3:hr>161</ns3:hr>
            <ns3:cad>88</ns3:cad>
          </ns3:TrackPointExtension>
        </extensions>
      </trkpt>
      <trkpt lat="29.98986658640205860137939453125" lon="120.242769308388233184814453125">
        <ele>10</ele>
        <time>2026-07-25T12:20:14.000Z</time>
        <extensions>
          <ns3:TrackPointExtension>
            <ns3:hr>161</ns3:hr>
            <ns3:cad>88</ns3:cad>
          </ns3:TrackPointExtension>
        </extensions>
      </trkpt>
      <trkpt lat="29.9898814223706722259521484375" lon="120.24278431199491024017333984375">
        <ele>10</ele>
        <time>2026-07-25T12:20:15.000Z</time>
        <extensions>
          <ns3:TrackPointExtension>
            <ns3:hr>162</ns3:hr>
            <ns3:cad>88</ns3:cad>
          </ns3:TrackPointExtension>
        </extensions>
      </trkpt>
      <trkpt lat="29.98989634215831756591796875" lon="120.24279453791677951812744140625">
        <ele>10</ele>
        <time>2026-07-25T12:20:16.000Z</time>
        <extensions>
          <ns3:TrackPointExtension>
            <ns3:hr>162</ns3:hr>
            <ns3:cad>89</ns3:cad>
          </ns3:TrackPointExtension>
        </extensions>
      </trkpt>
      <trkpt lat="29.98991310596466064453125" lon="120.2428092062473297119140625">
        <ele>10</ele>
        <time>2026-07-25T12:20:17.000Z</time>
        <extensions>
          <ns3:TrackPointExtension>
            <ns3:hr>162</ns3:hr>
            <ns3:cad>89</ns3:cad>
          </ns3:TrackPointExtension>
        </extensions>
      </trkpt>
      <trkpt lat="29.98992743901908397674560546875" lon="120.24281783960759639739990234375">
        <ele>10</ele>
        <time>2026-07-25T12:20:18.000Z</time>
        <extensions>
          <ns3:TrackPointExtension>
            <ns3:hr>162</ns3:hr>
            <ns3:cad>89</ns3:cad>
          </ns3:TrackPointExtension>
        </extensions>
      </trkpt>
      <trkpt lat="29.9899508245289325714111328125" lon="120.2428348548710346221923828125">
        <ele>10</ele>
        <time>2026-07-25T12:20:19.000Z</time>
        <extensions>
          <ns3:TrackPointExtension>
            <ns3:hr>162</ns3:hr>
            <ns3:cad>89</ns3:cad>
          </ns3:TrackPointExtension>
        </extensions>
      </trkpt>
      <trkpt lat="29.98996683396399021148681640625" lon="120.24283963255584239959716796875">
        <ele>10</ele>
        <time>2026-07-25T12:20:20.000Z</time>
        <extensions>
          <ns3:TrackPointExtension>
            <ns3:hr>162</ns3:hr>
            <ns3:cad>89</ns3:cad>
          </ns3:TrackPointExtension>
        </extensions>
      </trkpt>
      <trkpt lat="29.98998661525547504425048828125" lon="120.24285706691443920135498046875">
        <ele>10</ele>
        <time>2026-07-25T12:20:21.000Z</time>
        <extensions>
          <ns3:TrackPointExtension>
            <ns3:hr>162</ns3:hr>
            <ns3:cad>89</ns3:cad>
          </ns3:TrackPointExtension>
        </extensions>
      </trkpt>
      <trkpt lat="29.99000228941440582275390625" lon="120.24286561645567417144775390625">
        <ele>10</ele>
        <time>2026-07-25T12:20:22.000Z</time>
        <extensions>
          <ns3:TrackPointExtension>
            <ns3:hr>162</ns3:hr>
            <ns3:cad>89</ns3:cad>
          </ns3:TrackPointExtension>
        </extensions>
      </trkpt>
      <trkpt lat="29.99002181924879550933837890625" lon="120.24288154207170009613037109375">
        <ele>10</ele>
        <time>2026-07-25T12:20:23.000Z</time>
        <extensions>
          <ns3:TrackPointExtension>
            <ns3:hr>162</ns3:hr>
            <ns3:cad>88</ns3:cad>
          </ns3:TrackPointExtension>
        </extensions>
      </trkpt>
      <trkpt lat="29.99003707431256771087646484375" lon="120.2428898401558399200439453125">
        <ele>10</ele>
        <time>2026-07-25T12:20:24.000Z</time>
        <extensions>
          <ns3:TrackPointExtension>
            <ns3:hr>162</ns3:hr>
            <ns3:cad>88</ns3:cad>
          </ns3:TrackPointExtension>
        </extensions>
      </trkpt>
      <trkpt lat="29.99005836434662342071533203125" lon="120.24290584959089756011962890625">
        <ele>10</ele>
        <time>2026-07-25T12:20:25.000Z</time>
        <extensions>
          <ns3:TrackPointExtension>
            <ns3:hr>162</ns3:hr>
            <ns3:cad>88</ns3:cad>
          </ns3:TrackPointExtension>
        </extensions>
      </trkpt>
      <trkpt lat="29.99007529579102993011474609375" lon="120.2429163269698619842529296875">
        <ele>10</ele>
        <time>2026-07-25T12:20:26.000Z</time>
        <extensions>
          <ns3:TrackPointExtension>
            <ns3:hr>162</ns3:hr>
            <ns3:cad>88</ns3:cad>
          </ns3:TrackPointExtension>
        </extensions>
      </trkpt>
      <trkpt lat="29.99009549617767333984375" lon="120.2429307438433170318603515625">
        <ele>10</ele>
        <time>2026-07-25T12:20:27.000Z</time>
        <extensions>
          <ns3:TrackPointExtension>
            <ns3:hr>162</ns3:hr>
            <ns3:cad>88</ns3:cad>
          </ns3:TrackPointExtension>
        </extensions>
      </trkpt>
      <trkpt lat="29.99010982923209667205810546875" lon="120.24294440634548664093017578125">
        <ele>10</ele>
        <time>2026-07-25T12:20:28.000Z</time>
        <extensions>
          <ns3:TrackPointExtension>
            <ns3:hr>162</ns3:hr>
            <ns3:cad>88</ns3:cad>
          </ns3:TrackPointExtension>
        </extensions>
      </trkpt>
      <trkpt lat="29.99012893997132778167724609375" lon="120.242957063019275665283203125">
        <ele>10</ele>
        <time>2026-07-25T12:20:29.000Z</time>
        <extensions>
          <ns3:TrackPointExtension>
            <ns3:hr>162</ns3:hr>
            <ns3:cad>88</ns3:cad>
          </ns3:TrackPointExtension>
        </extensions>
      </trkpt>
      <trkpt lat="29.990142770111560821533203125" lon="120.2429669536650180816650390625">
        <ele>10</ele>
        <time>2026-07-25T12:20:30.000Z</time>
        <extensions>
          <ns3:TrackPointExtension>
            <ns3:hr>161</ns3:hr>
            <ns3:cad>88</ns3:cad>
          </ns3:TrackPointExtension>
        </extensions>
      </trkpt>
      <trkpt lat="29.99016095884144306182861328125" lon="120.24297483265399932861328125">
        <ele>10</ele>
        <time>2026-07-25T12:20:31.000Z</time>
        <extensions>
          <ns3:TrackPointExtension>
            <ns3:hr>161</ns3:hr>
            <ns3:cad>88</ns3:cad>
          </ns3:TrackPointExtension>
        </extensions>
      </trkpt>
      <trkpt lat="29.990178309381008148193359375" lon="120.2429863996803760528564453125">
        <ele>10</ele>
        <time>2026-07-25T12:20:32.000Z</time>
        <extensions>
          <ns3:TrackPointExtension>
            <ns3:hr>161</ns3:hr>
            <ns3:cad>88</ns3:cad>
          </ns3:TrackPointExtension>
        </extensions>
      </trkpt>
      <trkpt lat="29.99019834212958812713623046875" lon="120.24299285374581813812255859375">
        <ele>10</ele>
        <time>2026-07-25T12:20:33.000Z</time>
        <extensions>
          <ns3:TrackPointExtension>
            <ns3:hr>161</ns3:hr>
            <ns3:cad>89</ns3:cad>
          </ns3:TrackPointExtension>
        </extensions>
      </trkpt>
      <trkpt lat="29.99021661467850208282470703125" lon="120.24300542660057544708251953125">
        <ele>10</ele>
        <time>2026-07-25T12:20:34.000Z</time>
        <extensions>
          <ns3:TrackPointExtension>
            <ns3:hr>161</ns3:hr>
            <ns3:cad>89</ns3:cad>
          </ns3:TrackPointExtension>
        </extensions>
      </trkpt>
      <trkpt lat="29.99023505486547946929931640625" lon="120.2430179156363010406494140625">
        <ele>10</ele>
        <time>2026-07-25T12:20:35.000Z</time>
        <extensions>
          <ns3:TrackPointExtension>
            <ns3:hr>161</ns3:hr>
            <ns3:cad>89</ns3:cad>
          </ns3:TrackPointExtension>
        </extensions>
      </trkpt>
      <trkpt lat="29.9902505613863468170166015625" lon="120.24303694255650043487548828125">
        <ele>10</ele>
        <time>2026-07-25T12:20:36.000Z</time>
        <extensions>
          <ns3:TrackPointExtension>
            <ns3:hr>161</ns3:hr>
            <ns3:cad>89</ns3:cad>
          </ns3:TrackPointExtension>
        </extensions>
      </trkpt>
      <trkpt lat="29.99026288278400897979736328125" lon="120.24304197169840335845947265625">
        <ele>10</ele>
        <time>2026-07-25T12:20:37.000Z</time>
        <extensions>
          <ns3:TrackPointExtension>
            <ns3:hr>160</ns3:hr>
            <ns3:cad>89</ns3:cad>
          </ns3:TrackPointExtension>
        </extensions>
      </trkpt>
      <trkpt lat="29.9902861006557941436767578125" lon="120.243058986961841583251953125">
        <ele>10</ele>
        <time>2026-07-25T12:20:38.000Z</time>
        <extensions>
          <ns3:TrackPointExtension>
            <ns3:hr>161</ns3:hr>
            <ns3:cad>89</ns3:cad>
          </ns3:TrackPointExtension>
        </extensions>
      </trkpt>
      <trkpt lat="29.9903028644621372222900390625" lon="120.24306870996952056884765625">
        <ele>10</ele>
        <time>2026-07-25T12:20:39.000Z</time>
        <extensions>
          <ns3:TrackPointExtension>
            <ns3:hr>161</ns3:hr>
            <ns3:cad>89</ns3:cad>
          </ns3:TrackPointExtension>
        </extensions>
      </trkpt>
      <trkpt lat="29.99032205902040004730224609375" lon="120.24308421649038791656494140625">
        <ele>10</ele>
        <time>2026-07-25T12:20:40.000Z</time>
        <extensions>
          <ns3:TrackPointExtension>
            <ns3:hr>160</ns3:hr>
            <ns3:cad>88</ns3:cad>
          </ns3:TrackPointExtension>
        </extensions>
      </trkpt>
      <trkpt lat="29.990335889160633087158203125" lon="120.24309075437486171722412109375">
        <ele>10</ele>
        <time>2026-07-25T12:20:41.000Z</time>
        <extensions>
          <ns3:TrackPointExtension>
            <ns3:hr>161</ns3:hr>
            <ns3:cad>88</ns3:cad>
          </ns3:TrackPointExtension>
        </extensions>
      </trkpt>
      <trkpt lat="29.99035843648016452789306640625" lon="120.24310852400958538055419921875">
        <ele>10</ele>
        <time>2026-07-25T12:20:42.000Z</time>
        <extensions>
          <ns3:TrackPointExtension>
            <ns3:hr>161</ns3:hr>
            <ns3:cad>88</ns3:cad>
          </ns3:TrackPointExtension>
        </extensions>
      </trkpt>
      <trkpt lat="29.99037251807749271392822265625" lon="120.24311908520758152008056640625">
        <ele>10</ele>
        <time>2026-07-25T12:20:43.000Z</time>
        <extensions>
          <ns3:TrackPointExtension>
            <ns3:hr>160</ns3:hr>
            <ns3:cad>88</ns3:cad>
          </ns3:TrackPointExtension>
        </extensions>
      </trkpt>
      <trkpt lat="29.99039263464510440826416015625" lon="120.24313442409038543701171875">
        <ele>10</ele>
        <time>2026-07-25T12:20:44.000Z</time>
        <extensions>
          <ns3:TrackPointExtension>
            <ns3:hr>160</ns3:hr>
            <ns3:cad>88</ns3:cad>
          </ns3:TrackPointExtension>
        </extensions>
      </trkpt>
      <trkpt lat="29.99040805734694004058837890625" lon="120.2431473322212696075439453125">
        <ele>10</ele>
        <time>2026-07-25T12:20:45.000Z</time>
        <extensions>
          <ns3:TrackPointExtension>
            <ns3:hr>160</ns3:hr>
            <ns3:cad>88</ns3:cad>
          </ns3:TrackPointExtension>
        </extensions>
      </trkpt>
      <trkpt lat="29.99042834155261516571044921875" lon="120.2431610785424709320068359375">
        <ele>10</ele>
        <time>2026-07-25T12:20:46.000Z</time>
        <extensions>
          <ns3:TrackPointExtension>
            <ns3:hr>160</ns3:hr>
            <ns3:cad>88</ns3:cad>
          </ns3:TrackPointExtension>
        </extensions>
      </trkpt>
      <trkpt lat="29.99044192023575305938720703125" lon="120.24317440576851367950439453125">
        <ele>10</ele>
        <time>2026-07-25T12:20:47.000Z</time>
        <extensions>
          <ns3:TrackPointExtension>
            <ns3:hr>160</ns3:hr>
            <ns3:cad>88</ns3:cad>
          </ns3:TrackPointExtension>
        </extensions>
      </trkpt>
      <trkpt lat="29.9904614500701427459716796875" lon="120.24318597279489040374755859375">
        <ele>10</ele>
        <time>2026-07-25T12:20:48.000Z</time>
        <extensions>
          <ns3:TrackPointExtension>
            <ns3:hr>159</ns3:hr>
            <ns3:cad>88</ns3:cad>
          </ns3:TrackPointExtension>
        </extensions>
      </trkpt>
      <trkpt lat="29.99047980643808841705322265625" lon="120.2432006411254405975341796875">
        <ele>10</ele>
        <time>2026-07-25T12:20:49.000Z</time>
        <extensions>
          <ns3:TrackPointExtension>
            <ns3:hr>159</ns3:hr>
            <ns3:cad>88</ns3:cad>
          </ns3:TrackPointExtension>
        </extensions>
      </trkpt>
      <trkpt lat="29.99050176702439785003662109375" lon="120.24321229197084903717041015625">
        <ele>10</ele>
        <time>2026-07-25T12:20:50.000Z</time>
        <extensions>
          <ns3:TrackPointExtension>
            <ns3:hr>159</ns3:hr>
            <ns3:cad>89</ns3:cad>
          </ns3:TrackPointExtension>
        </extensions>
      </trkpt>
      <trkpt lat="29.99051953665912151336669921875" lon="120.243222601711750030517578125">
        <ele>10</ele>
        <time>2026-07-25T12:20:51.000Z</time>
        <extensions>
          <ns3:TrackPointExtension>
            <ns3:hr>159</ns3:hr>
            <ns3:cad>89</ns3:cad>
          </ns3:TrackPointExtension>
        </extensions>
      </trkpt>
      <trkpt lat="29.990537725389003753662109375" lon="120.24323173798620700836181640625">
        <ele>10</ele>
        <time>2026-07-25T12:20:52.000Z</time>
        <extensions>
          <ns3:TrackPointExtension>
            <ns3:hr>159</ns3:hr>
            <ns3:cad>89</ns3:cad>
          </ns3:TrackPointExtension>
        </extensions>
      </trkpt>
      <trkpt lat="29.99055683612823486328125" lon="120.24324514903128147125244140625">
        <ele>10</ele>
        <time>2026-07-25T12:20:53.000Z</time>
        <extensions>
          <ns3:TrackPointExtension>
            <ns3:hr>159</ns3:hr>
            <ns3:cad>89</ns3:cad>
          </ns3:TrackPointExtension>
        </extensions>
      </trkpt>
      <trkpt lat="29.990574605762958526611328125" lon="120.24325671605765819549560546875">
        <ele>10</ele>
        <time>2026-07-25T12:20:54.000Z</time>
        <extensions>
          <ns3:TrackPointExtension>
            <ns3:hr>159</ns3:hr>
            <ns3:cad>89</ns3:cad>
          </ns3:TrackPointExtension>
        </extensions>
      </trkpt>
      <trkpt lat="29.99059363268315792083740234375" lon="120.24327297694981098175048828125">
        <ele>9.80000019073486328125</ele>
        <time>2026-07-25T12:20:55.000Z</time>
        <extensions>
          <ns3:TrackPointExtension>
            <ns3:hr>159</ns3:hr>
            <ns3:cad>89</ns3:cad>
          </ns3:TrackPointExtension>
        </extensions>
      </trkpt>
      <trkpt lat="29.99060804955661296844482421875" lon="120.2432831190526485443115234375">
        <ele>9.80000019073486328125</ele>
        <time>2026-07-25T12:20:56.000Z</time>
        <extensions>
          <ns3:TrackPointExtension>
            <ns3:hr>159</ns3:hr>
            <ns3:cad>89</ns3:cad>
          </ns3:TrackPointExtension>
        </extensions>
      </trkpt>
      <trkpt lat="29.99062699265778064727783203125" lon="120.2432975359261035919189453125">
        <ele>9.80000019073486328125</ele>
        <time>2026-07-25T12:20:57.000Z</time>
        <extensions>
          <ns3:TrackPointExtension>
            <ns3:hr>159</ns3:hr>
            <ns3:cad>88</ns3:cad>
          </ns3:TrackPointExtension>
        </extensions>
      </trkpt>
      <trkpt lat="29.9906398169696331024169921875" lon="120.24330549873411655426025390625">
        <ele>9.80000019073486328125</ele>
        <time>2026-07-25T12:20:58.000Z</time>
        <extensions>
          <ns3:TrackPointExtension>
            <ns3:hr>159</ns3:hr>
            <ns3:cad>88</ns3:cad>
          </ns3:TrackPointExtension>
        </extensions>
      </trkpt>
      <trkpt lat="29.9906626157462596893310546875" lon="120.24332041852176189422607421875">
        <ele>9.80000019073486328125</ele>
        <time>2026-07-25T12:20:59.000Z</time>
        <extensions>
          <ns3:TrackPointExtension>
            <ns3:hr>158</ns3:hr>
            <ns3:cad>88</ns3:cad>
          </ns3:TrackPointExtension>
        </extensions>
      </trkpt>
      <trkpt lat="29.9906761944293975830078125" lon="120.24332712404429912567138671875">
        <ele>9.80000019073486328125</ele>
        <time>2026-07-25T12:21:00.000Z</time>
        <extensions>
          <ns3:TrackPointExtension>
            <ns3:hr>159</ns3:hr>
            <ns3:cad>87</ns3:cad>
          </ns3:TrackPointExtension>
        </extensions>
      </trkpt>
      <trkpt lat="29.9906984902918338775634765625" lon="120.24334673769772052764892578125">
        <ele>9.80000019073486328125</ele>
        <time>2026-07-25T12:21:01.000Z</time>
        <extensions>
          <ns3:TrackPointExtension>
            <ns3:hr>159</ns3:hr>
            <ns3:cad>87</ns3:cad>
          </ns3:TrackPointExtension>
        </extensions>
      </trkpt>
      <trkpt lat="29.99071818776428699493408203125" lon="120.24335780180990695953369140625">
        <ele>10</ele>
        <time>2026-07-25T12:21:02.000Z</time>
        <extensions>
          <ns3:TrackPointExtension>
            <ns3:hr>159</ns3:hr>
            <ns3:cad>87</ns3:cad>
          </ns3:TrackPointExtension>
        </extensions>
      </trkpt>
      <trkpt lat="29.990740902721881866455078125" lon="120.2433746494352817535400390625">
        <ele>10</ele>
        <time>2026-07-25T12:21:03.000Z</time>
        <extensions>
          <ns3:TrackPointExtension>
            <ns3:hr>159</ns3:hr>
            <ns3:cad>87</ns3:cad>
          </ns3:TrackPointExtension>
        </extensions>
      </trkpt>
      <trkpt lat="29.990762360394001007080078125" lon="120.24338898248970508575439453125">
        <ele>10</ele>
        <time>2026-07-25T12:21:04.000Z</time>
        <extensions>
          <ns3:TrackPointExtension>
            <ns3:hr>158</ns3:hr>
            <ns3:cad>88</ns3:cad>
          </ns3:TrackPointExtension>
        </extensions>
      </trkpt>
      <trkpt lat="29.99078457243740558624267578125" lon="120.24340239353477954864501953125">
        <ele>10.19999980926513671875</ele>
        <time>2026-07-25T12:21:05.000Z</time>
        <extensions>
          <ns3:TrackPointExtension>
            <ns3:hr>158</ns3:hr>
            <ns3:cad>88</ns3:cad>
          </ns3:TrackPointExtension>
        </extensions>
      </trkpt>
      <trkpt lat="29.99080234207212924957275390625" lon="120.243411026895046234130859375">
        <ele>10.19999980926513671875</ele>
        <time>2026-07-25T12:21:06.000Z</time>
        <extensions>
          <ns3:TrackPointExtension>
            <ns3:hr>158</ns3:hr>
            <ns3:cad>88</ns3:cad>
          </ns3:TrackPointExtension>
        </extensions>
      </trkpt>
      <trkpt lat="29.990825392305850982666015625" lon="120.24342418648302555084228515625">
        <ele>10</ele>
        <time>2026-07-25T12:21:07.000Z</time>
        <extensions>
          <ns3:TrackPointExtension>
            <ns3:hr>159</ns3:hr>
            <ns3:cad>88</ns3:cad>
          </ns3:TrackPointExtension>
        </extensions>
      </trkpt>
      <trkpt lat="29.99084374867379665374755859375" lon="120.24344229139387607574462890625">
        <ele>10</ele>
        <time>2026-07-25T12:21:08.000Z</time>
        <extensions>
          <ns3:TrackPointExtension>
            <ns3:hr>159</ns3:hr>
            <ns3:cad>88</ns3:cad>
          </ns3:TrackPointExtension>
        </extensions>
      </trkpt>
      <trkpt lat="29.9908674694597721099853515625" lon="120.24345670826733112335205078125">
        <ele>10</ele>
        <time>2026-07-25T12:21:09.000Z</time>
        <extensions>
          <ns3:TrackPointExtension>
            <ns3:hr>159</ns3:hr>
            <ns3:cad>88</ns3:cad>
          </ns3:TrackPointExtension>
        </extensions>
      </trkpt>
      <trkpt lat="29.99088096432387828826904296875" lon="120.24346567690372467041015625">
        <ele>9.80000019073486328125</ele>
        <time>2026-07-25T12:21:10.000Z</time>
        <extensions>
          <ns3:TrackPointExtension>
            <ns3:hr>159</ns3:hr>
            <ns3:cad>88</ns3:cad>
          </ns3:TrackPointExtension>
        </extensions>
      </trkpt>
      <trkpt lat="29.99089973978698253631591796875" lon="120.24347665719687938690185546875">
        <ele>9.80000019073486328125</ele>
        <time>2026-07-25T12:21:11.000Z</time>
        <extensions>
          <ns3:TrackPointExtension>
            <ns3:hr>159</ns3:hr>
            <ns3:cad>88</ns3:cad>
          </ns3:TrackPointExtension>
        </extensions>
      </trkpt>
      <trkpt lat="29.99091021716594696044921875" lon="120.24349006824195384979248046875">
        <ele>9.80000019073486328125</ele>
        <time>2026-07-25T12:21:12.000Z</time>
        <extensions>
          <ns3:TrackPointExtension>
            <ns3:hr>159</ns3:hr>
            <ns3:cad>88</ns3:cad>
          </ns3:TrackPointExtension>
        </extensions>
      </trkpt>
      <trkpt lat="29.99092605896294116973876953125" lon="120.24350062943994998931884765625">
        <ele>9.80000019073486328125</ele>
        <time>2026-07-25T12:21:13.000Z</time>
        <extensions>
          <ns3:TrackPointExtension>
            <ns3:hr>159</ns3:hr>
            <ns3:cad>86</ns3:cad>
          </ns3:TrackPointExtension>
        </extensions>
      </trkpt>
      <trkpt lat="29.99093947000801563262939453125" lon="120.2435141243040561676025390625">
        <ele>9.80000019073486328125</ele>
        <time>2026-07-25T12:21:14.000Z</time>
        <extensions>
          <ns3:TrackPointExtension>
            <ns3:hr>160</ns3:hr>
            <ns3:cad>86</ns3:cad>
          </ns3:TrackPointExtension>
        </extensions>
      </trkpt>
      <trkpt lat="29.99095640145242214202880859375" lon="120.24352510459721088409423828125">
        <ele>9.80000019073486328125</ele>
        <time>2026-07-25T12:21:15.000Z</time>
        <extensions>
          <ns3:TrackPointExtension>
            <ns3:hr>160</ns3:hr>
            <ns3:cad>86</ns3:cad>
          </ns3:TrackPointExtension>
        </extensions>
      </trkpt>
      <trkpt lat="29.99097148887813091278076171875" lon="120.24354287423193454742431640625">
        <ele>9.80000019073486328125</ele>
        <time>2026-07-25T12:21:16.000Z</time>
        <extensions>
          <ns3:TrackPointExtension>
            <ns3:hr>160</ns3:hr>
            <ns3:cad>87</ns3:cad>
          </ns3:TrackPointExtension>
        </extensions>
      </trkpt>
      <trkpt lat="29.99098875559866428375244140625" lon="120.24355175904929637908935546875">
        <ele>9.80000019073486328125</ele>
        <time>2026-07-25T12:21:17.000Z</time>
        <extensions>
          <ns3:TrackPointExtension>
            <ns3:hr>160</ns3:hr>
            <ns3:cad>87</ns3:cad>
          </ns3:TrackPointExtension>
        </extensions>
      </trkpt>
      <trkpt lat="29.991010464727878570556640625" lon="120.24356500245630741119384765625">
        <ele>9.80000019073486328125</ele>
        <time>2026-07-25T12:21:18.000Z</time>
        <extensions>
          <ns3:TrackPointExtension>
            <ns3:hr>160</ns3:hr>
            <ns3:cad>87</ns3:cad>
          </ns3:TrackPointExtension>
        </extensions>
      </trkpt>
      <trkpt lat="29.99102680943906307220458984375" lon="120.24357154034078121185302734375">
        <ele>9.80000019073486328125</ele>
        <time>2026-07-25T12:21:19.000Z</time>
        <extensions>
          <ns3:TrackPointExtension>
            <ns3:hr>160</ns3:hr>
            <ns3:cad>87</ns3:cad>
          </ns3:TrackPointExtension>
        </extensions>
      </trkpt>
      <trkpt lat="29.9910478480160236358642578125" lon="120.24358637630939483642578125">
        <ele>9.80000019073486328125</ele>
        <time>2026-07-25T12:21:20.000Z</time>
        <extensions>
          <ns3:TrackPointExtension>
            <ns3:hr>160</ns3:hr>
            <ns3:cad>87</ns3:cad>
          </ns3:TrackPointExtension>
        </extensions>
      </trkpt>
      <trkpt lat="29.991064779460430145263671875" lon="120.24359484203159809112548828125">
        <ele>9.80000019073486328125</ele>
        <time>2026-07-25T12:21:21.000Z</time>
        <extensions>
          <ns3:TrackPointExtension>
            <ns3:hr>161</ns3:hr>
            <ns3:cad>87</ns3:cad>
          </ns3:TrackPointExtension>
        </extensions>
      </trkpt>
      <trkpt lat="29.991087578237056732177734375" lon="120.2436125278472900390625">
        <ele>9.80000019073486328125</ele>
        <time>2026-07-25T12:21:22.000Z</time>
        <extensions>
          <ns3:TrackPointExtension>
            <ns3:hr>160</ns3:hr>
            <ns3:cad>87</ns3:cad>
          </ns3:TrackPointExtension>
        </extensions>
      </trkpt>
      <trkpt lat="29.99110509641468524932861328125" lon="120.24362082593142986297607421875">
        <ele>9.80000019073486328125</ele>
        <time>2026-07-25T12:21:23.000Z</time>
        <extensions>
          <ns3:TrackPointExtension>
            <ns3:hr>161</ns3:hr>
            <ns3:cad>87</ns3:cad>
          </ns3:TrackPointExtension>
        </extensions>
      </trkpt>
      <trkpt lat="29.99112722463905811309814453125" lon="120.243638344109058380126953125">
        <ele>9.80000019073486328125</ele>
        <time>2026-07-25T12:21:24.000Z</time>
        <extensions>
          <ns3:TrackPointExtension>
            <ns3:hr>161</ns3:hr>
            <ns3:cad>87</ns3:cad>
          </ns3:TrackPointExtension>
        </extensions>
      </trkpt>
      <trkpt lat="29.9911420606076717376708984375" lon="120.2436485700309276580810546875">
        <ele>9.80000019073486328125</ele>
        <time>2026-07-25T12:21:25.000Z</time>
        <extensions>
          <ns3:TrackPointExtension>
            <ns3:hr>161</ns3:hr>
            <ns3:cad>88</ns3:cad>
          </ns3:TrackPointExtension>
        </extensions>
      </trkpt>
      <trkpt lat="29.991163350641727447509765625" lon="120.2436670102179050445556640625">
        <ele>9.80000019073486328125</ele>
        <time>2026-07-25T12:21:26.000Z</time>
        <extensions>
          <ns3:TrackPointExtension>
            <ns3:hr>161</ns3:hr>
            <ns3:cad>88</ns3:cad>
          </ns3:TrackPointExtension>
        </extensions>
      </trkpt>
      <trkpt lat="29.9911777675151824951171875" lon="120.24367966689169406890869140625">
        <ele>9.80000019073486328125</ele>
        <time>2026-07-25T12:21:27.000Z</time>
        <extensions>
          <ns3:TrackPointExtension>
            <ns3:hr>161</ns3:hr>
            <ns3:cad>88</ns3:cad>
          </ns3:TrackPointExtension>
        </extensions>
      </trkpt>
      <trkpt lat="29.99119763262569904327392578125" lon="120.24369525723159313201904296875">
        <ele>9.80000019073486328125</ele>
        <time>2026-07-25T12:21:28.000Z</time>
        <extensions>
          <ns3:TrackPointExtension>
            <ns3:hr>161</ns3:hr>
            <ns3:cad>88</ns3:cad>
          </ns3:TrackPointExtension>
        </extensions>
      </trkpt>
      <trkpt lat="29.99121204949915409088134765625" lon="120.24370732717216014862060546875">
        <ele>9.80000019073486328125</ele>
        <time>2026-07-25T12:21:29.000Z</time>
        <extensions>
          <ns3:TrackPointExtension>
            <ns3:hr>161</ns3:hr>
            <ns3:cad>89</ns3:cad>
          </ns3:TrackPointExtension>
        </extensions>
      </trkpt>
      <trkpt lat="29.99123116023838520050048828125" lon="120.2437166310846805572509765625">
        <ele>9.80000019073486328125</ele>
        <time>2026-07-25T12:21:30.000Z</time>
        <extensions>
          <ns3:TrackPointExtension>
            <ns3:hr>161</ns3:hr>
            <ns3:cad>89</ns3:cad>
          </ns3:TrackPointExtension>
        </extensions>
      </trkpt>
      <trkpt lat="29.991250522434711456298828125" lon="120.24372828193008899688720703125">
        <ele>9.80000019073486328125</ele>
        <time>2026-07-25T12:21:31.000Z</time>
        <extensions>
          <ns3:TrackPointExtension>
            <ns3:hr>161</ns3:hr>
            <ns3:cad>89</ns3:cad>
          </ns3:TrackPointExtension>
        </extensions>
      </trkpt>
      <trkpt lat="29.99127021990716457366943359375" lon="120.24373347871005535125732421875">
        <ele>9.80000019073486328125</ele>
        <time>2026-07-25T12:21:32.000Z</time>
        <extensions>
          <ns3:TrackPointExtension>
            <ns3:hr>161</ns3:hr>
            <ns3:cad>89</ns3:cad>
          </ns3:TrackPointExtension>
        </extensions>
      </trkpt>
      <trkpt lat="29.99128983356058597564697265625" lon="120.24375024251639842987060546875">
        <ele>9.80000019073486328125</ele>
        <time>2026-07-25T12:21:33.000Z</time>
        <extensions>
          <ns3:TrackPointExtension>
            <ns3:hr>162</ns3:hr>
            <ns3:cad>88</ns3:cad>
          </ns3:TrackPointExtension>
        </extensions>
      </trkpt>
      <trkpt lat="29.99130542390048503875732421875" lon="120.2437565289437770843505859375">
        <ele>9.80000019073486328125</ele>
        <time>2026-07-25T12:21:34.000Z</time>
        <extensions>
          <ns3:TrackPointExtension>
            <ns3:hr>162</ns3:hr>
            <ns3:cad>88</ns3:cad>
          </ns3:TrackPointExtension>
        </extensions>
      </trkpt>
      <trkpt lat="29.9913252890110015869140625" lon="120.24377203546464443206787109375">
        <ele>9.80000019073486328125</ele>
        <time>2026-07-25T12:21:35.000Z</time>
        <extensions>
          <ns3:TrackPointExtension>
            <ns3:hr>161</ns3:hr>
            <ns3:cad>87</ns3:cad>
          </ns3:TrackPointExtension>
        </extensions>
      </trkpt>
      <trkpt lat="29.99133727513253688812255859375" lon="120.24378242902457714080810546875">
        <ele>9.80000019073486328125</ele>
        <time>2026-07-25T12:21:36.000Z</time>
        <extensions>
          <ns3:TrackPointExtension>
            <ns3:hr>162</ns3:hr>
            <ns3:cad>87</ns3:cad>
          </ns3:TrackPointExtension>
        </extensions>
      </trkpt>
      <trkpt lat="29.991357810795307159423828125" lon="120.24379936046898365020751953125">
        <ele>9.80000019073486328125</ele>
        <time>2026-07-25T12:21:37.000Z</time>
        <extensions>
          <ns3:TrackPointExtension>
            <ns3:hr>162</ns3:hr>
            <ns3:cad>87</ns3:cad>
          </ns3:TrackPointExtension>
        </extensions>
      </trkpt>
      <trkpt lat="29.99137063510715961456298828125" lon="120.2438138611614704132080078125">
        <ele>9.80000019073486328125</ele>
        <time>2026-07-25T12:21:38.000Z</time>
        <extensions>
          <ns3:TrackPointExtension>
            <ns3:hr>162</ns3:hr>
            <ns3:cad>87</ns3:cad>
          </ns3:TrackPointExtension>
        </extensions>
      </trkpt>
      <trkpt lat="29.9913923442363739013671875" lon="120.24382417090237140655517578125">
        <ele>9.80000019073486328125</ele>
        <time>2026-07-25T12:21:39.000Z</time>
        <extensions>
          <ns3:TrackPointExtension>
            <ns3:hr>162</ns3:hr>
            <ns3:cad>87</ns3:cad>
          </ns3:TrackPointExtension>
        </extensions>
      </trkpt>
      <trkpt lat="29.9914126284420490264892578125" lon="120.2438376657664775848388671875">
        <ele>9.80000019073486328125</ele>
        <time>2026-07-25T12:21:40.000Z</time>
        <extensions>
          <ns3:TrackPointExtension>
            <ns3:hr>162</ns3:hr>
            <ns3:cad>87</ns3:cad>
          </ns3:TrackPointExtension>
        </extensions>
      </trkpt>
      <trkpt lat="29.9914317391812801361083984375" lon="120.24384663440287113189697265625">
        <ele>9.80000019073486328125</ele>
        <time>2026-07-25T12:21:41.000Z</time>
        <extensions>
          <ns3:TrackPointExtension>
            <ns3:hr>162</ns3:hr>
            <ns3:cad>87</ns3:cad>
          </ns3:TrackPointExtension>
        </extensions>
      </trkpt>
      <trkpt lat="29.9914521910250186920166015625" lon="120.24386188946664333343505859375">
        <ele>9.80000019073486328125</ele>
        <time>2026-07-25T12:21:42.000Z</time>
        <extensions>
          <ns3:TrackPointExtension>
            <ns3:hr>162</ns3:hr>
            <ns3:cad>87</ns3:cad>
          </ns3:TrackPointExtension>
        </extensions>
      </trkpt>
      <trkpt lat="29.99146820046007633209228515625" lon="120.24387110956013202667236328125">
        <ele>9.80000019073486328125</ele>
        <time>2026-07-25T12:21:43.000Z</time>
        <extensions>
          <ns3:TrackPointExtension>
            <ns3:hr>163</ns3:hr>
            <ns3:cad>86</ns3:cad>
          </ns3:TrackPointExtension>
        </extensions>
      </trkpt>
      <trkpt lat="29.99148848466575145721435546875" lon="120.2438869513571262359619140625">
        <ele>9.80000019073486328125</ele>
        <time>2026-07-25T12:21:44.000Z</time>
        <extensions>
          <ns3:TrackPointExtension>
            <ns3:hr>163</ns3:hr>
            <ns3:cad>86</ns3:cad>
          </ns3:TrackPointExtension>
        </extensions>
      </trkpt>
      <trkpt lat="29.99150105752050876617431640625" lon="120.24389776401221752166748046875">
        <ele>9.80000019073486328125</ele>
        <time>2026-07-25T12:21:45.000Z</time>
        <extensions>
          <ns3:TrackPointExtension>
            <ns3:hr>163</ns3:hr>
            <ns3:cad>87</ns3:cad>
          </ns3:TrackPointExtension>
        </extensions>
      </trkpt>
      <trkpt lat="29.99151983298361301422119140625" lon="120.24391637183725833892822265625">
        <ele>9.80000019073486328125</ele>
        <time>2026-07-25T12:21:46.000Z</time>
        <extensions>
          <ns3:TrackPointExtension>
            <ns3:hr>163</ns3:hr>
            <ns3:cad>87</ns3:cad>
          </ns3:TrackPointExtension>
        </extensions>
      </trkpt>
      <trkpt lat="29.99152955599129199981689453125" lon="120.24392567574977874755859375">
        <ele>9.80000019073486328125</ele>
        <time>2026-07-25T12:21:47.000Z</time>
        <extensions>
          <ns3:TrackPointExtension>
            <ns3:hr>163</ns3:hr>
            <ns3:cad>87</ns3:cad>
          </ns3:TrackPointExtension>
        </extensions>
      </trkpt>
      <trkpt lat="29.9915492534637451171875" lon="120.2439442835748195648193359375">
        <ele>9.80000019073486328125</ele>
        <time>2026-07-25T12:21:48.000Z</time>
        <extensions>
          <ns3:TrackPointExtension>
            <ns3:hr>163</ns3:hr>
            <ns3:cad>87</ns3:cad>
          </ns3:TrackPointExtension>
        </extensions>
      </trkpt>
      <trkpt lat="29.99156341888010501861572265625" lon="120.24395425803959369659423828125">
        <ele>9.80000019073486328125</ele>
        <time>2026-07-25T12:21:49.000Z</time>
        <extensions>
          <ns3:TrackPointExtension>
            <ns3:hr>164</ns3:hr>
            <ns3:cad>88</ns3:cad>
          </ns3:TrackPointExtension>
        </extensions>
      </trkpt>
      <trkpt lat="29.9915842898190021514892578125" lon="120.24396683089435100555419921875">
        <ele>9.80000019073486328125</ele>
        <time>2026-07-25T12:21:50.000Z</time>
        <extensions>
          <ns3:TrackPointExtension>
            <ns3:hr>164</ns3:hr>
            <ns3:cad>88</ns3:cad>
          </ns3:TrackPointExtension>
        </extensions>
      </trkpt>
      <trkpt lat="29.9916023947298526763916015625" lon="120.24398007430136203765869140625">
        <ele>9.80000019073486328125</ele>
        <time>2026-07-25T12:21:51.000Z</time>
        <extensions>
          <ns3:TrackPointExtension>
            <ns3:hr>164</ns3:hr>
            <ns3:cad>88</ns3:cad>
          </ns3:TrackPointExtension>
        </extensions>
      </trkpt>
      <trkpt lat="29.99162427149713039398193359375" lon="120.2439895458519458770751953125">
        <ele>9.80000019073486328125</ele>
        <time>2026-07-25T12:21:52.000Z</time>
        <extensions>
          <ns3:TrackPointExtension>
            <ns3:hr>163</ns3:hr>
            <ns3:cad>88</ns3:cad>
          </ns3:TrackPointExtension>
        </extensions>
      </trkpt>
      <trkpt lat="29.991644136607646942138671875" lon="120.244007818400859832763671875">
        <ele>9.80000019073486328125</ele>
        <time>2026-07-25T12:21:53.000Z</time>
        <extensions>
          <ns3:TrackPointExtension>
            <ns3:hr>164</ns3:hr>
            <ns3:cad>88</ns3:cad>
          </ns3:TrackPointExtension>
        </extensions>
      </trkpt>
      <trkpt lat="29.99166601337492465972900390625" lon="120.24402064271271228790283203125">
        <ele>9.80000019073486328125</ele>
        <time>2026-07-25T12:21:54.000Z</time>
        <extensions>
          <ns3:TrackPointExtension>
            <ns3:hr>164</ns3:hr>
            <ns3:cad>87</ns3:cad>
          </ns3:TrackPointExtension>
        </extensions>
      </trkpt>
      <trkpt lat="29.99169342219829559326171875" lon="120.24403573013842105865478515625">
        <ele>10</ele>
        <time>2026-07-25T12:21:55.000Z</time>
        <extensions>
          <ns3:TrackPointExtension>
            <ns3:hr>164</ns3:hr>
            <ns3:cad>86</ns3:cad>
          </ns3:TrackPointExtension>
        </extensions>
      </trkpt>
      <trkpt lat="29.99171580187976360321044921875" lon="120.24404042400419712066650390625">
        <ele>10</ele>
        <time>2026-07-25T12:21:56.000Z</time>
        <extensions>
          <ns3:TrackPointExtension>
            <ns3:hr>164</ns3:hr>
            <ns3:cad>86</ns3:cad>
          </ns3:TrackPointExtension>
        </extensions>
      </trkpt>
      <trkpt lat="29.9917348287999629974365234375" lon="120.2440512366592884063720703125">
        <ele>10</ele>
        <time>2026-07-25T12:21:57.000Z</time>
        <extensions>
          <ns3:TrackPointExtension>
            <ns3:hr>164</ns3:hr>
            <ns3:cad>87</ns3:cad>
          </ns3:TrackPointExtension>
        </extensions>
      </trkpt>
      <trkpt lat="29.991753436625003814697265625" lon="120.24405785836279392242431640625">
        <ele>10</ele>
        <time>2026-07-25T12:21:58.000Z</time>
        <extensions>
          <ns3:TrackPointExtension>
            <ns3:hr>164</ns3:hr>
            <ns3:cad>87</ns3:cad>
          </ns3:TrackPointExtension>
        </extensions>
      </trkpt>
      <trkpt lat="29.99177766032516956329345703125" lon="120.2440773881971836090087890625">
        <ele>10</ele>
        <time>2026-07-25T12:21:59.000Z</time>
        <extensions>
          <ns3:TrackPointExtension>
            <ns3:hr>164</ns3:hr>
            <ns3:cad>87</ns3:cad>
          </ns3:TrackPointExtension>
        </extensions>
      </trkpt>
      <trkpt lat="29.99179174192249774932861328125" lon="120.2440887875854969024658203125">
        <ele>9.80000019073486328125</ele>
        <time>2026-07-25T12:22:00.000Z</time>
        <extensions>
          <ns3:TrackPointExtension>
            <ns3:hr>164</ns3:hr>
            <ns3:cad>87</ns3:cad>
          </ns3:TrackPointExtension>
        </extensions>
      </trkpt>
      <trkpt lat="29.99181571416556835174560546875" lon="120.24411116726696491241455078125">
        <ele>9.80000019073486328125</ele>
        <time>2026-07-25T12:22:01.000Z</time>
        <extensions>
          <ns3:TrackPointExtension>
            <ns3:hr>165</ns3:hr>
            <ns3:cad>87</ns3:cad>
          </ns3:TrackPointExtension>
        </extensions>
      </trkpt>
      <trkpt lat="29.99182887375354766845703125" lon="120.244121141731739044189453125">
        <ele>9.80000019073486328125</ele>
        <time>2026-07-25T12:22:02.000Z</time>
        <extensions>
          <ns3:TrackPointExtension>
            <ns3:hr>164</ns3:hr>
            <ns3:cad>87</ns3:cad>
          </ns3:TrackPointExtension>
        </extensions>
      </trkpt>
      <trkpt lat="29.9918525107204914093017578125" lon="120.24413983337581157684326171875">
        <ele>9.80000019073486328125</ele>
        <time>2026-07-25T12:22:03.000Z</time>
        <extensions>
          <ns3:TrackPointExtension>
            <ns3:hr>164</ns3:hr>
            <ns3:cad>87</ns3:cad>
          </ns3:TrackPointExtension>
        </extensions>
      </trkpt>
      <trkpt lat="29.99186835251748561859130859375" lon="120.2441524900496006011962890625">
        <ele>9.80000019073486328125</ele>
        <time>2026-07-25T12:22:04.000Z</time>
        <extensions>
          <ns3:TrackPointExtension>
            <ns3:hr>165</ns3:hr>
            <ns3:cad>89</ns3:cad>
          </ns3:TrackPointExtension>
        </extensions>
      </trkpt>
      <trkpt lat="29.99188964255154132843017578125" lon="120.24416682310402393341064453125">
        <ele>9.80000019073486328125</ele>
        <time>2026-07-25T12:22:05.000Z</time>
        <extensions>
          <ns3:TrackPointExtension>
            <ns3:hr>165</ns3:hr>
            <ns3:cad>89</ns3:cad>
          </ns3:TrackPointExtension>
        </extensions>
      </trkpt>
      <trkpt lat="29.99190506525337696075439453125" lon="120.24417855776846408843994140625">
        <ele>9.80000019073486328125</ele>
        <time>2026-07-25T12:22:06.000Z</time>
        <extensions>
          <ns3:TrackPointExtension>
            <ns3:hr>165</ns3:hr>
            <ns3:cad>89</ns3:cad>
          </ns3:TrackPointExtension>
        </extensions>
      </trkpt>
      <trkpt lat="29.991923756897449493408203125" lon="120.24419062770903110504150390625">
        <ele>9.80000019073486328125</ele>
        <time>2026-07-25T12:22:07.000Z</time>
        <extensions>
          <ns3:TrackPointExtension>
            <ns3:hr>165</ns3:hr>
            <ns3:cad>89</ns3:cad>
          </ns3:TrackPointExtension>
        </extensions>
      </trkpt>
      <trkpt lat="29.99193725176155567169189453125" lon="120.2442004345357418060302734375">
        <ele>9.80000019073486328125</ele>
        <time>2026-07-25T12:22:08.000Z</time>
        <extensions>
          <ns3:TrackPointExtension>
            <ns3:hr>165</ns3:hr>
            <ns3:cad>89</ns3:cad>
          </ns3:TrackPointExtension>
        </extensions>
      </trkpt>
      <trkpt lat="29.99195837415754795074462890625" lon="120.2442168630659580230712890625">
        <ele>9.80000019073486328125</ele>
        <time>2026-07-25T12:22:09.000Z</time>
        <extensions>
          <ns3:TrackPointExtension>
            <ns3:hr>165</ns3:hr>
            <ns3:cad>89</ns3:cad>
          </ns3:TrackPointExtension>
        </extensions>
      </trkpt>
      <trkpt lat="29.991976730525493621826171875" lon="120.2442269213497638702392578125">
        <ele>9.80000019073486328125</ele>
        <time>2026-07-25T12:22:10.000Z</time>
        <extensions>
          <ns3:TrackPointExtension>
            <ns3:hr>165</ns3:hr>
            <ns3:cad>89</ns3:cad>
          </ns3:TrackPointExtension>
        </extensions>
      </trkpt>
      <trkpt lat="29.99200011603534221649169921875" lon="120.24423890747129917144775390625">
        <ele>9.80000019073486328125</ele>
        <time>2026-07-25T12:22:11.000Z</time>
        <extensions>
          <ns3:TrackPointExtension>
            <ns3:hr>165</ns3:hr>
            <ns3:cad>89</ns3:cad>
          </ns3:TrackPointExtension>
        </extensions>
      </trkpt>
      <trkpt lat="29.99202090315520763397216796875" lon="120.2442557550966739654541015625">
        <ele>9.80000019073486328125</ele>
        <time>2026-07-25T12:22:12.000Z</time>
        <extensions>
          <ns3:TrackPointExtension>
            <ns3:hr>165</ns3:hr>
            <ns3:cad>89</ns3:cad>
          </ns3:TrackPointExtension>
        </extensions>
      </trkpt>
      <trkpt lat="29.99204386956989765167236328125" lon="120.244267992675304412841796875">
        <ele>10</ele>
        <time>2026-07-25T12:22:13.000Z</time>
        <extensions>
          <ns3:TrackPointExtension>
            <ns3:hr>165</ns3:hr>
            <ns3:cad>88</ns3:cad>
          </ns3:TrackPointExtension>
        </extensions>
      </trkpt>
      <trkpt lat="29.9920642375946044921875" lon="120.24428316392004489898681640625">
        <ele>10</ele>
        <time>2026-07-25T12:22:14.000Z</time>
        <extensions>
          <ns3:TrackPointExtension>
            <ns3:hr>165</ns3:hr>
            <ns3:cad>88</ns3:cad>
          </ns3:TrackPointExtension>
        </extensions>
      </trkpt>
      <trkpt lat="29.9920801632106304168701171875" lon="120.2442906238138675689697265625">
        <ele>10</ele>
        <time>2026-07-25T12:22:15.000Z</time>
        <extensions>
          <ns3:TrackPointExtension>
            <ns3:hr>165</ns3:hr>
            <ns3:cad>88</ns3:cad>
          </ns3:TrackPointExtension>
        </extensions>
      </trkpt>
      <trkpt lat="29.99210136942565441131591796875" lon="120.24430252611637115478515625">
        <ele>10</ele>
        <time>2026-07-25T12:22:16.000Z</time>
        <extensions>
          <ns3:TrackPointExtension>
            <ns3:hr>166</ns3:hr>
            <ns3:cad>88</ns3:cad>
          </ns3:TrackPointExtension>
        </extensions>
      </trkpt>
      <trkpt lat="29.99211662448942661285400390625" lon="120.24430923163890838623046875">
        <ele>10</ele>
        <time>2026-07-25T12:22:17.000Z</time>
        <extensions>
          <ns3:TrackPointExtension>
            <ns3:hr>165</ns3:hr>
            <ns3:cad>88</ns3:cad>
          </ns3:TrackPointExtension>
        </extensions>
      </trkpt>
      <trkpt lat="29.99213623814284801483154296875" lon="120.2443231455981731414794921875">
        <ele>10</ele>
        <time>2026-07-25T12:22:18.000Z</time>
        <extensions>
          <ns3:TrackPointExtension>
            <ns3:hr>165</ns3:hr>
            <ns3:cad>88</ns3:cad>
          </ns3:TrackPointExtension>
        </extensions>
      </trkpt>
      <trkpt lat="29.99214914627373218536376953125" lon="120.24433613754808902740478515625">
        <ele>10</ele>
        <time>2026-07-25T12:22:19.000Z</time>
        <extensions>
          <ns3:TrackPointExtension>
            <ns3:hr>165</ns3:hr>
            <ns3:cad>88</ns3:cad>
          </ns3:TrackPointExtension>
        </extensions>
      </trkpt>
      <trkpt lat="29.9921686761081218719482421875" lon="120.24435172788798809051513671875">
        <ele>10</ele>
        <time>2026-07-25T12:22:20.000Z</time>
        <extensions>
          <ns3:TrackPointExtension>
            <ns3:hr>165</ns3:hr>
            <ns3:cad>88</ns3:cad>
          </ns3:TrackPointExtension>
        </extensions>
      </trkpt>
      <trkpt lat="29.9921827577054500579833984375" lon="120.244358517229557037353515625">
        <ele>10</ele>
        <time>2026-07-25T12:22:21.000Z</time>
        <extensions>
          <ns3:TrackPointExtension>
            <ns3:hr>165</ns3:hr>
            <ns3:cad>88</ns3:cad>
          </ns3:TrackPointExtension>
        </extensions>
      </trkpt>
      <trkpt lat="29.99220346100628376007080078125" lon="120.244376622140407562255859375">
        <ele>10.19999980926513671875</ele>
        <time>2026-07-25T12:22:22.000Z</time>
        <extensions>
          <ns3:TrackPointExtension>
            <ns3:hr>165</ns3:hr>
            <ns3:cad>88</ns3:cad>
          </ns3:TrackPointExtension>
        </extensions>
      </trkpt>
      <trkpt lat="29.99222123064100742340087890625" lon="120.24439095519483089447021484375">
        <ele>10.19999980926513671875</ele>
        <time>2026-07-25T12:22:23.000Z</time>
        <extensions>
          <ns3:TrackPointExtension>
            <ns3:hr>165</ns3:hr>
            <ns3:cad>88</ns3:cad>
          </ns3:TrackPointExtension>
        </extensions>
      </trkpt>
      <trkpt lat="29.992240257561206817626953125" lon="120.24439447559416294097900390625">
        <ele>10.19999980926513671875</ele>
        <time>2026-07-25T12:22:24.000Z</time>
        <extensions>
          <ns3:TrackPointExtension>
            <ns3:hr>165</ns3:hr>
            <ns3:cad>89</ns3:cad>
          </ns3:TrackPointExtension>
        </extensions>
      </trkpt>
      <trkpt lat="29.9922524951398372650146484375" lon="120.24438743479549884796142578125">
        <ele>10.19999980926513671875</ele>
        <time>2026-07-25T12:22:25.000Z</time>
        <extensions>
          <ns3:TrackPointExtension>
            <ns3:hr>165</ns3:hr>
            <ns3:cad>89</ns3:cad>
          </ns3:TrackPointExtension>
        </extensions>
      </trkpt>
      <trkpt lat="29.9922484718263149261474609375" lon="120.24437720887362957000732421875">
        <ele>10</ele>
        <time>2026-07-25T12:22:26.000Z</time>
        <extensions>
          <ns3:TrackPointExtension>
            <ns3:hr>165</ns3:hr>
            <ns3:cad>89</ns3:cad>
          </ns3:TrackPointExtension>
        </extensions>
      </trkpt>
      <trkpt lat="29.99223732389509677886962890625" lon="120.24435759522020816802978515625">
        <ele>10</ele>
        <time>2026-07-25T12:22:27.000Z</time>
        <extensions>
          <ns3:TrackPointExtension>
            <ns3:hr>165</ns3:hr>
            <ns3:cad>88</ns3:cad>
          </ns3:TrackPointExtension>
        </extensions>
      </trkpt>
      <trkpt lat="29.99222558923065662384033203125" lon="120.24435055442154407501220703125">
        <ele>10</ele>
        <time>2026-07-25T12:22:28.000Z</time>
        <extensions>
          <ns3:TrackPointExtension>
            <ns3:hr>165</ns3:hr>
            <ns3:cad>86</ns3:cad>
          </ns3:TrackPointExtension>
        </extensions>
      </trkpt>
      <trkpt lat="29.99220438301563262939453125" lon="120.244334377348423004150390625">
        <ele>10</ele>
        <time>2026-07-25T12:22:29.000Z</time>
        <extensions>
          <ns3:TrackPointExtension>
            <ns3:hr>165</ns3:hr>
            <ns3:cad>85</ns3:cad>
          </ns3:TrackPointExtension>
        </extensions>
      </trkpt>
      <trkpt lat="29.99219004996120929718017578125" lon="120.2443261630833148956298828125">
        <ele>10</ele>
        <time>2026-07-25T12:22:30.000Z</time>
        <extensions>
          <ns3:TrackPointExtension>
            <ns3:hr>164</ns3:hr>
            <ns3:cad>84</ns3:cad>
          </ns3:TrackPointExtension>
        </extensions>
      </trkpt>
      <trkpt lat="29.99216725118458271026611328125" lon="120.244315601885318756103515625">
        <ele>10.19999980926513671875</ele>
        <time>2026-07-25T12:22:31.000Z</time>
        <extensions>
          <ns3:TrackPointExtension>
            <ns3:hr>165</ns3:hr>
            <ns3:cad>84</ns3:cad>
          </ns3:TrackPointExtension>
        </extensions>
      </trkpt>
      <trkpt lat="29.9921460449695587158203125" lon="120.24430143646895885467529296875">
        <ele>10.19999980926513671875</ele>
        <time>2026-07-25T12:22:32.000Z</time>
        <extensions>
          <ns3:TrackPointExtension>
            <ns3:hr>165</ns3:hr>
            <ns3:cad>84</ns3:cad>
          </ns3:TrackPointExtension>
        </extensions>
      </trkpt>
      <trkpt lat="29.99212400056421756744384765625" lon="120.24429020471870899200439453125">
        <ele>10.19999980926513671875</ele>
        <time>2026-07-25T12:22:33.000Z</time>
        <extensions>
          <ns3:TrackPointExtension>
            <ns3:hr>165</ns3:hr>
            <ns3:cad>86</ns3:cad>
          </ns3:TrackPointExtension>
        </extensions>
      </trkpt>
      <trkpt lat="29.9921046383678913116455078125" lon="120.244275033473968505859375">
        <ele>10.19999980926513671875</ele>
        <time>2026-07-25T12:22:34.000Z</time>
        <extensions>
          <ns3:TrackPointExtension>
            <ns3:hr>165</ns3:hr>
            <ns3:cad>86</ns3:cad>
          </ns3:TrackPointExtension>
        </extensions>
      </trkpt>
      <trkpt lat="29.99208862893283367156982421875" lon="120.24426572956144809722900390625">
        <ele>10.19999980926513671875</ele>
        <time>2026-07-25T12:22:35.000Z</time>
        <extensions>
          <ns3:TrackPointExtension>
            <ns3:hr>165</ns3:hr>
            <ns3:cad>87</ns3:cad>
          </ns3:TrackPointExtension>
        </extensions>
      </trkpt>
      <trkpt lat="29.99206633307039737701416015625" lon="120.24425089359283447265625">
        <ele>10.19999980926513671875</ele>
        <time>2026-07-25T12:22:36.000Z</time>
        <extensions>
          <ns3:TrackPointExtension>
            <ns3:hr>165</ns3:hr>
            <ns3:cad>87</ns3:cad>
          </ns3:TrackPointExtension>
        </extensions>
      </trkpt>
      <trkpt lat="29.9920486472547054290771484375" lon="120.24424527771770954132080078125">
        <ele>10.19999980926513671875</ele>
        <time>2026-07-25T12:22:37.000Z</time>
        <extensions>
          <ns3:TrackPointExtension>
            <ns3:hr>165</ns3:hr>
            <ns3:cad>87</ns3:cad>
          </ns3:TrackPointExtension>
        </extensions>
      </trkpt>
      <trkpt lat="29.99202291481196880340576171875" lon="120.24423538707196712493896484375">
        <ele>10.19999980926513671875</ele>
        <time>2026-07-25T12:22:38.000Z</time>
        <extensions>
          <ns3:TrackPointExtension>
            <ns3:hr>165</ns3:hr>
            <ns3:cad>87</ns3:cad>
          </ns3:TrackPointExtension>
        </extensions>
      </trkpt>
      <trkpt lat="29.99200866557657718658447265625" lon="120.2442279271781444549560546875">
        <ele>10.19999980926513671875</ele>
        <time>2026-07-25T12:22:39.000Z</time>
        <extensions>
          <ns3:TrackPointExtension>
            <ns3:hr>165</ns3:hr>
            <ns3:cad>88</ns3:cad>
          </ns3:TrackPointExtension>
        </extensions>
      </trkpt>
      <trkpt lat="29.99198720790445804595947265625" lon="120.24421359412372112274169921875">
        <ele>10.19999980926513671875</ele>
        <time>2026-07-25T12:22:40.000Z</time>
        <extensions>
          <ns3:TrackPointExtension>
            <ns3:hr>164</ns3:hr>
            <ns3:cad>88</ns3:cad>
          </ns3:TrackPointExtension>
        </extensions>
      </trkpt>
      <trkpt lat="29.9919752217829227447509765625" lon="120.244204290211200714111328125">
        <ele>10.19999980926513671875</ele>
        <time>2026-07-25T12:22:41.000Z</time>
        <extensions>
          <ns3:TrackPointExtension>
            <ns3:hr>164</ns3:hr>
            <ns3:cad>88</ns3:cad>
          </ns3:TrackPointExtension>
        </extensions>
      </trkpt>
      <trkpt lat="29.99195468612015247344970703125" lon="120.24418727494776248931884765625">
        <ele>10.19999980926513671875</ele>
        <time>2026-07-25T12:22:42.000Z</time>
        <extensions>
          <ns3:TrackPointExtension>
            <ns3:hr>165</ns3:hr>
            <ns3:cad>88</ns3:cad>
          </ns3:TrackPointExtension>
        </extensions>
      </trkpt>
      <trkpt lat="29.99194261617958545684814453125" lon="120.2441722713410854339599609375">
        <ele>10.19999980926513671875</ele>
        <time>2026-07-25T12:22:43.000Z</time>
        <extensions>
          <ns3:TrackPointExtension>
            <ns3:hr>165</ns3:hr>
            <ns3:cad>88</ns3:cad>
          </ns3:TrackPointExtension>
        </extensions>
      </trkpt>
      <trkpt lat="29.99192417599260807037353515625" lon="120.24415894411504268646240234375">
        <ele>10</ele>
        <time>2026-07-25T12:22:44.000Z</time>
        <extensions>
          <ns3:TrackPointExtension>
            <ns3:hr>165</ns3:hr>
            <ns3:cad>88</ns3:cad>
          </ns3:TrackPointExtension>
        </extensions>
      </trkpt>
      <trkpt lat="29.991909675300121307373046875" lon="120.2441481314599514007568359375">
        <ele>10</ele>
        <time>2026-07-25T12:22:45.000Z</time>
        <extensions>
          <ns3:TrackPointExtension>
            <ns3:hr>165</ns3:hr>
            <ns3:cad>88</ns3:cad>
          </ns3:TrackPointExtension>
        </extensions>
      </trkpt>
      <trkpt lat="29.99189232476055622100830078125" lon="120.2441394142806529998779296875">
        <ele>10</ele>
        <time>2026-07-25T12:22:46.000Z</time>
        <extensions>
          <ns3:TrackPointExtension>
            <ns3:hr>165</ns3:hr>
            <ns3:cad>89</ns3:cad>
          </ns3:TrackPointExtension>
        </extensions>
      </trkpt>
      <trkpt lat="29.99187807552516460418701171875" lon="120.24412910453975200653076171875">
        <ele>10</ele>
        <time>2026-07-25T12:22:47.000Z</time>
        <extensions>
          <ns3:TrackPointExtension>
            <ns3:hr>165</ns3:hr>
            <ns3:cad>89</ns3:cad>
          </ns3:TrackPointExtension>
        </extensions>
      </trkpt>
      <trkpt lat="29.99185829423367977142333984375" lon="120.24411871097981929779052734375">
        <ele>10</ele>
        <time>2026-07-25T12:22:48.000Z</time>
        <extensions>
          <ns3:TrackPointExtension>
            <ns3:hr>165</ns3:hr>
            <ns3:cad>89</ns3:cad>
          </ns3:TrackPointExtension>
        </extensions>
      </trkpt>
      <trkpt lat="29.9918421171605587005615234375" lon="120.24410613812506198883056640625">
        <ele>10.19999980926513671875</ele>
        <time>2026-07-25T12:22:49.000Z</time>
        <extensions>
          <ns3:TrackPointExtension>
            <ns3:hr>165</ns3:hr>
            <ns3:cad>89</ns3:cad>
          </ns3:TrackPointExtension>
        </extensions>
      </trkpt>
      <trkpt lat="29.99182292260229587554931640625" lon="120.24409465491771697998046875">
        <ele>10.19999980926513671875</ele>
        <time>2026-07-25T12:22:50.000Z</time>
        <extensions>
          <ns3:TrackPointExtension>
            <ns3:hr>165</ns3:hr>
            <ns3:cad>87</ns3:cad>
          </ns3:TrackPointExtension>
        </extensions>
      </trkpt>
      <trkpt lat="29.9918015487492084503173828125" lon="120.2440797351300716400146484375">
        <ele>10.19999980926513671875</ele>
        <time>2026-07-25T12:22:51.000Z</time>
        <extensions>
          <ns3:TrackPointExtension>
            <ns3:hr>165</ns3:hr>
            <ns3:cad>87</ns3:cad>
          </ns3:TrackPointExtension>
        </extensions>
      </trkpt>
      <trkpt lat="29.99178101308643817901611328125" lon="120.2440686710178852081298828125">
        <ele>10.3999996185302734375</ele>
        <time>2026-07-25T12:22:52.000Z</time>
        <extensions>
          <ns3:TrackPointExtension>
            <ns3:hr>165</ns3:hr>
            <ns3:cad>87</ns3:cad>
          </ns3:TrackPointExtension>
        </extensions>
      </trkpt>
      <trkpt lat="29.991764836013317108154296875" lon="120.2440596185624599456787109375">
        <ele>10.19999980926513671875</ele>
        <time>2026-07-25T12:22:53.000Z</time>
        <extensions>
          <ns3:TrackPointExtension>
            <ns3:hr>164</ns3:hr>
            <ns3:cad>87</ns3:cad>
          </ns3:TrackPointExtension>
        </extensions>
      </trkpt>
      <trkpt lat="29.99175108969211578369140625" lon="120.24405484087765216827392578125">
        <ele>10.19999980926513671875</ele>
        <time>2026-07-25T12:22:54.000Z</time>
        <extensions>
          <ns3:TrackPointExtension>
            <ns3:hr>164</ns3:hr>
            <ns3:cad>87</ns3:cad>
          </ns3:TrackPointExtension>
        </extensions>
      </trkpt>
      <trkpt lat="29.99174279160797595977783203125" lon="120.24405039846897125244140625">
        <ele>10</ele>
        <time>2026-07-25T12:22:55.000Z</time>
        <extensions>
          <ns3:TrackPointExtension>
            <ns3:hr>164</ns3:hr>
            <ns3:cad>87</ns3:cad>
          </ns3:TrackPointExtension>
        </extensions>
      </trkpt>
      <trkpt lat="29.991731978952884674072265625" lon="120.2440430223941802978515625">
        <ele>10</ele>
        <time>2026-07-25T12:22:56.000Z</time>
        <extensions>
          <ns3:TrackPointExtension>
            <ns3:hr>164</ns3:hr>
            <ns3:cad>87</ns3:cad>
          </ns3:TrackPointExtension>
        </extensions>
      </trkpt>
      <trkpt lat="29.99172535724937915802001953125" lon="120.24403908289968967437744140625">
        <ele>9.80000019073486328125</ele>
        <time>2026-07-25T12:22:57.000Z</time>
        <extensions>
          <ns3:TrackPointExtension>
            <ns3:hr>164</ns3:hr>
            <ns3:cad>87</ns3:cad>
          </ns3:TrackPointExtension>
        </extensions>
      </trkpt>
      <trkpt lat="29.99171848408877849578857421875" lon="120.24403422139585018157958984375">
        <ele>9.80000019073486328125</ele>
        <time>2026-07-25T12:22:58.000Z</time>
        <extensions>
          <ns3:TrackPointExtension>
            <ns3:hr>164</ns3:hr>
            <ns3:cad>87</ns3:cad>
          </ns3:TrackPointExtension>
        </extensions>
      </trkpt>
      <trkpt lat="29.9917096830904483795166015625" lon="120.2440294437110424041748046875">
        <ele>9.80000019073486328125</ele>
        <time>2026-07-25T12:22:59.000Z</time>
        <extensions>
          <ns3:TrackPointExtension>
            <ns3:hr>163</ns3:hr>
            <ns3:cad>87</ns3:cad>
          </ns3:TrackPointExtension>
        </extensions>
      </trkpt>
      <trkpt lat="29.99170104973018169403076171875" lon="120.2440254203975200653076171875">
        <ele>9.80000019073486328125</ele>
        <time>2026-07-25T12:23:00.000Z</time>
        <extensions>
          <ns3:TrackPointExtension>
            <ns3:hr>163</ns3:hr>
            <ns3:cad>87</ns3:cad>
          </ns3:TrackPointExtension>
        </extensions>
      </trkpt>
      <trkpt lat="29.99168914742767810821533203125" lon="120.24401360191404819488525390625">
        <ele>10</ele>
        <time>2026-07-25T12:23:01.000Z</time>
        <extensions>
          <ns3:TrackPointExtension>
            <ns3:hr>163</ns3:hr>
            <ns3:cad>87</ns3:cad>
          </ns3:TrackPointExtension>
        </extensions>
      </trkpt>
      <trkpt lat="29.991681016981601715087890625" lon="120.244008488953113555908203125">
        <ele>10</ele>
        <time>2026-07-25T12:23:02.000Z</time>
        <extensions>
          <ns3:TrackPointExtension>
            <ns3:hr>163</ns3:hr>
            <ns3:cad>0</ns3:cad>
          </ns3:TrackPointExtension>
        </extensions>
      </trkpt>
      <trkpt lat="29.99167037196457386016845703125" lon="120.244003124535083770751953125">
        <ele>10.19999980926513671875</ele>
        <time>2026-07-25T12:23:03.000Z</time>
        <extensions>
          <ns3:TrackPointExtension>
            <ns3:hr>163</ns3:hr>
            <ns3:cad>0</ns3:cad>
          </ns3:TrackPointExtension>
        </extensions>
      </trkpt>
    </trkseg>
  </trk>
</gpx>
